ranking_name,days,horizon,n_obs,avg_return_pct,avg_excess_pct,win_rate_pct,median_excess_pct,benchmark,state
big_holder_increase,5,5,600,0.31,-0.27,47.5,-0.74,TAIEX,ready
big_holder_increase,5,20,450,2.73,-0.69,39.3,-3.43,TAIEX,ready
big_holder_increase,5,60,50,-6.49,-12.79,24.0,-23.76,TAIEX,accumulating
big_holder_increase,20,5,600,0.09,-0.5,43.3,-1.35,TAIEX,ready
big_holder_increase,20,20,450,2.48,-0.94,35.8,-4.97,TAIEX,ready
big_holder_increase,20,60,50,-4.4,-10.69,20.0,-23.91,TAIEX,accumulating
chip_score,5,5,600,0.05,-0.54,41.0,-0.97,TAIEX,ready
chip_score,5,20,450,1.07,-2.34,34.9,-3.84,TAIEX,ready
chip_score,5,60,50,-2.51,-8.8,16.0,-9.48,TAIEX,accumulating
chip_score,20,5,600,-0.14,-0.73,39.8,-1.04,TAIEX,ready
chip_score,20,20,450,1.03,-2.39,34.2,-2.83,TAIEX,ready
chip_score,20,60,50,-3.7,-10.0,24.0,-11.56,TAIEX,accumulating
foreign_5d_revenue_growth,5,5,600,0.57,-0.01,43.2,-0.85,TAIEX,ready
foreign_5d_revenue_growth,5,20,450,2.02,-1.4,37.8,-2.88,TAIEX,ready
foreign_5d_revenue_growth,5,60,50,-6.21,-12.51,14.0,-13.31,TAIEX,accumulating
foreign_buy,5,5,600,0.83,0.24,49.7,-0.02,TAIEX,ready
foreign_buy,5,20,446,0.96,-2.41,34.5,-3.26,TAIEX,ready
foreign_buy,5,60,50,6.97,0.68,46.0,-2.4,TAIEX,accumulating
foreign_buy,20,5,597,-0.42,-1.01,39.9,-1.4,TAIEX,ready
foreign_buy,20,20,435,-0.62,-3.95,28.0,-3.91,TAIEX,ready
foreign_buy,20,60,50,3.55,-2.75,36.0,-4.44,TAIEX,accumulating
foreign_day_buy,5,5,358,1.51,0.37,45.5,-0.61,TAIEX,ready
foreign_day_buy,5,20,208,3.8,-0.21,40.9,-2.3,TAIEX,ready
foreign_day_buy,20,5,358,1.51,0.37,45.5,-0.61,TAIEX,ready
foreign_day_buy,20,20,208,3.8,-0.21,40.9,-2.3,TAIEX,ready
foreign_day_sell,5,5,359,2.32,1.19,53.2,0.54,TAIEX,ready
foreign_day_sell,5,20,210,7.17,3.17,52.9,0.48,TAIEX,ready
foreign_day_sell,20,5,359,2.32,1.19,53.2,0.54,TAIEX,ready
foreign_day_sell,20,20,210,7.17,3.17,52.9,0.48,TAIEX,ready
foreign_streak_buy,5,5,359,0.82,-0.31,43.5,-0.87,TAIEX,ready
foreign_streak_buy,5,20,208,1.12,-2.86,33.2,-3.35,TAIEX,ready
foreign_streak_buy,20,5,357,0.79,-0.32,43.7,-1.16,TAIEX,ready
foreign_streak_buy,20,20,208,-0.89,-4.88,29.8,-5.31,TAIEX,ready
foreign_trust_same_buy,5,5,600,0.74,0.16,48.7,-0.2,TAIEX,ready
foreign_trust_same_buy,5,20,450,0.35,-3.07,34.2,-3.38,TAIEX,ready
foreign_trust_same_buy,5,60,50,3.47,-2.83,34.0,-5.51,TAIEX,accumulating
foreign_trust_same_buy,20,5,600,-0.18,-0.76,41.2,-1.06,TAIEX,ready
foreign_trust_same_buy,20,20,450,0.3,-3.12,28.9,-3.68,TAIEX,ready
foreign_trust_same_buy,20,60,50,12.13,5.83,56.0,2.39,TAIEX,accumulating
high_52w_inst_buy,5,5,581,0.28,-0.17,43.0,-1.44,TAIEX,ready
high_52w_inst_buy,5,20,427,-2.98,-6.09,27.6,-7.64,TAIEX,ready
high_52w_inst_buy,5,60,50,-8.85,-15.15,24.0,-17.51,TAIEX,accumulating
high_52w_inst_buy,20,5,591,0.21,-0.33,42.0,-1.7,TAIEX,ready
high_52w_inst_buy,20,20,439,-1.55,-4.83,28.7,-7.64,TAIEX,ready
high_52w_inst_buy,20,60,50,-5.83,-12.13,32.0,-15.88,TAIEX,accumulating
inst_buy,5,5,600,0.5,-0.08,48.2,-0.13,TAIEX,ready
inst_buy,5,20,446,1.3,-2.07,35.2,-2.96,TAIEX,ready
inst_buy,5,60,50,9.29,2.99,56.0,2.63,TAIEX,accumulating
inst_buy,20,5,598,0.17,-0.42,44.5,-0.8,TAIEX,ready
inst_buy,20,20,438,0.75,-2.58,29.9,-3.43,TAIEX,ready
inst_buy,20,60,50,9.78,3.49,56.0,2.63,TAIEX,accumulating
inst_buy_volume,5,5,575,-0.31,-0.9,40.7,-1.07,TAIEX,ready
inst_buy_volume,5,20,432,-0.37,-3.84,26.2,-4.39,TAIEX,ready
inst_buy_volume,5,60,47,-0.85,-7.23,21.3,-7.16,TAIEX,accumulating
inst_buy_volume,20,5,585,-0.25,-0.83,37.9,-1.5,TAIEX,ready
inst_buy_volume,20,20,426,0.25,-3.27,28.6,-4.25,TAIEX,ready
inst_buy_volume,20,60,45,8.46,2.17,46.7,-0.94,TAIEX,accumulating
margin_down_foreign_buy,5,5,598,0.6,0.02,48.2,-0.22,TAIEX,ready
margin_down_foreign_buy,5,20,442,0.73,-2.64,30.8,-3.68,TAIEX,ready
margin_down_foreign_buy,5,60,48,1.77,-4.4,31.2,-7.85,TAIEX,accumulating
margin_down_foreign_buy,20,5,596,-0.29,-0.89,39.1,-1.47,TAIEX,ready
margin_down_foreign_buy,20,20,435,-0.22,-3.6,28.0,-3.92,TAIEX,ready
margin_down_foreign_buy,20,60,50,0.15,-6.15,24.0,-7.69,TAIEX,accumulating
mispriced_value,5,5,429,1.45,-0.39,37.1,-1.38,TAIEX,ready
mispriced_value,5,20,280,1.68,-3.4,22.1,-5.58,TAIEX,ready
mispriced_value,20,5,430,1.1,-0.74,36.5,-1.38,TAIEX,ready
mispriced_value,20,20,280,1.84,-3.24,22.5,-5.49,TAIEX,ready
momentum_inst_buy,5,5,598,0.41,-0.17,45.7,-1.14,TAIEX,ready
momentum_inst_buy,5,20,448,-1.26,-4.67,33.3,-7.42,TAIEX,ready
momentum_inst_buy,5,60,48,-1.76,-8.19,37.5,-11.39,TAIEX,accumulating
momentum_inst_buy,20,5,598,-0.14,-0.72,35.8,-1.83,TAIEX,ready
momentum_inst_buy,20,20,449,-0.24,-3.64,29.4,-6.31,TAIEX,ready
momentum_inst_buy,20,60,50,-3.6,-9.9,32.0,-9.28,TAIEX,accumulating
multifactor_score,5,5,600,-0.23,-0.81,40.8,-1.16,TAIEX,ready
multifactor_score,5,20,450,0.26,-3.16,34.2,-4.59,TAIEX,ready
multifactor_score,5,60,50,0.03,-6.26,34.0,-6.3,TAIEX,accumulating
multifactor_score,20,5,599,-1.07,-1.65,37.9,-1.7,TAIEX,ready
multifactor_score,20,20,449,-0.67,-4.09,35.0,-4.1,TAIEX,ready
multifactor_score,20,60,50,-6.95,-13.24,22.0,-9.38,TAIEX,accumulating
near_avg_with_inst_buy,5,5,600,0.32,-0.27,40.7,-0.91,TAIEX,ready
near_avg_with_inst_buy,5,20,450,1.08,-2.34,31.8,-3.9,TAIEX,ready
near_avg_with_inst_buy,5,60,50,-2.61,-8.91,20.0,-10.88,TAIEX,accumulating
near_avg_with_inst_buy,20,5,598,-0.53,-1.12,36.0,-1.49,TAIEX,ready
near_avg_with_inst_buy,20,20,449,0.49,-2.96,29.4,-3.6,TAIEX,ready
near_avg_with_inst_buy,20,60,50,-6.14,-12.43,8.0,-12.21,TAIEX,accumulating
revenue_volume_breakout,5,5,594,-1.52,-2.11,38.7,-1.69,TAIEX,ready
revenue_volume_breakout,5,20,443,-1.64,-5.05,26.9,-5.76,TAIEX,ready
revenue_volume_breakout,5,60,49,-3.68,-10.06,20.4,-14.94,TAIEX,accumulating
revenue_volume_breakout,20,5,590,-1.18,-1.76,37.3,-2.25,TAIEX,ready
revenue_volume_breakout,20,20,442,-1.14,-4.54,27.1,-5.41,TAIEX,ready
revenue_volume_breakout,20,60,50,-0.85,-7.14,32.0,-13.2,TAIEX,accumulating
selection_score,5,5,600,0.42,-0.17,43.2,-0.75,TAIEX,ready
selection_score,5,20,450,1.5,-1.92,34.9,-3.63,TAIEX,ready
selection_score,5,60,50,-1.4,-7.69,24.0,-9.48,TAIEX,accumulating
selection_score,20,5,600,-0.44,-1.03,38.3,-1.35,TAIEX,ready
selection_score,20,20,450,1.06,-2.36,35.6,-2.73,TAIEX,ready
selection_score,20,60,50,-5.41,-11.71,20.0,-12.22,TAIEX,accumulating
total_score,5,5,600,0.42,-0.17,43.2,-0.75,TAIEX,ready
total_score,5,20,450,1.5,-1.92,34.9,-3.63,TAIEX,ready
total_score,5,60,50,-1.4,-7.69,24.0,-9.48,TAIEX,accumulating
total_score,20,5,600,-0.44,-1.03,38.3,-1.35,TAIEX,ready
total_score,20,20,450,1.06,-2.36,35.6,-2.73,TAIEX,ready
total_score,20,60,50,-5.41,-11.71,20.0,-12.22,TAIEX,accumulating
trust_buy,5,5,600,0.21,-0.37,43.7,-0.95,TAIEX,ready
trust_buy,5,20,450,4.45,1.03,49.8,-0.12,TAIEX,ready
trust_buy,5,60,50,6.09,-0.21,54.0,1.16,TAIEX,accumulating
trust_buy,20,5,600,1.45,0.86,54.0,0.53,TAIEX,ready
trust_buy,20,20,450,6.58,3.16,57.1,2.47,TAIEX,ready
trust_buy,20,60,50,14.94,8.64,66.0,4.88,TAIEX,accumulating
value_dividend,5,5,600,-0.25,-0.84,39.5,-1.04,TAIEX,ready
value_dividend,5,20,450,-0.11,-3.53,27.3,-4.39,TAIEX,ready
value_dividend,5,60,50,-8.49,-14.78,14.0,-15.91,TAIEX,accumulating
value_dividend,20,5,600,-0.25,-0.84,40.8,-0.89,TAIEX,ready
value_dividend,20,20,450,-0.5,-3.92,26.9,-4.43,TAIEX,ready
value_dividend,20,60,50,-10.6,-16.9,6.0,-19.46,TAIEX,accumulating
volume_expansion,5,5,583,0.36,-0.23,40.5,-1.41,TAIEX,ready
volume_expansion,5,20,437,-0.67,-4.07,27.5,-5.45,TAIEX,ready
volume_expansion,5,60,49,-9.63,-15.92,12.2,-14.86,TAIEX,accumulating
volume_expansion,20,5,590,-2.13,-2.74,35.3,-2.48,TAIEX,ready
volume_expansion,20,20,438,-3.41,-6.84,26.5,-6.7,TAIEX,ready
volume_expansion,20,60,47,-11.18,-17.39,12.8,-15.88,TAIEX,accumulating
