latest_date,stock_id,name,market,industry,sub_industry,observed_days,close,pe_ratio,dividend_yield,pb_ratio,period_return_pct,rsi14,volatility_pct,close_vs_high_pct,close_vs_low_pct,avg_turnover_100m,momentum_score,history_days,return_6m_pct,return_12m_pct,rs_6m_pct,rs_12m_pct,close_vs_52w_high_pct,close_vs_52w_low_pct,close_vs_ma60_pct,close_vs_ma240_pct,long_momentum_score,valuation_score,disp_date,big_holder_pct,big_holder_change_1w,big_holder_change_4w,holder_400_pct,retail_pct,retail_change_1w,dispersion_score,fin_quarter,gross_margin_pct,operating_margin_pct,net_margin_pct,gross_margin_streak,eps_ttm,pe_ttm,pe_percentile,pe_median_1y,pe_vs_median_pct,eps_single_q,eps_yoy_pct,operating_margin_yoy_pt,mispriced_score,mispriced_earnings_score,mispriced_cheap_score,mispriced_trap_penalty,mispriced_cyclical_peak,eps_ttm_at_high,mispriced_reason,fundamental_score,multifactor_score,5d_avg_price,close_vs_avg_pct,5d_volume_lot,latest_volume_lot,volume_avg_lot,volume_5d_avg_lot,volume_ratio_1d,volume_ratio_5d,volume_score,volume_signal,5d_foreign_net_lot,5d_trust_net_lot,5d_inst_net_lot,foreign_net_volume_pct,trust_net_volume_pct,foreign_buy_streak,foreign_sell_streak,trust_buy_streak,trust_sell_streak,latest_foreign_net_lot,latest_trust_net_lot,top_buy_branch_name,top_buy_branch_net_lot,top_buy_branch_avg_price,top_buy_branch_est_cost,branch_buy_streak,branch_streak_broker,top_buy_is_day_trader,top_sell_branch_name,top_sell_branch_net_lot,top_sell_branch_avg_price,branch_score,chip_score,margin_balance_change_lot,short_balance_change_lot,margin_score,base_score,branch_status,confluence_score,complete_chip_score,confluence_inst_score,confluence_branch_score,confluence_price_score,confluence_streak_score,confluence_direction_score,revenue_momentum_score,selection_score,revenue_month,revenue_mom_pct,revenue_yoy_pct,revenue_cumulative_yoy_pct,inst_net_volume_pct,top_buy_branch_volume_pct,close_vs_top_buy_avg_pct,selection_reason,base_reason,total_score
2026-10-08,3661,世芯-KY,TWSE,半導體業,矽智財,5,4345.0,63.73,0.75,6.21,14.04,,,-3.01,15.41,139.783,8.42,252,25.04,28.93,-7.77,-54.23,-22.96,75.2,16.41,18.79,5.57,-3.5,2026-10-08,8.67,-1.09,-4.06,35.53,44.98,-1.94,-5.5,2026Q1,50.18,32.66,34.1,3,68.6,63.34,89.7,48.6,31.1,17.55,-3.2,18.41,5.0,6.0,-1.0,0.0,0,0,毛利率連 3 季升、月營收年增 274%、PE 63.7（一年 90% 分位）、距 52 週高點 -23%,8.0,107.03,4137.6252,5.01,16891.71,4922.97,3378.34,3378.34,1.46,1.0,8.49,正常,1289.75,1767.0,3056.75,7.64,10.46,5,0,5,0,72.71,773.0,,,,,,,0,,,,0.0,74.77,44,15,-0.16,89.8,未取得,0.0,89.8,0.0,0.0,0.0,0.0,0.0,15.19,89.8,2026-08,18.07,273.61,13.87,,,,營收 2026-08，月增 18.07%，年增 273.61%，累計年增 13.87%,外資買超；投信買超；融資增加；毛利率連3升；千張大戶減持；營收 2026-08，月增 18.07%，年增 273.61%，累計年增 13.87%,89.8
2026-10-08,9945,潤泰新,TWSE,其他業,,5,29.8,5.21,3.69,0.52,2.41,,,-0.83,4.56,1.492,6.45,252,18.49,2.41,-14.32,-80.76,-3.87,30.13,6.37,7.82,4.13,6.5,2026-10-08,62.07,0.05,0.21,66.45,24.67,-0.06,1.53,2026Q2,27.1,21.64,53.77,2,5.91,5.04,12.7,7.51,-30.6,2.71,464.6,3.18,29.5,17.0,12.5,0.0,0,0,單季 EPS 年增 465%、毛利率連 2 季升、月營收年增 38%、PE 5.2（一年 13% 分位）、距 52 週高點 -4%,6.9,120.96,29.2776,1.78,25484.24,9925.62,5096.85,5096.85,1.95,1.0,14.37,放量,2301.2,2278.0,4579.19,9.03,8.94,3,0,5,0,3535.62,35.0,,,,,,,0,,,,0.0,76.91,481,0,-1.51,88.26,未取得,0.0,88.26,0.0,0.0,0.0,0.0,0.0,12.86,88.26,2026-08,4.29,37.99,34.41,,,,營收 2026-08，月增 4.29%，年增 37.99%，累計年增 34.41%,外資買超；投信買超；融資增加；放量；接近區間高點；毛利率連2升；營收 2026-08，月增 4.29%，年增 37.99%，累計年增 34.41%,88.26
2026-10-08,2855,統一證,TWSE,金融保險業,,5,58.6,6.09,3.6,1.95,1.74,,,-1.01,4.83,2.072,6.04,252,74.93,146.22,42.12,63.06,-2.01,159.87,18.88,57.31,21.05,4.5,2026-10-08,72.6,0.12,0.64,77.73,14.84,-0.15,2.96,2026Q1,,38.25,41.88,0,4.48,13.08,11.5,11.26,-45.9,1.43,,53.46,19.0,8.0,11.0,0.0,0,1,月營收年增 110%、PE 6.1（一年 12% 分位）、距 52 週高點 -2%,4.5,124.31,58.0515,0.94,17846.17,3552.76,3569.23,3569.23,1.0,1.0,-0.06,正常,5625.75,163.43,5789.18,31.52,0.92,1,0,5,0,1819.78,41.0,,,,,,,0,,,,0.0,54.79,-1155,7,6.5,85.29,未取得,0.0,85.29,0.0,0.0,0.0,0.0,0.0,24,85.29,2026-08,122.48,109.88,217.4,,,,營收 2026-08，月增 122.48%，年增 109.88%，累計年增 217.4%,外資買超；投信買超；融資下降；接近區間高點；營收 2026-08，月增 122.48%，年增 109.88%，累計年增 217.4%,85.29
2026-10-08,6691,洋基工程,TWSE,其他電子業,,5,789.0,23.6,2.79,12.83,6.48,,,-0.63,8.08,9.155,8.89,252,19.91,74.94,-12.9,-8.22,-5.4,84.56,17.04,28.2,4.44,-1.5,2026-10-08,58.36,0.27,4.09,69.78,18.98,-0.35,4.16,2026Q2,18.15,16.53,13.02,-2,31.68,24.91,42.5,24.5,-3.7,10.27,112.2,0.76,11.5,11.5,0.0,0.0,0,1,單季 EPS 年增 112%、毛利率連 2 季降、月營收年增 214%、PE 23.6（一年 42% 分位）、距 52 週高點 -5%,0.6,99.56,772.1942,2.18,5927.87,877.01,1185.57,1185.57,0.74,1.0,-3.12,正常,919.96,152.0,1071.96,15.52,2.56,2,0,5,0,124.65,3.0,,,,,,,0,,,,0.0,60.91,-110,4,1.9,84.53,未取得,0.0,84.53,0.0,0.0,0.0,0.0,0.0,21.72,84.53,2026-08,10.99,213.7,112.82,,,,營收 2026-08，月增 10.99%，年增 213.7%，累計年增 112.82%,外資買超；投信買超；融資下降；接近區間高點；毛利率連2降；營收 2026-08，月增 10.99%，年增 213.7%，累計年增 112.82%,84.53
2026-10-08,7751,竑騰,TPEX,半導體業,,5,1620.0,62.79,1.11,18.46,1.89,,,-3.28,4.85,2.322,1.13,252,-12.2,246.52,-45.0,163.36,-42.25,285.26,11.83,30.77,-4.82,-3.5,2026-10-08,36.95,0.0,0.0,46.58,27.68,0.25,0.0,2026Q2,48.63,31.84,25.18,-1,26.26,61.69,63.9,57.56,9.1,6.85,67.9,-0.6,0.0,0.0,0.0,0.0,,1,日均量 144 張偏低（門檻 500）,3.3,81.13,1610.5687,0.59,721.0,181.0,144.2,144.2,1.26,1.0,6.06,正常,107.29,41.0,148.29,14.88,5.69,5,0,2,0,33.0,2.0,,,,,,,0,,,,0.0,67.22,22,2,-2.27,81.99,未取得,0.0,81.99,0.0,0.0,0.0,0.0,0.0,17.04,81.99,2026-08,-0.01,41.32,282.74,,,,營收 2026-08，月增 -0.01%，年增 41.32%，累計年增 282.74%,外資買超；投信買超；融資增加；營收 2026-08，月增 -0.01%，年增 41.32%，累計年增 282.74%,81.99
2026-10-08,3702,大聯大,TWSE,電子通路業,,5,117.5,10.06,3.1,2.11,-1.26,,,-2.89,0.86,6.258,-0.76,252,19.65,91.06,-13.15,7.9,-9.96,107.6,4.52,30.53,4.39,4.5,2026-10-08,78.7,0.51,1.3,83.57,11.59,-0.17,6.0,2026Q2,4.43,2.62,1.89,-1,12.01,9.78,12.3,13.18,-23.7,5.12,387.6,0.66,15.0,11.0,9.0,-5.0,1,1,⚠ 循環高峰疑慮（獲利在多年高點、年增來自低基期，低 PE 可能反映市場預期獲利反轉）：單季 EPS 年增 388%、毛利率連 1 季降、月營收年增 80%、PE 10.1（一年 12% 分位）、距 52 週高點 -10%,0.3,99.37,118.7256,-1.03,26353.93,9697.26,5270.79,5270.79,1.84,1.0,13.08,放量,7204.76,-334.91,6869.85,27.34,-1.27,4,0,3,0,3300.2,55.0,,,,,,,0,,,,0.0,50.32,-4290,20,8.0,78.4,未取得,0.0,78.4,0.0,0.0,0.0,0.0,0.0,20.08,78.4,2026-08,-2.64,80.46,62.39,,,,營收 2026-08，月增 -2.64%，年增 80.46%，累計年增 62.39%,外資買超；融資下降；放量；千張大戶增持；營收 2026-08，月增 -2.64%，年增 80.46%，累計年增 62.39%,78.4
2026-10-08,8171,天宇,TPEX,綠能環保,,5,21.15,,0.0,1.28,2.42,,,0.0,5.22,0.032,6.45,252,-12.06,-25.13,-44.86,-108.29,-34.01,14.95,5.41,-10.95,-11.81,2.0,2026-10-08,52.34,0.08,1.22,61.15,29.16,-0.1,2.64,2026Q2,1.87,-51.73,-36.88,2,-1.72,,,,,-0.48,,233.72,0.0,0.0,0.0,0.0,,0,近四季 EPS 未轉正或缺財報,-2.6,71.44,20.6603,2.37,775.0,113.0,155.0,155.0,0.73,1.0,-3.25,正常,235.0,0.0,235.0,30.32,0.0,5,0,0,0,22.0,0.0,,,,,,,0,,,,0.0,48.0,-180,0,8.0,76.38,未取得,0.0,76.38,0.0,0.0,0.0,0.0,0.0,20.38,76.38,2026-08,-0.17,581.29,128.1,,,,營收 2026-08，月增 -0.17%，年增 581.29%，累計年增 128.1%,外資買超；融資下降；接近區間高點；年線之下；毛利率連2升；營收 2026-08，月增 -0.17%，年增 581.29%，累計年增 128.1%,76.38
2026-10-08,6214,精誠,TWSE,資訊服務業,,5,192.0,17.93,3.13,2.84,1.86,,,-0.52,2.13,1.178,6.12,252,55.47,41.7,22.66,-41.46,-1.54,83.73,12.63,42.27,18.27,3.0,2026-10-08,64.3,0.63,3.8,70.57,23.63,-0.41,6.0,2026Q2,17.15,3.74,6.2,-2,10.72,17.91,79.8,16.69,7.4,3.51,50.0,-0.93,11.0,10.0,1.0,0.0,0,1,單季 EPS 年增 50%、毛利率連 2 季降、月營收年增 62%、PE 17.9（一年 80% 分位）、距 52 週高點 -2%,-0.9,115.68,190.013,1.05,3101.01,1178.41,620.2,620.2,1.9,1.0,13.8,放量,984.54,51.16,1035.7,31.75,1.65,4,0,5,0,367.79,6.0,,,,,,,0,,,,0.0,62.62,281,0,-6.4,76.29,未取得,0.0,76.29,0.0,0.0,0.0,0.0,0.0,20.07,76.29,2026-08,24.36,61.91,39.65,,,,營收 2026-08，月增 24.36%，年增 61.91%，累計年增 39.65%,外資買超；投信買超；融資增加；放量；接近區間高點；逼近52週高點；毛利率連2降；千張大戶增持；營收 2026-08，月增 24.36%，年增 61.91%，累計年增 39.65%,76.29
2026-10-08,3044,健鼎,TWSE,電子零組件業,,5,582.0,24.94,2.18,5.49,7.38,,,-2.02,10.23,15.035,4.43,252,41.78,87.14,8.97,3.98,-2.68,101.73,24.08,41.96,15.25,0.0,2026-10-08,70.05,0.31,1.29,80.96,10.76,-0.32,4.48,2026Q2,30.09,22.47,15.68,2,23.34,24.94,92.9,19.61,27.2,7.41,59.4,4.46,19.0,19.0,0.0,0.0,0,1,單季 EPS 年增 59%、毛利率連 2 季升、月營收年增 65%、PE 24.9（一年 93% 分位）、距 52 週高點 -3%,5.4,103.99,569.5448,2.19,13198.88,1992.61,2639.78,2639.78,0.75,1.0,-2.94,正常,1908.17,193.0,2101.17,14.46,1.46,1,0,5,0,10.87,24.0,,,,,,,0,,,,0.0,56.16,-289,14,2.25,75.9,未取得,0.0,75.9,0.0,0.0,0.0,0.0,0.0,17.49,75.9,2026-08,4.1,65.48,38.72,,,,營收 2026-08，月增 4.1%，年增 65.48%，累計年增 38.72%,外資買超；投信買超；融資下降；毛利率連2升；千張大戶增持；營收 2026-08，月增 4.1%，年增 65.48%，累計年增 38.72%,75.9
2026-10-08,2851,中再保,TWSE,金融保險業,,5,47.95,4.54,4.59,1.46,4.35,,,-0.72,5.5,0.796,7.61,252,61.72,101.89,28.91,18.73,-1.13,105.35,14.36,46.28,19.47,6.5,2026-10-08,66.27,0.14,0.34,71.6,20.34,-0.21,2.64,2026Q1,,,,0,5.18,9.26,12.3,8.35,-45.6,2.3,194.9,,15.5,3.0,12.5,0.0,0,1,單季 EPS 年增 195%、月營收年減 26%、PE 4.5（一年 12% 分位）、距 52 週高點 -1%,1.5,112.99,46.8672,2.31,8493.53,1780.08,1698.71,1698.71,1.05,1.0,0.57,正常,2750.76,843.0,3593.76,32.39,9.93,5,0,0,0,724.0,0.0,,,,,,,0,,,,0.0,72.81,-3,1,0.04,74.99,未取得,0.0,74.99,0.0,0.0,0.0,0.0,0.0,2.14,74.99,2026-08,66.11,-26.0,12.6,,,,營收 2026-08，月增 66.11%，年增 -26.0%，累計年增 12.6%,外資買超；投信買超；融資下降；接近區間高點；逼近52週高點；營收 2026-08，月增 66.11%，年增 -26.0%，累計年增 12.6%,74.99
2026-10-08,6654,天正國際,TPEX,其他電子業,,5,218.0,77.03,0.0,6.71,-0.46,,,-7.23,1.87,0.135,-0.28,251,148.29,215.03,115.49,131.87,-9.92,235.38,16.44,72.91,17.2,-3.5,2026-10-08,71.17,0.0,0.0,79.16,11.31,0.0,0.0,2026Q2,17.85,-2.78,29.35,-2,3.2,68.12,23.6,464.86,-83.4,1.47,,37.15,0.0,0.0,0.0,0.0,,0,日均量 61 張偏低（門檻 500）,2.1,85.2,220.2075,-1.0,306.0,19.0,61.2,61.2,0.31,1.0,-8.0,正常,52.0,0.0,52.0,16.99,0.0,3,0,0,0,3.0,0.0,,,,,,,0,,,,0.0,44.0,-49,0,8.0,73.68,未取得,0.0,73.68,0.0,0.0,0.0,0.0,0.0,21.68,73.68,2026-08,10.66,848.76,154.78,,,,營收 2026-08，月增 10.66%，年增 848.76%，累計年增 154.78%,外資買超；融資下降；毛利率連2降；營收 2026-08，月增 10.66%，年增 848.76%，累計年增 154.78%,73.68
2026-10-08,8081,致新,TWSE,半導體業,,5,262.0,14.25,6.11,2.77,1.95,,,-0.95,3.56,1.199,6.17,252,10.32,18.28,-22.49,-64.88,-24.6,31.33,3.08,6.8,2.33,4.5,2026-10-08,23.97,0.25,0.25,37.85,43.72,-0.29,3.25,2026Q2,40.41,20.18,17.27,3,18.38,14.25,71.0,13.62,4.6,4.51,21.9,-3.45,0.0,0.0,0.0,0.0,,0,日均量 462 張偏低（門檻 500）,6.5,93.91,259.3036,1.04,2311.41,289.19,462.28,462.28,0.63,1.0,-4.49,正常,279.94,195.69,475.62,12.11,8.47,0,1,5,0,-0.34,42.0,,,,,,,0,,,,0.0,69.67,-48,-1,2.06,73.41,未取得,0.0,73.41,0.0,0.0,0.0,0.0,0.0,1.68,73.41,2026-08,-4.06,10.57,1.63,,,,營收 2026-08，月增 -4.06%，年增 10.57%，累計年增 1.63%,外資買超；投信買超；融資下降；接近區間高點；毛利率連3升；營收 2026-08，月增 -4.06%，年增 10.57%，累計年增 1.63%,73.41
2026-10-08,1449,佳和,TWSE,紡織纖維,,5,13.2,,0.0,0.68,6.88,,,-0.75,7.32,0.077,9.13,252,-9.28,8.64,-42.08,-74.52,-22.58,33.33,6.05,7.83,-0.53,2.0,2026-10-08,32.29,-0.05,-0.22,39.32,48.49,-0.37,-1.06,2026Q2,15.16,0.25,-0.66,2,-0.18,,80.8,98.64,26.7,-0.05,,-2.02,0.0,0.0,0.0,0.0,,0,近四季 EPS 未轉正或缺財報,-2.6,83.8,12.8593,2.65,3012.39,818.85,602.48,602.48,1.36,1.0,7.31,正常,450.62,0.0,450.62,14.96,0.0,5,0,0,0,44.42,0.0,,,,,,,0,,,,0.0,47.97,-373,-7,7.93,73.2,未取得,0.0,73.2,0.0,0.0,0.0,0.0,0.0,17.3,73.2,2026-08,-14.56,100.44,51.53,,,,營收 2026-08，月增 -14.56%，年增 100.44%，累計年增 51.53%,外資買超；融資下降；接近區間高點；毛利率連2升；營收 2026-08，月增 -14.56%，年增 100.44%，累計年增 51.53%,73.2
2026-10-08,3491,昇達科,TPEX,通信網路業,,5,1685.0,133.94,0.4,25.53,13.47,,,-4.26,14.24,31.949,8.08,251,-3.16,258.89,-35.97,175.73,-23.41,312.48,23.9,38.67,0.08,-3.5,2026-10-08,23.02,0.03,1.22,37.76,41.46,-1.39,2.24,2026Q2,55.6,26.77,34.13,-2,12.71,132.57,50.6,133.48,0.3,4.47,325.7,8.55,10.0,11.0,-1.0,0.0,0,1,單季 EPS 年增 326%、毛利率連 2 季降、月營收年增 93%、PE 133.9（一年 51% 分位）、距 52 週高點 -23%,2.1,79.45,1667.637,1.04,9579.0,1044.0,1915.8,1915.8,0.54,1.0,-5.46,正常,767.65,340.39,1108.04,8.01,3.55,0,2,5,0,-25.75,12.55,,,,,,,0,,,,0.0,48.67,-43,10,0.51,73.18,未取得,0.0,73.18,0.0,0.0,0.0,0.0,0.0,24,73.18,2026-08,39.56,93.19,73.4,,,,營收 2026-08，月增 39.56%，年增 93.19%，累計年增 73.4%,外資買超；投信買超；融資下降；毛利率連2降；營收 2026-08，月增 39.56%，年增 93.19%，累計年增 73.4%,73.18
2026-10-08,6196,帆宣,TWSE,其他電子業,,5,674.0,30.53,0.96,8.31,9.06,,,-1.46,11.96,14.014,10.44,252,98.24,176.8,65.43,93.63,-1.46,208.47,27.76,74.95,22.0,-1.5,2026-10-08,66.19,0.12,-0.73,72.11,18.94,-0.43,-0.04,2026Q2,13.45,8.92,8.49,-1,22.4,30.09,79.0,22.64,34.8,8.18,319.5,4.17,9.5,12.5,-3.0,0.0,0,1,單季 EPS 年增 320%、毛利率連 1 季降、月營收年增 84%、PE 30.5（一年 79% 分位）、距 52 週高點 -1%,0.3,99.17,655.9859,2.75,10681.34,1162.57,2136.27,2136.27,0.54,1.0,-5.47,正常,1365.21,-27.0,1338.21,12.78,-0.25,5,0,2,0,115.45,2.0,,,,,,,0,,,,0.0,50.39,-181,4,1.72,70.71,未取得,0.0,70.71,0.0,0.0,0.0,0.0,0.0,18.6,70.71,2026-08,-3.98,83.89,51.72,,,,營收 2026-08，月增 -3.98%，年增 83.89%，累計年增 51.72%,外資買超；融資下降；接近區間高點；逼近52週高點；營收 2026-08，月增 -3.98%，年增 83.89%，累計年增 51.72%,70.71
2026-10-08,2883,凱基金,TWSE,金融保險業,金控,5,37.55,13.13,2.66,1.49,0.54,,,-2.85,2.6,16.495,0.32,252,77.54,148.68,44.74,65.51,-7.97,156.31,10.7,58.36,15.37,3.5,2026-10-08,65.33,0.07,-0.03,69.06,23.0,-0.08,0.97,2026Q1,,,49.61,0,1.91,19.66,30.2,13.58,-3.3,0.69,32.7,,17.5,11.0,6.5,0.0,0,0,單季 EPS 年增 33%、月營收年增 59%、PE 13.1（一年 30% 分位）、距 52 週高點 -8%,4.5,95.28,37.5643,-0.04,219553.03,48071.47,43910.61,43910.61,1.09,1.0,1.14,正常,15085.02,13319.65,28404.67,6.87,6.07,0,1,1,0,-13827.67,3515.23,,,,,,,0,,,,0.0,45.76,-642,58,0.29,70.05,未取得,0.0,70.05,0.0,0.0,0.0,0.0,0.0,24,70.05,2026-08,60.64,58.74,263.96,,,,營收 2026-08，月增 60.64%，年增 58.74%，累計年增 263.96%,外資買超；投信買超；融資下降；營收 2026-08，月增 60.64%，年增 58.74%，累計年增 263.96%,70.05
2026-10-08,6191,精成科,TWSE,電子零組件業,,5,87.9,15.31,2.96,1.19,3.78,,,-0.57,5.14,1.859,7.27,252,-16.29,-21.87,-49.09,-105.03,-35.13,14.3,3.87,-12.96,-12.0,3.5,2026-10-08,51.33,0.01,-1.54,56.51,37.14,-0.12,-0.92,2026Q2,15.31,7.02,3.63,-4,5.82,15.1,38.9,16.12,-5.0,0.73,-50.7,-6.01,0.0,-8.0,8.0,0.0,0,0,毛利率連 4 季降、月營收年增 20%、PE 15.3（一年 39% 分位）、距 52 週高點 -35%,-2.0,65.16,86.3554,1.79,10763.3,1886.73,2152.66,2152.66,0.88,1.0,-1.48,正常,1501.67,47.0,1548.67,13.95,0.44,5,0,3,0,80.25,13.0,,,,,,,0,,,,0.0,56.1,-681,-1,6.32,70.05,未取得,0.0,70.05,0.0,0.0,0.0,0.0,0.0,7.63,70.05,2026-08,-3.03,20.45,26.98,,,,營收 2026-08，月增 -3.03%，年增 20.45%，累計年增 26.98%,外資買超；投信買超；融資下降；接近區間高點；年線之下；毛利率連4降；營收 2026-08，月增 -3.03%，年增 20.45%，累計年增 26.98%,70.05
2026-10-08,6789,采鈺,TWSE,半導體業,,5,481.0,91.79,0.62,8.3,-1.94,,,-3.8,1.26,4.959,-1.16,252,16.18,88.26,-16.62,5.1,-25.08,113.78,5.16,23.14,3.62,-3.5,2026-10-08,68.3,0.08,-0.89,72.26,22.64,-0.16,-0.36,2026Q2,30.53,19.32,,-1,5.25,91.62,65.9,84.63,8.5,1.45,68.6,6.97,13.0,12.5,0.5,0.0,0,0,單季 EPS 年增 69%、毛利率連 1 季降、月營收年增 18%、PE 91.8（一年 66% 分位）、距 52 週高點 -25%,0.3,65.11,489.3352,-1.7,5066.82,657.54,1013.36,1013.36,0.65,1.0,-4.21,正常,689.51,7.0,696.51,13.61,0.14,5,0,5,0,83.24,2.0,,,,,,,0,,,,0.0,59.84,-166,-6,3.24,68.32,未取得,0.0,68.32,0.0,0.0,0.0,0.0,0.0,5.24,68.32,2026-08,0.44,17.99,12.16,,,,營收 2026-08，月增 0.44%，年增 17.99%，累計年增 12.16%,外資買超；投信買超；融資下降；營收 2026-08，月增 0.44%，年增 17.99%，累計年增 12.16%,68.32
2026-10-08,3055,蔚華科,TWSE,電子通路業,,5,223.0,,0.22,15.5,3.24,,,-1.98,4.94,1.791,6.94,252,259.68,277.97,226.87,194.8,-1.98,314.5,51.52,133.12,22.0,-1.5,2026-10-08,55.99,0.0,-0.97,66.73,25.77,-0.5,-1.5,2026Q2,31.72,-44.84,8.4,-1,-1.14,,,,,0.12,,-29.65,0.0,0.0,0.0,0.0,,0,近四季 EPS 未轉正或缺財報,-3.2,87.8,217.3862,2.58,4120.52,382.47,824.1,824.1,0.46,1.0,-6.43,正常,1027.26,0.0,1027.26,24.93,0.0,5,0,0,0,26.0,0.0,,,,,,,0,,,,0.0,48.0,-841,-367,6.5,68.28,未取得,0.0,68.28,0.0,0.0,0.0,0.0,0.0,13.78,68.28,2026-08,14.06,108.24,8.09,,,,營收 2026-08，月增 14.06%，年增 108.24%，累計年增 8.09%,外資買超；融資下降；接近區間高點；逼近52週高點；營收 2026-08，月增 14.06%，年增 108.24%，累計年增 8.09%,68.28
2026-10-08,2850,新產,TWSE,金融保險業,,5,164.5,10.7,4.42,2.36,3.79,,,-0.3,4.78,0.278,7.27,252,32.13,41.81,-0.68,-41.35,-2.66,48.2,3.98,24.27,13.13,4.5,2026-10-08,58.05,0.01,0.28,68.12,22.95,-0.03,1.42,2026Q1,,,,0,14.02,11.73,71.0,10.53,1.6,3.99,77.3,,0.0,0.0,0.0,0.0,,1,日均量 173 張偏低（門檻 500）,1.5,96.14,161.0023,2.17,864.47,181.09,172.89,172.89,1.05,1.0,0.57,正常,456.11,-1.0,455.11,52.76,-0.12,5,0,0,0,111.25,0.0,,,,,,,0,,,,0.0,47.71,-38,0,4.4,68.04,未取得,0.0,68.04,0.0,0.0,0.0,0.0,0.0,15.93,68.04,2026-08,11.03,47.01,38.43,,,,營收 2026-08，月增 11.03%，年增 47.01%，累計年增 38.43%,外資買超；融資下降；接近區間高點；營收 2026-08，月增 11.03%，年增 47.01%，累計年增 38.43%,68.04
2026-10-08,6664,群翊,TPEX,電子零組件業,,5,373.5,22.46,2.72,5.46,-1.19,,,-5.44,0.81,1.631,-0.71,252,-13.94,37.82,-46.75,-45.34,-24.92,58.94,5.77,11.29,-0.99,0.0,2026-10-08,36.54,0.0,0.0,55.16,34.49,-0.74,0.0,2026Q2,49.27,35.38,30.5,1,16.62,22.47,62.7,20.2,11.2,3.56,138.9,-14.56,0.0,0.0,0.0,0.0,,0,日均量 426 張偏低（門檻 500）,5.7,68.62,383.3268,-2.56,2128.0,209.0,425.6,425.6,0.49,1.0,-6.11,正常,519.06,10.0,529.06,24.39,0.47,1,0,5,0,48.17,2.0,,,,,,,0,,,,0.0,53.67,-110,0,5.17,67.67,未取得,0.0,67.67,0.0,0.0,0.0,0.0,0.0,8.83,67.67,2026-08,0.21,32.28,18.74,,,,營收 2026-08，月增 0.21%，年增 32.28%，累計年增 18.74%,外資買超；投信買超；融資下降；營收 2026-08，月增 0.21%，年增 32.28%，累計年增 18.74%,67.67
2026-10-08,8021,尖點,TWSE,其他電子業,,5,557.0,112.3,0.35,12.99,0.72,,,-4.62,11.18,52.115,0.43,252,56.9,397.32,24.1,314.16,-11.16,528.67,27.74,72.47,12.58,-3.5,2026-10-08,38.69,0.43,3.87,50.47,40.63,-0.9,5.44,2026Q2,41.78,28.08,16.54,5,5.08,109.65,63.9,96.77,16.0,2.08,271.4,14.17,17.0,20.0,-3.0,0.0,0,1,單季 EPS 年增 271%、毛利率連 5 季升、月營收年增 98%、PE 112.3（一年 64% 分位）、距 52 週高點 -11%,6.5,88.55,557.2184,-0.04,46763.33,8750.43,9352.67,9352.67,0.94,1.0,-0.77,正常,1627.13,2148.0,3775.13,3.48,4.59,1,0,5,0,156.04,107.0,,,,,,,0,,,,0.0,45.4,-484,727,1.03,67.49,未取得,0.0,67.49,0.0,0.0,0.0,0.0,0.0,21.06,67.49,2026-08,5.5,97.75,76.07,,,,營收 2026-08，月增 5.5%，年增 97.75%，累計年增 76.07%,外資買超；投信買超；融資下降；毛利率連5升；千張大戶增持；營收 2026-08，月增 5.5%，年增 97.75%，累計年增 76.07%,67.49
2026-10-08,2025,千興,TWSE,鋼鐵工業,,5,13.6,10.54,0.0,1.13,-4.9,,,-6.53,1.12,0.172,-2.94,252,11.02,27.1,-21.79,-56.06,-14.2,55.61,8.09,16.14,2.49,5.0,2026-10-08,60.3,1.25,0.93,63.4,26.48,-0.44,6.0,2026Q2,12.49,9.81,,-1,1.3,10.46,31.4,73.44,-85.6,0.29,,84.3,13.0,6.5,6.5,0.0,0,0,毛利率連 1 季降、月營收年增 103%、PE 10.5（一年 31% 分位）、距 52 週高點 -14%,0.3,77.02,14.0093,-2.92,6127.55,1017.84,1225.51,1225.51,0.83,1.0,-2.03,正常,698.63,0.0,698.63,11.4,0.0,3,0,0,0,263.96,0.0,,,,,,,0,,,,0.0,41.12,-127,0,2.07,67.19,未取得,0.0,67.19,0.0,0.0,0.0,0.0,0.0,24,67.19,2026-08,88.52,102.53,136.21,,,,營收 2026-08，月增 88.52%，年增 102.53%，累計年增 136.21%,外資買超；融資下降；千張大戶增持；營收 2026-08，月增 88.52%，年增 102.53%，累計年增 136.21%,67.19
2026-10-08,2421,建準,TWSE,電子零組件業,散熱,5,168.0,18.06,3.12,4.57,1.2,,,-4.55,4.02,4.343,0.72,252,14.29,28.24,-18.52,-54.92,-13.85,41.77,10.16,11.21,3.21,1.5,2026-10-08,52.76,0.2,-0.04,64.62,24.14,-0.57,1.98,2026Q2,31.25,15.43,12.74,-2,9.62,17.46,39.7,18.53,-2.5,2.42,76.6,0.1,15.5,11.5,4.0,0.0,0,1,單季 EPS 年增 77%、毛利率連 2 季降、月營收年增 26%、PE 18.1（一年 40% 分位）、距 52 週高點 -14%,0.6,73.31,170.1014,-1.24,12765.78,1778.85,2553.16,2553.16,0.7,1.0,-3.64,正常,1585.51,71.0,1656.51,12.42,0.56,5,0,5,0,322.47,11.0,,,,,,,0,,,,0.0,60.27,58,-12,-0.39,67.12,未取得,0.0,67.12,0.0,0.0,0.0,0.0,0.0,7.24,67.12,2026-08,-6.86,26.03,21.08,,,,營收 2026-08，月增 -6.86%，年增 26.03%，累計年增 21.08%,外資買超；投信買超；融資增加；毛利率連2降；營收 2026-08，月增 -6.86%，年增 26.03%，累計年增 21.08%,67.12
2026-10-08,8926,台汽電,TWSE,油電燃氣業,,5,61.1,16.79,3.47,2.55,3.56,,,-0.97,4.62,1.392,7.14,252,37.0,25.98,4.19,-57.18,-27.52,53.13,2.81,15.28,8.2,3.0,2026-10-08,51.81,0.08,0.14,57.21,33.42,-0.2,1.56,2026Q2,9.1,8.0,4.42,-2,4.04,15.12,30.2,17.72,-5.2,1.16,-3.3,-7.35,0.5,-7.0,7.5,0.0,0,0,毛利率連 2 季降、月營收年增 1264%、PE 16.8（一年 30% 分位）、距 52 週高點 -28%,-0.9,89.36,60.0193,1.8,11592.83,2999.07,2318.57,2318.57,1.29,1.0,6.52,正常,1497.32,-63.0,1434.32,12.92,-0.54,5,0,0,0,93.68,0.0,,,,,,,0,,,,0.0,44.54,-49,2,0.43,67.1,未取得,0.0,67.1,0.0,0.0,0.0,0.0,0.0,22.13,67.1,2026-08,14.43,1263.62,824.82,,,,營收 2026-08，月增 14.43%，年增 1263.62%，累計年增 824.82%,外資買超；融資下降；接近區間高點；毛利率連2降；營收 2026-08，月增 14.43%，年增 1263.62%，累計年增 824.82%,67.1
2026-10-08,3689,湧德,TPEX,電子零組件業,,5,117.5,14.54,3.11,2.11,3.98,,,-1.67,6.33,1.171,7.39,252,-13.28,24.34,-46.09,-58.82,-19.52,30.41,6.95,2.98,-0.93,3.0,2026-10-08,14.42,0.07,0.32,26.93,60.15,-0.54,2.02,2026Q2,29.02,13.05,9.78,-2,8.15,14.42,46.0,14.67,-0.9,2.43,48.2,-0.62,13.0,8.0,5.0,0.0,0,0,單季 EPS 年增 48%、毛利率連 2 季降、月營收年增 62%、PE 14.5（一年 46% 分位）、距 52 週高點 -20%,-0.9,77.26,116.2765,1.05,5035.0,980.0,1007.0,1007.0,0.97,1.0,-0.32,正常,948.98,0.0,948.98,18.85,0.0,5,0,0,0,138.95,0.0,,,,,,,0,,,,0.0,48.0,-92,14,1.99,66.84,未取得,0.0,66.84,0.0,0.0,0.0,0.0,0.0,16.85,66.84,2026-08,-7.34,62.07,43.33,,,,營收 2026-08，月增 -7.34%，年增 62.07%，累計年增 43.33%,外資買超；融資下降；接近區間高點；毛利率連2降；營收 2026-08，月增 -7.34%，年增 62.07%，累計年增 43.33%,66.84
2026-10-08,4958,臻鼎-KY,TWSE,電子零組件業,PCB,5,592.0,70.06,0.58,4.26,5.53,,,-3.43,15.18,271.121,3.32,252,130.8,271.16,97.99,188.0,-10.17,338.52,20.92,78.2,17.2,-2.0,2026-10-08,67.99,2.21,2.21,73.75,19.94,-2.96,6.0,2026Q2,23.1,7.77,4.94,1,9.16,64.63,83.7,39.61,76.9,2.22,246.9,1.42,13.0,16.0,-3.0,0.0,0,0,單季 EPS 年增 247%、毛利率連 1 季升、月營收年增 41%、PE 70.1（一年 84% 分位）、距 52 週高點 -10%,2.7,92.25,575.1537,2.93,235694.04,33690.66,47138.81,47138.81,0.71,1.0,-3.42,正常,33732.5,932.95,34665.45,14.31,0.4,5,0,2,0,2140.11,234.71,,,,,,,0,,,,0.0,53.76,-634,200,0.32,66.74,未取得,0.0,66.74,0.0,0.0,0.0,0.0,0.0,12.66,66.74,2026-08,17.42,41.05,19.89,,,,營收 2026-08，月增 17.42%，年增 41.05%，累計年增 19.89%,外資買超；投信買超；融資下降；千張大戶增持；營收 2026-08，月增 17.42%，年增 41.05%，累計年增 19.89%,66.74
2026-10-08,1560,中砂,TWSE,電機機械,,5,1010.0,85.88,0.49,16.67,-0.49,,,-4.72,1.71,10.397,-0.29,252,85.66,213.18,52.86,130.02,-4.72,240.07,33.05,82.83,16.34,-3.5,2026-10-08,50.59,1.56,1.45,66.2,20.35,0.2,5.5,2026Q2,40.05,24.22,21.0,7,11.94,84.59,98.0,57.57,49.2,3.5,92.3,7.57,17.0,20.0,-3.0,0.0,0,1,單季 EPS 年增 92%、毛利率連 7 季升、月營收年增 30%、PE 85.9（一年 98% 分位）、距 52 週高點 -5%,8.0,89.87,1021.6404,-1.14,5088.32,530.63,1017.66,1017.66,0.52,1.0,-5.74,正常,736.04,69.77,805.8,14.47,1.37,5,0,1,0,140.82,7.0,,,,,,,0,,,,0.0,53.93,-165,-5,3.21,66.69,未取得,0.0,66.69,0.0,0.0,0.0,0.0,0.0,9.55,66.69,2026-08,1.44,30.38,24.45,,,,營收 2026-08，月增 1.44%，年增 30.38%，累計年增 24.45%,外資買超；投信買超；融資下降；毛利率連7升；千張大戶增持；營收 2026-08，月增 1.44%，年增 30.38%，累計年增 24.45%,66.69
2026-10-08,6841,長佳智能,TPEX,生技醫療業,,5,56.7,84.63,1.76,3.38,0.35,,,-0.7,2.72,0.088,5.21,252,-3.74,-16.74,-36.54,-99.9,-33.61,11.18,3.33,-7.61,-10.97,-2.0,2026-10-08,37.27,0.0,0.24,47.79,43.29,-0.07,0.72,2026Q2,75.28,20.41,-12.35,3,0.69,82.17,86.5,64.0,32.2,-0.13,-186.7,4.34,0.0,0.0,0.0,0.0,,0,最新單季虧損,2.0,64.17,56.2203,0.85,779.0,187.0,155.8,155.8,1.2,1.0,5.4,正常,168.84,0.0,168.84,21.67,0.0,5,0,0,0,59.0,0.0,,,,,,,0,,,,0.0,48.0,-12,0,1.54,66.51,未取得,0.0,66.51,0.0,0.0,0.0,0.0,0.0,16.97,66.51,2026-08,33.86,86.02,13.14,,,,營收 2026-08，月增 33.86%，年增 86.02%，累計年增 13.14%,外資買超；融資下降；接近區間高點；年線之下；毛利率連3升；營收 2026-08，月增 33.86%，年增 86.02%，累計年增 13.14%,66.51
2026-10-08,2816,旺旺保,TWSE,金融保險業,,5,40.8,3.55,3.68,0.95,2.77,,,-0.12,3.68,0.094,6.66,252,31.19,53.38,-1.62,-29.78,-1.45,55.13,10.35,27.71,12.92,6.5,2026-10-08,75.22,0.03,-0.3,80.89,11.27,-0.13,-0.16,2026Q1,,,,0,6.3,6.48,10.3,6.53,-45.6,1.78,1171.4,,0.0,0.0,0.0,0.0,,1,日均量 234 張偏低（門檻 500）,1.5,93.75,40.0923,1.77,1168.77,230.21,233.75,233.75,0.98,1.0,-0.18,正常,234.38,0.0,234.38,20.05,0.0,0,1,0,0,-19.93,0.0,,,,,,,0,,,,0.0,36.0,-75,0,6.42,66.42,未取得,0.0,66.42,0.0,0.0,0.0,0.0,0.0,24,66.42,2026-08,60.13,66.06,55.58,,,,營收 2026-08，月增 60.13%，年增 66.06%，累計年增 55.58%,外資買超；融資下降；接近區間高點；逼近52週高點；營收 2026-08，月增 60.13%，年增 66.06%，累計年增 55.58%,66.42
2026-10-08,3016,嘉晶,TWSE,半導體業,,5,183.5,152.92,0.27,10.23,1.66,,,-6.14,8.26,10.653,1.0,252,193.13,251.53,160.33,168.37,-6.14,293.78,60.16,115.49,17.2,-3.5,2026-10-08,75.77,0.86,7.79,78.4,18.0,-1.01,6.0,2026Q2,23.45,16.92,14.34,4,1.21,151.65,17.5,479.17,-68.1,0.65,,19.68,15.0,12.0,3.0,0.0,0,0,毛利率連 4 季升、月營收年增 58%、PE 152.9（一年 18% 分位）、距 52 週高點 -6%,6.5,94.13,183.3204,0.1,29055.08,6352.54,5811.02,5811.02,1.09,1.0,1.12,正常,5087.4,0.0,5087.4,17.51,0.0,5,0,0,0,849.9,0.0,,,,,,,0,,,,0.0,48.0,-607,-284,1.8,66.37,未取得,0.0,66.37,0.0,0.0,0.0,0.0,0.0,16.57,66.37,2026-08,5.11,57.79,34.73,,,,營收 2026-08，月增 5.11%，年增 57.79%，累計年增 34.73%,外資買超；融資下降；毛利率連4升；千張大戶增持；營收 2026-08，月增 5.11%，年增 57.79%，累計年增 34.73%,66.37
2026-10-08,2606,裕民,TWSE,航運業,散裝航運,5,74.9,11.05,3.74,1.57,-1.32,,,-2.47,1.77,1.807,-0.79,252,17.03,36.68,-15.77,-46.48,-8.32,41.32,5.86,17.26,3.81,4.5,2026-10-08,74.96,0.22,-0.13,78.49,16.82,-0.09,1.87,2026Q2,35.36,31.07,39.41,1,6.78,11.05,7.1,13.83,-20.1,2.34,203.9,13.26,26.5,15.5,11.0,0.0,0,1,單季 EPS 年增 204%、毛利率連 1 季升、月營收年增 18%、PE 11.1（一年 7% 分位）、距 52 週高點 -8%,5.7,78.61,75.0288,-0.17,12041.18,1440.46,2408.24,2408.24,0.6,1.0,-4.82,正常,1672.24,736.0,2408.24,13.89,6.11,1,0,2,0,644.94,13.0,,,,,,,0,,,,0.0,60.28,211,-7,-1.42,65.93,未取得,0.0,65.93,0.0,0.0,0.0,0.0,0.0,7.07,65.93,2026-08,-1.82,18.16,25.1,,,,營收 2026-08，月增 -1.82%，年增 18.16%，累計年增 25.1%,外資買超；投信買超；融資增加；營收 2026-08，月增 -1.82%，年增 18.16%，累計年增 25.1%,65.93
2026-10-08,2383,台光電,TWSE,電子零組件業,PCB,5,6000.0,93.82,0.42,36.86,15.72,,,-5.14,20.6,158.629,9.0,252,56.45,400.0,23.65,316.84,-7.26,453.0,13.81,71.03,12.48,-3.5,2026-10-08,55.55,-0.27,-0.38,68.48,17.86,-0.31,-3.3,2026Q2,33.85,26.94,20.88,2,64.1,93.6,71.0,73.42,27.8,27.56,175.0,6.31,16.0,19.0,-3.0,0.0,0,1,單季 EPS 年增 175%、毛利率連 2 季升、月營收年增 130%、PE 93.8（一年 71% 分位）、距 52 週高點 -7%,6.9,85.53,5819.7786,3.1,13628.44,1859.24,2725.69,2725.69,0.68,1.0,-3.81,正常,928.8,809.71,1738.51,6.82,5.94,0,1,3,0,-16.83,59.5,,,,,,,0,,,,0.0,44.19,-93,-4,0.67,65.85,未取得,0.0,65.85,0.0,0.0,0.0,0.0,0.0,20.99,65.85,2026-08,4.89,129.85,95.18,,,,營收 2026-08，月增 4.89%，年增 129.85%，累計年增 95.18%,外資買超；投信買超；融資下降；毛利率連2升；營收 2026-08，月增 4.89%，年增 129.85%，累計年增 95.18%,65.85
2026-10-08,3680,家登,TPEX,半導體業,半導體設備,5,571.0,38.4,1.21,4.23,3.44,,,-3.87,4.39,8.391,2.06,252,31.26,71.73,-1.54,-11.43,-8.35,82.43,16.01,29.23,6.94,0.0,2026-10-08,45.1,1.12,1.67,59.65,30.7,-0.95,6.0,2026Q2,43.71,17.28,22.96,1,14.88,38.37,28.6,49.13,-21.8,5.54,1159.1,2.92,15.5,15.5,0.0,0.0,0,1,單季 EPS 年增 1159%、毛利率連 1 季升、月營收年增 50%、PE 38.4（一年 29% 分位）、距 52 週高點 -8%,5.7,84.59,568.8841,0.37,7375.0,1099.0,1475.0,1475.0,0.75,1.0,-3.06,正常,1214.68,0.88,1215.56,16.47,0.01,5,0,1,0,7.69,0.35,,,,,,,0,,,,0.0,50.53,-85,21,1.32,65.42,未取得,0.0,65.42,0.0,0.0,0.0,0.0,0.0,13.57,65.42,2026-08,-3.58,49.94,31.32,,,,營收 2026-08，月增 -3.58%，年增 49.94%，累計年增 31.32%,外資買超；投信買超；融資下降；千張大戶增持；營收 2026-08，月增 -3.58%，年增 49.94%，累計年增 31.32%,65.42
2026-10-08,6776,展碁國際,TWSE,電子通路業,,5,53.0,12.1,5.66,1.75,0.57,,,-0.19,1.73,0.031,5.34,252,-13.11,1.34,-45.92,-81.82,-29.8,9.39,-0.4,-4.32,-7.91,4.5,2026-10-08,61.35,0.0,0.0,66.72,27.0,0.12,0.0,2026Q2,8.83,1.95,1.03,3,4.64,11.42,18.7,13.38,-9.6,1.31,31.0,0.67,0.0,0.0,0.0,0.0,,0,日均量 59 張偏低（門檻 500）,5.0,71.15,52.5405,0.87,293.92,49.07,58.78,58.78,0.83,1.0,-1.98,正常,64.0,0.0,64.0,21.77,0.0,4,0,0,0,22.0,0.0,,,,,,,0,,,,0.0,46.0,-25,0,8.0,65.21,未取得,0.0,65.21,0.0,0.0,0.0,0.0,0.0,11.21,65.21,2026-08,-6.84,41.52,28.48,,,,營收 2026-08，月增 -6.84%，年增 41.52%，累計年增 28.48%,外資買超；融資下降；接近區間高點；年線之下；毛利率連3升；營收 2026-08，月增 -6.84%，年增 41.52%，累計年增 28.48%,65.21
2026-10-08,3167,大量,TWSE,電機機械,,5,1055.0,73.98,0.37,21.99,7.54,,,-0.47,11.29,24.475,9.52,252,57.46,476.5,24.66,393.34,-0.47,576.28,37.76,101.58,18.71,-3.5,2026-10-08,46.11,5.03,-0.85,56.99,27.27,-0.12,3.0,2026Q2,44.2,26.82,19.0,9,14.38,73.37,75.0,47.6,55.4,6.07,205.0,7.39,17.0,20.0,-3.0,0.0,0,1,單季 EPS 年增 205%、毛利率連 9 季升、月營收年增 153%、PE 74.0（一年 75% 分位）、距 52 週高點 -0%,6.5,96.09,989.5871,6.61,12366.45,1101.23,2473.29,2473.29,0.45,1.0,-6.66,正常,1433.52,65.0,1498.52,11.59,0.53,5,0,0,0,329.84,0.0,,,,,,,0,,,,0.0,41.01,-362,19,3.02,65.19,未取得,0.0,65.19,0.0,0.0,0.0,0.0,0.0,21.16,65.19,2026-08,6.37,152.98,135.15,,,,營收 2026-08，月增 6.37%，年增 152.98%，累計年增 135.15%,外資買超；投信買超；融資下降；接近區間高點；逼近52週高點；毛利率連9升；千張大戶增持；營收 2026-08，月增 6.37%，年增 152.98%，累計年增 135.15%,65.19
2026-10-08,3005,神基,TWSE,電腦及週邊設備業,,5,118.5,14.07,5.73,2.9,0.85,,,-0.42,1.72,1.491,5.51,252,20.43,-19.11,-12.38,-102.27,-28.4,24.61,2.69,3.04,4.56,4.5,2026-10-08,68.63,0.19,0.15,73.51,19.67,-0.08,2.47,2026Q2,31.69,16.82,13.66,2,8.46,14.01,53.6,14.04,0.2,2.53,11.9,-1.19,17.5,10.0,7.5,0.0,0,1,單季 EPS 年增 12%、毛利率連 2 季升、月營收年增 18%、PE 14.1（一年 54% 分位）、距 52 週高點 -28%,5.4,86.94,117.7496,0.64,6333.19,1153.5,1266.64,1266.64,0.91,1.0,-1.07,正常,847.53,124.93,972.47,13.38,1.97,1,0,5,0,197.86,25.23,,,,,,,0,,,,0.0,57.43,-130,-31,1.91,65.03,未取得,0.0,65.03,0.0,0.0,0.0,0.0,0.0,5.69,65.03,2026-08,6.56,18.39,9.96,,,,營收 2026-08，月增 6.56%，年增 18.39%，累計年增 9.96%,外資買超；投信買超；融資下降；接近區間高點；毛利率連2升；營收 2026-08，月增 6.56%，年增 18.39%，累計年增 9.96%,65.03
2026-10-08,2404,漢唐,TWSE,其他電子業,,5,1305.0,19.68,3.07,13.76,1.56,,,-3.69,3.16,19.817,0.94,252,39.57,53.35,6.77,-29.81,-10.0,79.75,15.36,27.03,8.77,0.0,2026-10-08,42.15,0.38,3.48,56.8,29.32,-0.58,5.04,2026Q2,23.64,19.96,14.43,2,66.35,19.67,34.5,20.91,-5.9,19.92,168.8,1.43,21.5,17.5,4.0,0.0,0,1,單季 EPS 年增 169%、毛利率連 2 季升、月營收年增 59%、PE 19.7（一年 34% 分位）、距 52 週高點 -10%,5.4,82.81,1309.6031,-0.35,7566.06,1100.61,1513.21,1513.21,0.73,1.0,-3.27,正常,1395.11,14.8,1409.91,18.44,0.2,0,1,2,0,-48.01,126.0,,,,,,,0,,,,0.0,41.49,-246,-4,3.24,64.29,未取得,0.0,64.29,0.0,0.0,0.0,0.0,0.0,19.56,64.29,2026-08,-5.56,59.05,71.61,,,,營收 2026-08，月增 -5.56%，年增 59.05%，累計年增 71.61%,外資買超；投信買超；融資下降；毛利率連2升；千張大戶增持；營收 2026-08，月增 -5.56%，年增 59.05%，累計年增 71.61%,64.29
2026-10-08,1591,駿吉-KY,TPEX,電機機械,,5,41.4,,0.0,3.51,0.36,,,-3.5,2.22,0.082,0.22,225,-10.58,,-43.39,,-40.6,32.91,8.77,,-8.66,0.0,2026-10-08,8.04,0.0,0.0,19.45,59.71,-0.52,0.0,2026Q1,31.69,-2.9,-2.41,1,-2.31,,,,,-0.08,,161.32,0.0,0.0,0.0,0.0,,0,近四季 EPS 未轉正或缺財報,-3.8,49.01,41.437,-0.09,992.0,106.0,198.4,198.4,0.53,1.0,-5.59,正常,117.93,0.0,117.93,11.89,0.0,1,0,0,0,46.04,0.0,,,,,,,0,,,,0.0,37.51,-29,0,2.92,64.04,未取得,0.0,64.04,0.0,0.0,0.0,0.0,0.0,23.61,64.04,2026-08,26.72,927.89,337.08,,,,營收 2026-08，月增 26.72%，年增 927.89%，累計年增 337.08%,外資買超；融資下降；營收 2026-08，月增 26.72%，年增 927.89%，累計年增 337.08%,64.04
2026-10-08,1312,國喬,TWSE,塑膠工業,,5,15.15,,0.0,0.58,2.71,,,-2.26,4.84,2.287,1.63,252,7.45,52.26,-25.36,-30.9,-8.18,68.15,13.05,20.13,1.7,2.0,2026-10-08,57.2,0.5,0.98,61.11,30.8,-0.31,6.0,2026Q2,2.0,-10.13,-10.41,3,-4.12,,,,,-0.51,,9.41,0.0,0.0,0.0,0.0,,0,近四季 EPS 未轉正或缺財報,-1.5,77.98,14.9778,1.15,76330.99,22315.83,15266.2,15266.2,1.46,1.0,8.54,正常,21836.16,0.0,21836.16,28.61,0.0,3,0,0,0,8931.15,0.0,,,,,,,0,,,,0.0,44.0,-794,7,1.05,63.88,未取得,0.0,63.88,0.0,0.0,0.0,0.0,0.0,18.83,63.88,2026-08,67.44,89.23,20.16,,,,營收 2026-08，月增 67.44%，年增 89.23%，累計年增 20.16%,外資買超；融資下降；毛利率連3升；千張大戶增持；營收 2026-08，月增 67.44%，年增 89.23%，累計年增 20.16%,63.88
2026-10-08,2543,皇昌,TWSE,建材營造業,,5,39.6,13.7,3.86,2.18,3.26,,,-1.49,4.35,0.349,6.96,252,-31.37,-46.49,-64.17,-129.65,-51.47,11.71,2.76,-24.89,-12.0,3.0,2026-10-08,67.59,0.26,-0.09,71.66,22.27,-0.22,2.31,2026Q2,17.81,14.29,10.57,1,2.6,15.23,14.3,18.87,-27.4,0.97,31.1,-2.13,23.5,9.5,14.0,0.0,0,0,單季 EPS 年增 31%、毛利率連 1 季升、月營收年增 52%、PE 13.7（一年 14% 分位）、距 52 週高點 -51%,4.2,69.27,38.6342,2.5,4519.95,1051.67,903.99,903.99,1.16,1.0,1.96,正常,1129.08,0.0,1129.08,24.98,0.0,2,0,0,0,342.68,0.0,,,,,,,0,,,,0.0,42.0,-182,10,4.16,63.82,未取得,0.0,63.82,0.0,0.0,0.0,0.0,0.0,17.66,63.82,2026-08,-9.34,51.51,59.41,,,,營收 2026-08，月增 -9.34%，年增 51.51%，累計年增 59.41%,外資買超；融資下降；接近區間高點；年線之下；營收 2026-08，月增 -9.34%，年增 51.51%，累計年增 59.41%,63.82
2026-10-08,2414,精技,TWSE,電子通路業,,5,53.9,13.11,5.57,2.77,2.08,,,-0.55,2.67,0.068,6.25,252,18.07,26.23,-14.73,-56.93,-20.38,35.43,-0.6,12.69,4.04,4.5,2026-10-08,49.81,0.03,0.13,59.69,29.93,-0.15,1.13,2026Q2,6.38,2.66,1.8,-1,4.11,13.11,19.4,13.57,-3.4,1.36,76.6,0.08,0.0,0.0,0.0,0.0,,1,日均量 127 張偏低（門檻 500）,0.3,77.38,53.4908,0.77,634.54,77.28,126.91,126.91,0.61,1.0,-4.69,正常,97.08,-7.0,90.08,15.3,-1.1,4,0,0,1,15.16,-5.0,,,,,,,0,,,,0.0,40.1,-1,0,0.16,63.51,未取得,0.0,63.51,0.0,0.0,0.0,0.0,0.0,23.25,63.51,2026-08,41.26,79.52,47.82,,,,營收 2026-08，月增 41.26%，年增 79.52%，累計年增 47.82%,外資買超；融資下降；接近區間高點；營收 2026-08，月增 41.26%，年增 79.52%，累計年增 47.82%,63.51
2026-10-08,3176,基亞,TPEX,生技醫療業,,5,38.7,,0.0,3.65,3.06,,,-2.52,4.45,0.146,1.84,252,23.25,36.27,-9.56,-46.89,-11.24,38.21,8.73,17.71,5.18,0.0,2026-10-08,30.58,0.77,1.93,37.27,47.93,-0.41,6.0,2026Q2,60.35,6.94,-9.13,1,-1.81,,,,,-0.19,,23.1,0.0,0.0,0.0,0.0,,0,近四季 EPS 未轉正或缺財報,-3.8,76.0,38.3502,0.91,1903.0,498.0,380.6,380.6,1.31,1.0,6.7,正常,341.84,0.0,341.84,17.96,0.0,2,0,0,0,112.88,0.0,,,,,,,0,,,,0.0,42.0,-143,-1,7.5,63.43,未取得,0.0,63.43,0.0,0.0,0.0,0.0,0.0,13.93,63.43,2026-08,241.37,197.4,-10.45,,,,營收 2026-08，月增 241.37%，年增 197.4%，累計年增 -10.45%,外資買超；融資下降；千張大戶增持；營收 2026-08，月增 241.37%，年增 197.4%，累計年增 -10.45%,63.43
2026-10-08,2241,艾姆勒,TWSE,汽車工業,,5,50.5,,0.0,4.03,15.43,,,-11.71,17.17,4.829,9.0,252,81.0,45.11,48.2,-38.05,-11.71,87.04,39.2,42.71,15.78,0.0,2026-10-08,32.48,3.72,0.66,44.73,37.81,-2.23,6.0,2026Q2,7.67,-10.31,-11.19,-2,-0.76,,,,,-0.27,,35.75,0.0,0.0,0.0,0.0,,0,近四季 EPS 未轉正或缺財報,-7.4,97.19,51.6424,-2.21,46751.22,24358.17,9350.24,9350.24,2.61,1.0,21.0,強放量,6792.58,0.0,6792.58,14.53,0.0,5,0,0,0,3098.19,0.0,,,,,,,0,,,,0.0,47.62,779,114,-1.33,63.31,未取得,0.0,63.31,0.0,0.0,0.0,0.0,0.0,17.02,63.31,2026-08,8.88,47.33,46.45,,,,營收 2026-08，月增 8.88%，年增 47.33%，累計年增 46.45%,外資買超；融資增加；強放量；毛利率連2降；千張大戶增持；營收 2026-08，月增 8.88%，年增 47.33%，累計年增 46.45%,63.31
2026-10-08,2027,大成鋼,TWSE,鋼鐵工業,,5,48.25,9.52,3.11,1.42,0.42,,,-2.13,2.33,4.141,0.25,252,29.36,24.36,-3.45,-58.81,-7.74,39.05,3.09,19.54,6.52,6.5,2026-10-08,73.66,-0.04,-0.19,77.89,16.49,-0.05,-0.89,2026Q2,30.49,21.11,13.29,2,4.89,9.87,7.5,13.42,-29.1,1.93,359.5,7.29,31.5,17.0,14.5,0.0,0,0,單季 EPS 年增 360%、毛利率連 2 季升、月營收年增 46%、PE 9.5（一年 8% 分位）、距 52 週高點 -8%,5.4,84.42,48.167,0.17,42983.08,11775.78,8596.62,8596.62,1.37,1.0,7.44,正常,5493.19,628.0,6121.19,12.78,1.46,3,0,1,0,1203.12,2989.0,,,,,,,0,,,,0.0,49.55,54,-110,-0.18,62.92,未取得,0.0,62.92,0.0,0.0,0.0,0.0,0.0,13.55,62.92,2026-08,-1.84,46.09,34.23,,,,營收 2026-08，月增 -1.84%，年增 46.09%，累計年增 34.23%,外資買超；投信買超；融資增加；毛利率連2升；營收 2026-08，月增 -1.84%，年增 46.09%，累計年增 34.23%,62.92
2026-10-08,6613,朋億*,TPEX,其他電子業,,5,286.0,16.91,3.5,3.46,1.78,,,-2.56,3.06,0.821,1.07,252,21.19,66.28,-11.62,-16.88,-27.96,73.33,2.96,20.97,4.72,3.0,2026-10-08,55.52,0.0,0.0,59.45,32.52,-0.55,0.0,2026Q2,23.98,13.15,9.59,-1,16.91,16.91,67.1,15.2,11.3,4.67,135.9,-8.81,0.0,0.0,0.0,0.0,,0,日均量 288 張偏低（門檻 500）,0.3,69.59,285.3106,0.24,1439.0,184.0,287.8,287.8,0.64,1.0,-4.33,正常,346.82,1.77,348.6,24.1,0.12,0,1,0,0,-32.57,0.0,,,,,,,0,,,,0.0,36.31,-34,0,2.36,62.67,未取得,0.0,62.67,0.0,0.0,0.0,0.0,0.0,24,62.67,2026-08,30.8,186.82,63.62,,,,營收 2026-08，月增 30.8%，年增 186.82%，累計年增 63.62%,外資買超；投信買超；融資下降；營收 2026-08，月增 30.8%，年增 186.82%，累計年增 63.62%,62.67
2026-10-08,6558,興能高,TWSE,其他電子業,,5,25.1,,0.0,1.77,-1.57,,,-2.52,0.8,0.039,-0.94,252,-15.63,-42.1,-48.44,-125.26,-50.1,11.31,-0.47,-21.03,-12.0,0.0,2026-10-08,38.61,0.0,0.0,42.28,51.91,-0.39,0.0,2026Q2,9.84,-14.19,-13.3,-3,-1.22,,,,,-0.41,,-11.93,0.0,0.0,0.0,0.0,,0,近四季 EPS 未轉正或缺財報,-8.0,40.73,25.2865,-0.74,770.0,134.32,154.0,154.0,0.87,1.0,-1.53,正常,166.02,0.0,166.02,21.56,0.0,5,0,0,0,39.07,0.0,,,,,,,0,,,,0.0,48.0,-32,17,4.16,62.43,未取得,0.0,62.43,0.0,0.0,0.0,0.0,0.0,10.27,62.43,2026-08,85.88,35.96,-6.26,,,,營收 2026-08，月增 85.88%，年增 35.96%，累計年增 -6.26%,外資買超；融資下降；年線之下；毛利率連3降；營收 2026-08，月增 85.88%，年增 35.96%，累計年增 -6.26%,62.43
2026-10-08,1808,潤隆,TWSE,建材營造業,,5,32.55,7.7,4.61,2.11,3.01,,,-0.61,4.49,0.274,6.81,245,7.25,13.41,-25.56,-69.75,-19.03,16.46,-2.31,1.69,1.66,4.5,2026-10-08,78.64,0.16,-0.35,80.71,14.89,-0.06,0.73,2026Q2,25.67,21.51,18.46,-2,4.11,7.92,6.8,11.49,-33.0,1.46,,343.0,20.0,5.0,15.0,0.0,0,0,毛利率連 2 季降、月營收年增 33033%、PE 7.7（一年 7% 分位）、距 52 週高點 -19%,0.6,74.6,31.941,1.91,4293.02,597.99,858.6,858.6,0.7,1.0,-3.64,正常,1060.27,0.0,1060.27,24.7,0.0,2,0,0,0,251.03,0.0,,,,,,,0,,,,0.0,42.0,-116,1,2.72,62.12,未取得,0.0,62.12,0.0,0.0,0.0,0.0,0.0,17.4,62.12,2026-08,-43.45,33032.93,13849.62,,,,營收 2026-08，月增 -43.45%，年增 33032.93%，累計年增 13849.62%,外資買超；融資下降；接近區間高點；毛利率連2降；營收 2026-08，月增 -43.45%，年增 33032.93%，累計年增 13849.62%,62.12
2026-10-08,1316,上曜,TWSE,建材營造業,,5,10.4,,0.0,0.87,-1.42,,,-1.89,1.46,0.178,4.15,252,-14.75,-33.33,-47.56,-116.5,-39.36,10.76,-1.0,-16.53,-12.0,2.0,2026-10-08,33.04,-0.16,0.29,41.07,44.85,0.09,-0.41,2026Q2,34.6,5.63,-2.97,2,-0.27,,,,,-0.17,,-16.07,0.0,0.0,0.0,0.0,,0,近四季 EPS 未轉正或缺財報,-2.6,57.07,10.418,-0.17,8527.75,2389.3,1705.55,1705.55,1.4,1.0,7.81,正常,661.12,0.0,661.12,7.75,0.0,3,0,0,0,603.56,0.0,,,,,,,0,,,,0.0,33.71,-1034,0,8.0,62.02,未取得,0.0,62.02,0.0,0.0,0.0,0.0,0.0,20.31,62.02,2026-08,-0.76,93.05,122.06,,,,營收 2026-08，月增 -0.76%，年增 93.05%，累計年增 122.06%,外資買超；融資下降；接近區間高點；年線之下；毛利率連2升；營收 2026-08，月增 -0.76%，年增 93.05%，累計年增 122.06%,62.02
2026-10-08,3019,亞光,TWSE,光電業,,5,137.0,23.1,3.36,2.57,-1.44,,,-4.53,0.74,3.893,-0.86,252,6.2,-11.04,-26.6,-94.2,-20.35,16.1,0.42,-2.7,-5.57,1.5,2026-10-08,33.34,0.77,0.12,38.8,53.91,-0.7,4.86,2026Q2,18.39,10.05,6.68,2,5.93,23.1,86.5,20.95,10.3,1.93,-32.5,0.27,4.5,1.5,3.0,0.0,0,0,毛利率連 2 季升、月營收年增 15%、PE 23.1（一年 86% 分位）、距 52 週高點 -20%,3.9,63.03,140.0322,-2.17,13899.12,1612.83,2779.82,2779.82,0.58,1.0,-5.04,正常,2349.42,0.0,2349.42,16.9,0.0,5,0,0,0,41.45,0.0,,,,,,,0,,,,0.0,48.0,-929,-10,6.66,61.72,未取得,0.0,61.72,0.0,0.0,0.0,0.0,0.0,7.06,61.72,2026-08,15.27,15.29,15.45,,,,營收 2026-08，月增 15.27%，年增 15.29%，累計年增 15.45%,外資買超；融資下降；年線之下；毛利率連2升；千張大戶增持；營收 2026-08，月增 15.27%，年增 15.29%，累計年增 15.45%,61.72
2026-10-08,4513,福裕,TPEX,電機機械,,5,16.15,,0.0,1.49,-0.92,,,-2.12,0.94,0.026,-0.55,252,-2.71,-11.75,-35.52,-94.91,-32.57,16.19,-6.15,-6.2,-10.87,2.0,2026-10-08,53.16,0.0,-0.17,57.76,33.06,-0.22,-0.51,2026Q2,8.57,-0.79,-1.37,-1,-0.8,,,,,-0.1,,10.1,0.0,0.0,0.0,0.0,,0,近四季 EPS 未轉正或缺財報,-6.2,46.56,16.176,-0.16,800.0,188.0,160.0,160.0,1.18,1.0,2.1,正常,144.0,0.0,144.0,18.0,0.0,5,0,0,0,29.0,0.0,,,,,,,0,,,,0.0,48.0,-7,0,0.88,61.64,未取得,0.0,61.64,0.0,0.0,0.0,0.0,0.0,12.76,61.64,2026-08,-1.78,18.77,133.38,,,,營收 2026-08，月增 -1.78%，年增 18.77%，累計年增 133.38%,外資買超；融資下降；年線之下；營收 2026-08，月增 -1.78%，年增 18.77%，累計年增 133.38%,61.64
2026-10-08,3631,晟楠,TPEX,電子零組件業,,5,47.05,,0.0,3.22,14.34,,,0.0,17.04,0.222,13.6,252,76.22,63.65,43.41,-19.51,0.0,141.28,25.93,50.23,21.21,0.0,2026-10-08,74.44,0.0,0.0,80.75,10.51,-0.16,0.0,2026Q2,15.28,-313.04,-182.98,-2,-0.47,,,,,-0.2,,26.95,0.0,0.0,0.0,0.0,,0,近四季 EPS 未轉正或缺財報,-7.4,97.92,43.7665,7.5,2534.0,1132.0,506.8,506.8,2.23,1.0,17.8,強放量,356.0,0.0,356.0,14.05,0.0,3,0,0,0,142.0,0.0,,,,,,,0,,,,0.0,37.24,-172,0,6.79,61.61,未取得,0.0,61.61,0.0,0.0,0.0,0.0,0.0,17.58,61.61,2026-08,9.44,421.94,35.28,,,,營收 2026-08，月增 9.44%，年增 421.94%，累計年增 35.28%,外資買超；融資下降；強放量；接近區間高點；逼近52週高點；毛利率連2降；營收 2026-08，月增 9.44%，年增 421.94%，累計年增 35.28%,61.61
2026-10-08,8499,鼎炫-KY,TWSE,其他電子業,,5,253.5,23.85,3.16,1.25,-0.39,,,-1.17,1.2,0.042,4.77,251,-10.9,-5.23,-43.7,-88.4,-38.17,11.67,-2.55,-11.17,-11.69,3.5,2026-10-08,72.65,0.0,0.0,79.86,14.38,-0.26,0.0,2026Q1,44.52,18.33,11.83,-1,9.98,25.4,11.2,26.81,-11.0,2.61,-5.4,-9.71,0.0,0.0,0.0,0.0,,0,日均量 17 張偏低（門檻 500）,1.8,55.97,253.4048,0.04,83.35,5.9,16.67,16.67,0.35,1.0,-7.75,正常,16.0,0.0,16.0,19.2,0.0,1,0,0,0,2.0,0.0,,,,,,,0,,,,0.0,40.0,-1,0,1.2,61.46,未取得,0.0,61.46,0.0,0.0,0.0,0.0,0.0,20.26,61.46,2026-08,-1.18,91.24,93.23,,,,營收 2026-08，月增 -1.18%，年增 91.24%，累計年增 93.23%,外資買超；融資下降；接近區間高點；年線之下；營收 2026-08，月增 -1.18%，年增 91.24%，累計年增 93.23%,61.46
2026-10-08,3546,宇峻,TPEX,文化創意業,,5,73.5,14.64,3.4,2.73,0.68,,,0.0,2.08,0.066,5.41,252,2.37,-9.71,-30.44,-92.87,-15.9,12.73,0.86,-2.46,-6.36,3.0,2026-10-08,22.44,0.0,-0.63,34.86,52.45,-0.19,-1.5,2026Q2,85.52,18.09,15.89,-4,4.85,15.15,12.7,25.63,-42.9,0.96,,10.98,0.0,0.0,0.0,0.0,,0,日均量 91 張偏低（門檻 500）,-0.5,64.22,72.6689,1.14,454.0,114.0,90.8,90.8,1.26,1.0,6.07,正常,44.98,0.0,44.98,9.91,0.0,3,0,0,0,34.16,0.0,,,,,,,0,,,,0.0,39.74,11,0,-1.94,61.14,未取得,0.0,61.14,0.0,0.0,0.0,0.0,0.0,23.34,61.14,2026-08,38.01,93.84,49.87,,,,營收 2026-08，月增 38.01%，年增 93.84%，累計年增 49.87%,外資買超；融資增加；接近區間高點；年線之下；毛利率連4降；營收 2026-08，月增 38.01%，年增 93.84%，累計年增 49.87%,61.14
2026-10-08,3360,尚立,TPEX,電子通路業,,5,15.4,1540.0,0.0,1.42,-0.96,,,-2.22,1.99,0.039,-0.58,252,8.45,23.69,-24.35,-59.47,-35.43,32.76,-3.44,2.83,-2.08,0.0,2026-10-08,16.99,0.0,0.0,22.42,60.74,-0.6,0.0,2026Q2,3.08,0.79,0.06,-2,0.01,1540.0,,,,0.03,,0.9,0.0,0.0,0.0,0.0,,0,日均量 251 張偏低（門檻 500）,-0.9,55.99,15.3865,0.09,1253.0,190.0,250.6,250.6,0.76,1.0,-2.9,正常,246.82,0.0,246.82,19.7,0.0,3,0,0,0,74.82,0.0,,,,,,,0,,,,0.0,44.0,-20,0,1.6,61.0,未取得,0.0,61.0,0.0,0.0,0.0,0.0,0.0,15.4,61.0,2026-08,-14.5,41.89,61.74,,,,營收 2026-08，月增 -14.5%，年增 41.89%，累計年增 61.74%,外資買超；融資下降；毛利率連2降；營收 2026-08，月增 -14.5%，年增 41.89%，累計年增 61.74%,61.0
2026-10-08,3041,揚智,TWSE,半導體業,,5,23.85,,0.0,2.38,-3.83,,,-5.17,1.27,0.132,-2.3,252,6.47,-13.27,-26.33,-96.43,-26.62,19.85,3.18,-4.32,-5.51,0.0,2026-10-08,23.0,-0.01,1.3,26.97,64.66,0.13,1.42,2026Q2,53.84,-3.93,-6.11,2,-3.0,,,,,-0.21,,37.56,0.0,0.0,0.0,0.0,,0,近四季 EPS 未轉正或缺財報,-2.6,51.1,24.231,-1.57,2718.74,463.78,543.75,543.75,0.85,1.0,-1.76,正常,229.23,0.0,229.23,8.43,0.0,3,0,0,0,54.32,0.0,,,,,,,0,,,,0.0,35.61,-158,-8,5.72,60.97,未取得,0.0,60.97,0.0,0.0,0.0,0.0,0.0,19.64,60.97,2026-08,-6.32,143.33,69.46,,,,營收 2026-08，月增 -6.32%，年增 143.33%，累計年增 69.46%,外資買超；融資下降；年線之下；毛利率連2升；營收 2026-08，月增 -6.32%，年增 143.33%，累計年增 69.46%,60.97
2026-10-08,4523,永彰,TPEX,電機機械,,5,24.0,0.9,11.01,0.86,0.42,,,-0.62,2.35,0.01,5.25,252,-21.18,-28.36,-53.99,-111.52,-40.15,3.0,-1.2,-16.82,-12.0,8.0,2026-10-08,52.02,0.01,0.01,59.97,30.6,0.09,0.11,2026Q2,23.69,-15.49,-21.88,3,27.14,0.88,9.2,1.27,-29.1,-0.77,,118.06,0.0,0.0,0.0,0.0,,1,最新單季虧損,2.0,63.41,23.8489,0.63,220.0,38.0,44.0,44.0,0.86,1.0,-1.64,正常,31.0,0.0,31.0,14.09,0.0,3,0,0,0,5.0,0.0,,,,,,,0,,,,0.0,43.27,32,0,-6.4,60.87,未取得,0.0,60.87,0.0,0.0,0.0,0.0,0.0,24,60.87,2026-08,100.59,242.54,91.93,,,,營收 2026-08，月增 100.59%，年增 242.54%，累計年增 91.93%,外資買超；融資增加；接近區間高點；年線之下；毛利率連3升；營收 2026-08，月增 100.59%，年增 242.54%，累計年增 91.93%,60.87
2026-10-08,2885,元大金,TWSE,金融保險業,金控,5,68.3,16.0,3.22,2.38,2.25,,,-2.71,2.55,12.195,1.35,252,34.71,98.55,1.91,15.38,-5.53,102.07,2.01,31.19,7.7,3.0,2026-10-08,80.28,0.01,0.02,83.0,13.18,-0.02,0.64,2026Q1,,,36.04,0,3.23,21.15,39.7,16.39,-2.4,1.08,83.1,,17.0,13.0,4.0,0.0,0,1,單季 EPS 年增 83%、月營收年增 65%、PE 16.0（一年 40% 分位）、距 52 週高點 -6%,4.5,79.02,68.4961,-0.29,89017.26,20844.99,17803.45,17803.45,1.17,1.0,2.05,正常,4618.44,3303.61,7922.05,5.19,3.71,0,1,3,0,-5169.55,1240.8,,,,,,,0,,,,0.0,38.27,-676,-23,0.75,60.8,未取得,0.0,60.8,0.0,0.0,0.0,0.0,0.0,21.78,60.8,2026-08,11.53,65.35,78.7,,,,營收 2026-08，月增 11.53%，年增 65.35%，累計年增 78.7%,外資買超；投信買超；融資下降；營收 2026-08，月增 11.53%，年增 65.35%，累計年增 78.7%,60.8
2026-10-08,4934,太極,TWSE,光電業,,5,17.1,,0.0,2.25,15.93,,,0.0,17.93,0.258,14.0,252,4.27,16.72,-28.54,-66.44,-24.67,46.78,18.42,9.31,1.0,0.0,2026-10-08,29.47,0.23,-0.02,34.55,53.87,-0.29,2.28,2026Q2,-35.73,-197.27,-70.39,2,-0.82,,,,,-0.17,,414.15,0.0,0.0,0.0,0.0,,0,近四季 EPS 未轉正或缺財報,-2.6,85.18,16.0681,6.42,8028.5,4681.15,1605.7,1605.7,2.92,1.0,21.0,強放量,1582.98,0.0,1582.98,19.72,0.0,2,0,0,0,742.37,0.0,,,,,,,0,,,,0.0,36.0,0,0,0.0,60.0,未取得,0.0,60.0,0.0,0.0,0.0,0.0,0.0,24,60.0,2026-08,43.66,192.98,163.62,,,,營收 2026-08，月增 43.66%，年增 192.98%，累計年增 163.62%,外資買超；強放量；接近區間高點；毛利率連2升；營收 2026-08，月增 43.66%，年增 192.98%，累計年增 163.62%,60.0
2026-10-08,8096,擎亞,TPEX,電子通路業,,5,90.3,24.94,0.55,4.35,1.46,,,-0.77,3.32,1.837,5.88,252,-4.85,99.12,-37.65,15.96,-48.98,121.32,-17.33,1.36,-4.09,0.0,2026-10-08,34.49,0.3,-2.89,40.61,52.67,-0.28,1.4,2026Q2,2.44,0.99,1.21,-1,3.62,24.94,17.9,62.64,-60.2,1.41,,0.42,16.0,5.0,11.0,0.0,0,0,毛利率連 1 季降、月營收年增 270%、PE 24.9（一年 18% 分位）、距 52 週高點 -49%,0.3,62.31,89.2828,1.14,10288.0,1794.0,2057.6,2057.6,0.87,1.0,-1.54,正常,1729.83,0.0,1729.83,16.81,0.0,0,1,0,0,-76.3,0.0,,,,,,,0,,,,0.0,36.0,-645,-26,6.19,59.59,未取得,0.0,59.59,0.0,0.0,0.0,0.0,0.0,17.4,59.59,2026-08,-30.2,269.56,80.66,,,,營收 2026-08，月增 -30.2%，年增 269.56%，累計年增 80.66%,外資買超；融資下降；接近區間高點；千張大戶增持；營收 2026-08，月增 -30.2%，年增 269.56%，累計年增 80.66%,59.59
2026-10-08,6026,福邦證,TPEX,金融保險業,,5,15.8,5.72,8.63,0.99,-0.94,,,-1.86,0.32,0.105,4.44,252,6.76,36.8,-26.05,-46.37,-19.18,41.07,6.25,9.34,1.55,8.0,2026-10-08,42.14,0.3,0.95,51.59,33.82,-0.05,4.4,2026Q2,,68.48,56.81,0,2.76,5.72,10.7,9.85,-41.9,1.01,,84.79,23.5,8.0,15.5,0.0,0,1,月營收年增 232%、PE 5.7（一年 11% 分位）、距 52 週高點 -19%,4.5,80.47,15.9302,-0.82,3297.0,440.0,659.4,659.4,0.67,1.0,-3.99,正常,520.79,-32.57,488.22,15.8,-0.99,5,0,0,3,52.0,-8.14,,,,,,,0,,,,0.0,37.88,95,0,-2.31,59.57,未取得,0.0,59.57,0.0,0.0,0.0,0.0,0.0,24,59.57,2026-08,381.78,231.78,170.4,,,,營收 2026-08，月增 381.78%，年增 231.78%，累計年增 170.4%,外資買超；融資增加；接近區間高點；千張大戶增持；營收 2026-08，月增 381.78%，年增 231.78%，累計年增 170.4%,59.57
2026-10-08,2540,愛山林,TWSE,建材營造業,,5,49.5,,12.12,4.34,2.8,,,-0.2,4.54,0.22,6.68,252,-8.16,-2.75,-40.97,-85.91,-40.29,16.61,-1.16,-1.46,-11.42,3.0,2026-10-08,89.27,-0.01,0.17,91.04,6.37,0.01,0.43,2026Q2,20.18,4.0,1.3,1,-0.31,,62.6,52.86,41.3,0.03,-96.7,-13.8,0.0,0.0,0.0,0.0,,0,近四季 EPS 未轉正或缺財報,-0.8,58.38,48.3329,2.41,2272.67,538.76,454.53,454.53,1.19,1.0,2.22,正常,773.37,0.0,773.37,34.03,0.0,3,0,0,0,414.64,0.0,,,,,,,0,,,,0.0,44.0,-89,0,3.92,59.38,未取得,0.0,59.38,0.0,0.0,0.0,0.0,0.0,11.46,59.38,2026-08,39.0,98.38,-25.15,,,,營收 2026-08，月增 39.0%，年增 98.38%，累計年增 -25.15%,外資買超；融資下降；接近區間高點；年線之下；營收 2026-08，月增 39.0%，年增 98.38%，累計年增 -25.15%,59.38
2026-10-08,5014,建錩,TPEX,鋼鐵工業,,5,10.1,,4.95,0.7,0.0,,,-1.94,1.1,0.016,5.0,252,-0.49,-4.27,-33.3,-87.43,-17.89,8.49,-2.41,-4.34,-6.65,3.5,2026-10-08,26.84,0.0,0.01,37.75,46.87,-0.13,0.03,2026Q2,4.64,1.85,-2.12,-1,-0.78,,,,,-0.51,,2.09,0.0,0.0,0.0,0.0,,0,近四季 EPS 未轉正或缺財報,-6.2,52.31,10.0733,0.26,792.0,91.0,158.4,158.4,0.57,1.0,-5.11,正常,79.0,0.0,79.0,9.97,0.0,5,0,0,0,14.0,0.0,,,,,,,0,,,,0.0,43.93,-110,0,8.0,59.19,未取得,0.0,59.19,0.0,0.0,0.0,0.0,0.0,7.26,59.19,2026-08,-7.31,29.43,17.77,,,,營收 2026-08，月增 -7.31%，年增 29.43%，累計年增 17.77%,外資買超；融資下降；接近區間高點；年線之下；營收 2026-08，月增 -7.31%，年增 29.43%，累計年增 17.77%,59.19
2026-10-08,2115,六暉-KY,TWSE,汽車工業,,5,24.9,15.76,6.02,0.79,4.18,,,-2.16,5.06,0.023,2.51,251,15.28,-6.04,-17.53,-89.2,-8.62,26.4,7.28,6.96,3.42,6.5,2026-10-08,58.78,0.0,0.01,70.52,18.21,0.02,0.03,2026Q1,18.4,6.91,3.53,1,1.27,19.61,72.1,13.61,15.8,0.27,-53.4,-4.71,0.0,0.0,0.0,0.0,,0,日均量 91 張偏低（門檻 500）,2.7,70.77,24.8669,0.13,455.55,38.01,91.11,91.11,0.42,1.0,-6.99,正常,57.0,0.0,57.0,12.51,0.0,3,0,0,0,4.0,0.0,,,,,,,0,,,,0.0,42.01,-26,0,5.71,59.1,未取得,0.0,59.1,0.0,0.0,0.0,0.0,0.0,11.38,59.1,2026-08,-0.37,47.41,18.05,,,,營收 2026-08，月增 -0.37%，年增 47.41%，累計年增 18.05%,外資買超；融資下降；營收 2026-08，月增 -0.37%，年增 47.41%，累計年增 18.05%,59.1
2026-10-08,2408,南亞科,TWSE,半導體業,記憶體,5,532.0,20.64,0.25,5.69,1.14,,,-0.93,3.91,224.105,5.68,252,149.18,456.49,116.37,373.32,-6.5,658.92,10.49,73.06,17.2,0.0,2026-10-08,81.04,0.25,0.01,83.72,12.91,-0.14,2.53,2026Q2,79.49,73.68,60.8,4,27.46,19.37,27.8,35.14,-41.3,14.97,,116.44,15.0,12.0,3.0,0.0,0,1,毛利率連 4 季升、月營收年增 561%、PE 20.6（一年 28% 分位）、距 52 週高點 -6%,8.0,97.04,526.7548,1.0,212722.7,64506.14,42544.54,42544.54,1.52,1.0,9.19,放量,25353.81,-2491.1,22862.71,11.92,-1.17,1,0,1,0,21773.27,192.53,,,,,,,0,,,,0.0,36.17,-4755,-36,2.23,59.03,未取得,0.0,59.03,0.0,0.0,0.0,0.0,0.0,20.63,59.03,2026-08,1.88,560.85,638.19,,,,營收 2026-08，月增 1.88%，年增 560.85%，累計年增 638.19%,外資買超；融資下降；放量；接近區間高點；毛利率連4升；營收 2026-08，月增 1.88%，年增 560.85%，累計年增 638.19%,59.03
2026-10-08,1301,台塑,TWSE,塑膠工業,,5,81.3,49.57,0.62,0.9,19.03,,,-1.33,21.71,67.205,14.0,252,49.17,112.83,16.37,29.67,-1.33,124.28,30.26,62.77,16.88,0.0,2026-10-08,74.23,1.31,1.57,76.85,18.85,-1.09,6.0,2026Q2,12.65,6.09,22.54,3,1.64,49.57,,,,1.68,,9.53,6.5,8.0,-1.5,0.0,0,0,毛利率連 3 季升、月營收年增 7%、PE 49.6、距 52 週高點 -1%,8.0,114.28,75.9979,6.98,442150.23,245432.81,88430.05,88430.05,2.78,1.0,21.0,強放量,71496.41,24227.0,95723.41,16.17,5.48,5,0,2,0,14225.02,13940.0,,,,,,,0,,,,0.0,60.7,10602,1100,-1.77,58.9,未取得,0.0,58.9,0.0,0.0,0.0,0.0,0.0,-0.03,58.9,2026-08,-8.51,6.79,-1.47,,,,營收 2026-08，月增 -8.51%，年增 6.79%，累計年增 -1.47%,外資買超；投信買超；融資增加；強放量；接近區間高點；逼近52週高點；毛利率連3升；千張大戶增持；營收 2026-08，月增 -8.51%，年增 6.79%，累計年增 -1.47%,58.9
2026-10-08,6465,威潤,TPEX,通信網路業,,5,41.7,12.19,0.48,3.39,-0.95,,,-2.46,3.47,0.064,-0.57,244,-6.5,178.0,-39.31,94.84,-46.12,220.77,-9.51,2.57,-4.25,1.5,2026-10-08,55.17,0.0,0.0,63.45,23.54,-0.55,0.0,2026Q2,83.34,32.11,27.55,1,3.35,12.45,7.0,20.39,-40.2,0.49,,44.85,0.0,0.0,0.0,0.0,,1,日均量 155 張偏低（門檻 500）,5.7,60.37,41.0593,1.56,777.0,147.0,155.4,155.4,0.95,1.0,-0.65,正常,146.0,0.0,146.0,18.79,0.0,3,0,0,0,31.0,0.0,,,,,,,0,,,,0.0,44.0,30,0,-3.09,58.31,未取得,0.0,58.31,0.0,0.0,0.0,0.0,0.0,17.4,58.31,2026-08,-26.52,128.67,90.77,,,,營收 2026-08，月增 -26.52%，年增 128.67%，累計年增 90.77%,外資買超；融資增加；營收 2026-08，月增 -26.52%，年增 128.67%，累計年增 90.77%,58.31
2026-10-08,1342,八貫,TWSE,其他業,,5,101.0,14.29,5.94,3.5,1.0,,,0.0,1.2,0.107,5.6,252,9.78,17.03,-23.02,-66.13,-17.21,26.09,-2.36,5.05,2.22,4.5,2026-10-08,51.25,0.0,-0.33,57.88,33.28,0.02,-0.99,2026Q2,24.27,16.43,,-1,7.05,14.33,5.2,15.75,-9.3,2.02,129.5,-1.23,0.0,0.0,0.0,0.0,,0,日均量 106 張偏低（門檻 500）,0.3,69.68,100.2184,0.78,531.87,103.16,106.37,106.37,0.97,1.0,-0.36,正常,74.77,-2.0,72.77,14.06,-0.38,5,0,0,1,19.78,-2.0,,,,,,,0,,,,0.0,43.51,6,-1,-0.96,58.23,未取得,0.0,58.23,0.0,0.0,0.0,0.0,0.0,15.68,58.23,2026-08,-9.02,62.83,37.26,,,,營收 2026-08，月增 -9.02%，年增 62.83%，累計年增 37.26%,外資買超；融資增加；接近區間高點；營收 2026-08，月增 -9.02%，年增 62.83%，累計年增 37.26%,58.23
2026-10-08,2607,榮運,TWSE,航運業,,5,56.5,11.28,4.78,0.96,5.61,,,0.0,6.4,0.272,8.37,246,12.1,0.18,-20.7,-82.98,-7.07,62.36,10.83,6.77,2.73,6.5,2026-10-08,71.44,-0.21,0.09,78.07,15.64,-0.11,-1.41,2026Q2,20.17,12.12,17.38,-1,4.69,12.05,87.8,9.93,13.6,1.64,137.7,-2.07,0.0,0.0,0.0,0.0,,1,日均量 497 張偏低（門檻 500）,1.8,76.32,54.864,2.98,2482.78,521.06,496.56,496.56,1.05,1.0,0.59,正常,1114.54,0.0,1114.54,44.89,0.0,5,0,0,0,217.47,0.0,,,,,,,0,,,,0.0,48.0,37,0,-1.19,58.03,未取得,0.0,58.03,0.0,0.0,0.0,0.0,0.0,11.22,58.03,2026-08,2.41,49.39,12.76,,,,營收 2026-08，月增 2.41%，年增 49.39%，累計年增 12.76%,外資買超；融資增加；接近區間高點；營收 2026-08，月增 2.41%，年增 49.39%，累計年增 12.76%,58.03
2026-10-08,2313,華通,TWSE,電子零組件業,PCB,5,248.0,39.94,1.13,6.08,9.73,,,-4.98,10.71,120.533,5.84,252,-4.62,181.5,-37.42,98.34,-18.82,245.89,12.94,30.15,-0.06,-1.5,2026-10-08,55.29,1.65,0.85,60.9,34.64,-1.96,6.0,2026Q2,18.51,9.76,7.4,1,6.21,39.94,64.7,36.3,10.0,1.24,77.1,-0.45,9.5,10.5,-1.0,0.0,0,0,單季 EPS 年增 77%、毛利率連 1 季升、月營收年增 7%、PE 39.9（一年 65% 分位）、距 52 週高點 -19%,2.7,67.89,249.0688,-0.43,241967.31,23659.31,48393.46,48393.46,0.49,1.0,-6.13,正常,24921.12,4652.23,29573.34,10.3,1.92,1,0,5,0,4035.87,708.0,,,,,,,0,,,,0.0,55.08,1359,-85,-0.46,57.98,未取得,0.0,57.98,0.0,0.0,0.0,0.0,0.0,3.36,57.98,2026-08,0.82,6.87,12.68,,,,營收 2026-08，月增 0.82%，年增 6.87%，累計年增 12.68%,外資買超；投信買超；融資增加；千張大戶增持；營收 2026-08，月增 0.82%，年增 6.87%，累計年增 12.68%,57.98
2026-10-08,6574,霈方,TPEX,生技醫療業,,5,123.0,9.29,2.44,2.53,2.93,,,0.0,4.68,0.05,6.76,230,19.42,,-13.39,,-20.13,88.36,-0.53,,0.34,3.0,2026-10-08,75.44,0.0,0.0,77.31,16.5,0.39,0.0,2026Q2,53.84,39.05,58.08,-1,13.24,9.29,14.3,13.0,-28.5,5.78,337.9,9.32,0.0,0.0,0.0,0.0,,1,日均量 42 張偏低（門檻 500）,3.3,71.77,119.4713,2.95,209.0,45.0,41.8,41.8,1.08,1.0,0.92,正常,35.0,0.0,35.0,16.75,0.0,1,0,0,0,7.0,0.0,,,,,,,0,,,,0.0,40.0,,,0.0,57.91,未取得,0.0,57.91,0.0,0.0,0.0,0.0,0.0,17.91,57.91,2026-08,4.39,82.8,41.17,,,,營收 2026-08，月增 4.39%，年增 82.8%，累計年增 41.17%,外資買超；接近區間高點；營收 2026-08，月增 4.39%，年增 82.8%，累計年增 41.17%,57.91
2026-10-08,3402,漢科,TPEX,其他電子業,,5,139.5,19.43,4.3,4.82,0.0,,,-2.11,1.82,0.578,0.0,252,12.05,12.96,-20.76,-70.21,-13.89,28.57,8.2,6.93,2.71,1.5,2026-10-08,24.52,0.0,0.0,30.47,58.61,-0.92,0.0,2026Q2,21.1,12.05,9.65,2,7.18,19.43,86.5,17.22,12.8,2.08,-6.7,-5.19,0.0,0.0,0.0,0.0,,0,日均量 413 張偏低（門檻 500）,3.9,62.93,139.9089,-0.29,2064.0,208.0,412.8,412.8,0.5,1.0,-5.95,正常,770.59,3.3,773.88,37.33,0.16,5,0,0,0,44.65,0.0,,,,,,,0,,,,0.0,48.4,3,2,-0.12,57.8,未取得,0.0,57.8,0.0,0.0,0.0,0.0,0.0,9.52,57.8,2026-08,1.59,32.84,21.37,,,,營收 2026-08，月增 1.59%，年增 32.84%，累計年增 21.37%,外資買超；投信買超；融資增加；毛利率連2升；營收 2026-08，月增 1.59%，年增 32.84%，累計年增 21.37%,57.8
2026-10-08,8046,南電,TWSE,電子零組件業,PCB,5,1475.0,173.33,0.14,19.35,1.03,,,-5.45,5.73,159.178,0.62,252,104.58,451.4,71.77,368.24,-5.45,582.87,25.55,107.49,17.2,-3.5,2026-10-08,81.23,0.63,1.95,85.67,9.03,-0.3,6.0,2026Q2,24.75,21.36,16.66,6,8.51,173.33,29.1,188.11,-7.9,3.5,,17.54,12.0,12.0,0.0,0.0,0,0,毛利率連 6 季升、月營收年增 41%、PE 173.3（一年 29% 分位）、距 52 週高點 -5%,6.5,81.6,1478.9987,-0.27,53812.72,5362.62,10762.54,10762.54,0.5,1.0,-6.02,正常,1620.48,2949.48,4569.96,3.01,5.48,5,0,0,1,392.97,-15.99,,,,,,,0,,,,0.0,40.02,-2350,-66,4.33,57.79,未取得,0.0,57.79,0.0,0.0,0.0,0.0,0.0,13.44,57.79,2026-08,-1.6,40.59,39.56,,,,營收 2026-08，月增 -1.6%，年增 40.59%，累計年增 39.56%,外資買超；投信買超；融資下降；毛利率連6升；千張大戶增持；營收 2026-08，月增 -1.6%，年增 40.59%，累計年增 39.56%,57.79
2026-10-08,3023,信邦,TWSE,電子零組件業,連接器,5,329.0,24.61,3.04,4.86,5.45,,,-0.3,6.99,2.773,8.27,252,17.71,49.55,-15.1,-33.62,-6.93,77.84,4.8,22.91,3.96,1.5,2026-10-08,56.88,0.42,0.49,70.24,16.81,-0.14,5.33,2026Q2,24.54,10.41,10.02,3,13.38,24.59,87.7,20.74,18.7,3.77,19.3,-0.85,14.0,13.0,1.0,0.0,0,0,單季 EPS 年增 19%、毛利率連 3 季升、月營收年增 32%、PE 24.6（一年 88% 分位）、距 52 週高點 -7%,6.5,81.46,321.5333,2.32,4312.0,633.24,862.4,862.4,0.73,1.0,-3.19,正常,1104.36,23.0,1127.36,25.61,0.53,2,0,1,0,254.55,19.0,,,,,,,0,,,,0.0,45.83,-135,3,3.17,57.5,未取得,0.0,57.5,0.0,0.0,0.0,0.0,0.0,8.5,57.5,2026-08,3.58,32.47,13.93,,,,營收 2026-08，月增 3.58%，年增 32.47%，累計年增 13.93%,外資買超；投信買超；融資下降；接近區間高點；毛利率連3升；千張大戶增持；營收 2026-08，月增 3.58%，年增 32.47%，累計年增 13.93%,57.5
2026-10-08,4123,晟德,TPEX,生技醫療業,,5,31.35,23.57,7.16,1.38,0.48,,,0.0,2.45,0.354,5.29,252,-24.73,-8.2,-57.54,-91.36,-39.01,6.81,-7.04,-16.91,-12.0,5.0,2026-10-08,52.97,-0.01,0.68,59.42,30.53,0.04,1.42,2026Q2,43.65,112.46,-2417.88,-1,1.34,23.4,92.8,14.55,62.0,-13.86,,111.49,0.0,0.0,0.0,0.0,,0,最新單季虧損,-2.7,55.33,30.9507,1.29,5712.0,1313.0,1142.4,1142.4,1.15,1.0,1.79,正常,894.41,0.0,894.41,15.66,0.0,3,0,0,0,580.12,0.0,,,,,,,0,,,,0.0,44.0,33,-7,-0.5,57.42,未取得,0.0,57.42,0.0,0.0,0.0,0.0,0.0,13.92,57.42,2026-08,-3.56,61.53,22.2,,,,營收 2026-08，月增 -3.56%，年增 61.53%，累計年增 22.2%,外資買超；融資增加；接近區間高點；年線之下；營收 2026-08，月增 -3.56%，年增 61.53%，累計年增 22.2%,57.42
2026-10-08,5263,智崴,TPEX,文化創意業,,5,96.1,45.55,0.0,1.78,6.19,,,-1.94,7.74,0.264,8.71,251,0.21,8.96,-32.6,-74.2,-26.08,15.92,2.76,-1.82,-6.58,-2.0,2026-10-08,41.21,-0.07,-1.15,54.86,31.75,-0.01,-2.06,2026Q2,40.31,5.64,5.56,-1,2.18,44.08,,,,0.41,,19.39,0.0,0.0,0.0,0.0,,1,日均量 283 張偏低（門檻 500）,0.3,66.25,93.4072,2.88,1413.0,863.0,282.6,282.6,3.05,1.0,21.0,強放量,174.61,0.0,174.61,12.36,0.0,2,0,0,0,132.9,0.0,,,,,,,0,,,,0.0,39.89,199,-5,-6.51,57.38,未取得,0.0,57.38,0.0,0.0,0.0,0.0,0.0,24,57.38,2026-08,72.77,216.56,79.3,,,,營收 2026-08，月增 72.77%，年增 216.56%，累計年增 79.3%,外資買超；融資增加；強放量；接近區間高點；年線之下；營收 2026-08，月增 72.77%，年增 216.56%，累計年增 79.3%,57.38
2026-10-08,9946,三發地產,TWSE,建材營造業,,5,16.55,3.55,8.34,0.74,-1.78,,,-2.65,0.3,0.03,-1.07,252,-2.65,-12.2,-35.45,-95.36,-24.26,6.77,-6.76,-6.31,-6.87,8.0,2026-10-08,78.31,-0.02,-0.13,81.74,12.97,0.04,-0.55,2026Q2,51.56,35.33,24.42,-1,4.63,3.57,0.0,11.28,-68.5,0.28,,109.98,0.0,0.0,0.0,0.0,,1,日均量 179 張偏低（門檻 500）,3.3,63.85,16.6719,-0.73,894.22,245.17,178.84,178.84,1.37,1.0,7.45,正常,75.26,-10.0,65.26,8.42,-1.12,1,0,0,1,66.0,-7.0,,,,,,,0,,,,0.0,25.38,-160,-2,7.93,57.31,未取得,0.0,57.31,0.0,0.0,0.0,0.0,0.0,24,57.31,2026-08,50.55,185.26,2974.14,,,,營收 2026-08，月增 50.55%，年增 185.26%，累計年增 2974.14%,外資買超；融資下降；年線之下；營收 2026-08，月增 50.55%，年增 185.26%，累計年增 2974.14%,57.31
2026-10-08,1528,恩德,TWSE,電機機械,,5,23.7,,0.0,2.14,-4.24,,,-5.77,0.85,0.63,-2.54,252,-20.47,55.92,-53.28,-27.24,-30.29,72.99,14.14,7.79,-5.65,0.0,2026-10-08,28.39,0.65,0.65,30.32,62.85,-0.29,6.0,2026Q2,29.28,-3.09,-11.03,-2,-0.34,,,,,-0.45,,-8.3,0.0,0.0,0.0,0.0,,0,近四季 EPS 未轉正或缺財報,-7.4,46.68,24.3061,-2.49,12957.24,2225.15,2591.45,2591.45,0.86,1.0,-1.7,正常,1502.61,0.0,1502.61,11.6,0.0,2,0,0,0,441.54,0.0,,,,,,,0,,,,0.0,39.28,-199,-183,1.11,57.12,未取得,0.0,57.12,0.0,0.0,0.0,0.0,0.0,16.73,57.12,2026-08,20.53,70.84,21.69,,,,營收 2026-08，月增 20.53%，年增 70.84%，累計年增 21.69%,外資買超；融資下降；毛利率連2降；千張大戶增持；營收 2026-08，月增 20.53%，年增 70.84%，累計年增 21.69%,57.12
2026-10-08,2460,建通,TWSE,電子零組件業,,5,30.4,,0.0,3.16,-1.3,,,-2.25,1.33,0.064,-0.78,252,-18.5,71.27,-51.3,-11.89,-27.62,117.14,1.24,12.54,-1.45,0.0,2026-10-08,53.76,0.07,0.11,58.5,31.45,-0.18,1.39,2026Q2,9.87,2.67,1.95,-1,-1.62,,,,,0.15,,13.28,0.0,0.0,0.0,0.0,,0,近四季 EPS 未轉正或缺財報,-3.2,51.37,30.4081,-0.03,1051.26,150.84,210.25,210.25,0.72,1.0,-3.39,正常,112.31,0.0,112.31,10.68,0.0,0,1,0,0,-2.69,0.0,,,,,,,0,,,,0.0,32.55,-42,0,4.0,57.11,未取得,0.0,57.11,0.0,0.0,0.0,0.0,0.0,20.56,57.11,2026-08,1.32,75.65,65.25,,,,營收 2026-08，月增 1.32%，年增 75.65%，累計年增 65.25%,外資買超；融資下降；營收 2026-08，月增 1.32%，年增 75.65%，累計年增 65.25%,57.11
2026-10-08,4721,美琪瑪,TPEX,化學工業,,5,81.9,16.48,2.81,4.24,0.86,,,-3.42,2.12,0.439,0.52,252,-8.39,6.64,-41.19,-76.52,-26.22,36.73,10.76,7.79,-0.44,1.5,2026-10-08,28.05,0.0,-1.4,33.49,56.33,-0.6,-1.5,2026Q2,26.63,20.73,16.9,4,4.97,16.48,14.7,23.69,-30.4,1.84,130.0,12.43,29.5,20.0,9.5,0.0,0,0,單季 EPS 年增 130%、毛利率連 4 季升、月營收年增 72%、PE 16.5（一年 15% 分位）、距 52 週高點 -26%,6.5,62.29,81.9479,-0.06,2678.0,415.0,535.6,535.6,0.77,1.0,-2.7,正常,335.37,0.0,335.37,12.52,0.0,2,0,0,0,29.17,0.0,,,,,,,0,,,,0.0,40.02,-39,0,1.46,57.06,未取得,0.0,57.06,0.0,0.0,0.0,0.0,0.0,15.58,57.06,2026-08,20.45,72.35,14.55,,,,營收 2026-08，月增 20.45%，年增 72.35%，累計年增 14.55%,外資買超；融資下降；毛利率連4升；營收 2026-08，月增 20.45%，年增 72.35%，累計年增 14.55%,57.06
2026-10-08,2605,新興,TWSE,航運業,散裝航運,5,36.7,7.49,2.72,1.11,2.66,,,-1.61,4.71,3.205,6.6,252,2.8,62.75,-30.0,-20.41,-20.65,67.58,6.91,16.73,0.68,5.0,2026-10-08,49.24,1.53,0.99,55.14,36.58,-1.03,6.0,2026Q2,45.32,31.61,132.39,1,4.9,7.49,11.9,23.72,-68.4,3.01,1405.0,17.6,24.0,15.5,13.5,-5.0,1,1,⚠ 循環高峰疑慮（獲利在多年高點、年增來自低基期，低 PE 可能反映市場預期獲利反轉）：單季 EPS 年增 1405%、毛利率連 1 季升、月營收年增 59%、PE 7.5（一年 12% 分位）、距 52 週高點 -21%,5.7,78.64,36.2749,1.17,44172.89,5360.64,8834.58,8834.58,0.61,1.0,-4.72,正常,6783.39,-1.0,6782.39,15.36,-0.0,1,0,0,0,534.95,0.0,,,,,,,0,,,,0.0,39.99,-118,13,0.28,57.02,未取得,0.0,57.02,0.0,0.0,0.0,0.0,0.0,16.75,57.02,2026-08,6.04,58.75,34.07,,,,營收 2026-08，月增 6.04%，年增 58.75%，累計年增 34.07%,外資買超；融資下降；接近區間高點；千張大戶增持；營收 2026-08，月增 6.04%，年增 58.75%，累計年增 34.07%,57.02
2026-10-08,2206,三陽工業,TWSE,汽車工業,,5,63.6,10.65,4.81,1.87,1.27,,,-0.16,2.58,0.322,5.76,252,8.16,4.61,-24.64,-78.56,-4.65,17.13,0.98,4.39,1.86,4.5,2026-10-08,81.74,0.3,0.09,85.57,10.78,-0.07,3.17,2026Q2,20.72,8.03,8.69,-1,5.86,10.85,67.5,10.49,1.5,1.77,16.4,-2.58,0.5,-2.5,3.0,0.0,0,0,單季 EPS 年增 16%、毛利率連 1 季降、月營收年減 0%、PE 10.7（一年 68% 分位）、距 52 週高點 -5%,0.3,72.23,62.8463,1.2,2564.1,481.53,512.82,512.82,0.94,1.0,-0.73,正常,1031.57,5.0,1036.57,40.23,0.19,5,0,1,0,362.29,5.0,,,,,,,0,,,,0.0,50.99,-320,0,8.0,57.01,未取得,0.0,57.01,0.0,0.0,0.0,0.0,0.0,-1.98,57.01,2026-08,-9.69,-0.22,-4.83,,,,營收 2026-08，月增 -9.69%，年增 -0.22%，累計年增 -4.83%,外資買超；投信買超；融資下降；接近區間高點；千張大戶增持；營收 2026-08，月增 -9.69%，年增 -0.22%，累計年增 -4.83%,57.01
2026-10-08,8016,矽創,TWSE,半導體業,,5,291.0,14.54,3.95,2.59,0.0,,,-2.18,1.75,1.405,0.0,252,38.24,39.23,5.44,-43.93,-22.71,67.72,0.53,21.49,8.48,3.0,2026-10-08,29.45,0.19,0.0,44.92,34.52,-0.49,2.02,2026Q2,34.84,16.44,14.45,3,19.92,14.61,56.0,14.31,1.6,7.68,115.1,5.41,0.0,0.0,0.0,0.0,,0,日均量 482 張偏低（門檻 500）,6.5,74.85,291.5908,-0.2,2409.32,317.21,481.87,481.87,0.66,1.0,-4.1,正常,-44.56,255.93,211.37,-1.85,10.62,1,0,5,0,4.03,38.0,,,,,,,0,,,,0.0,48.82,2,4,-0.07,56.9,未取得,0.0,56.9,0.0,0.0,0.0,0.0,0.0,8.15,56.9,2026-08,-6.27,23.69,28.97,,,,營收 2026-08，月增 -6.27%，年增 23.69%，累計年增 28.97%,投信買超；融資增加；毛利率連3升；營收 2026-08，月增 -6.27%，年增 23.69%，累計年增 28.97%,56.9
2026-10-08,8464,億豐,TWSE,居家生活,,5,366.5,16.01,4.37,3.73,1.52,,,-0.41,1.81,0.708,5.91,252,-0.95,-9.06,-33.75,-92.22,-19.54,21.16,-1.3,-0.95,-6.7,3.0,2026-10-08,77.81,-0.03,-0.17,87.05,4.37,0.03,-0.75,2026Q2,59.95,27.25,17.54,3,22.9,16.0,25.0,16.42,-2.5,4.75,20.9,-3.84,0.0,0.0,0.0,0.0,,0,日均量 194 張偏低（門檻 500）,6.5,65.84,364.0145,0.68,971.91,226.16,194.38,194.38,1.16,1.0,1.96,正常,60.57,25.0,85.57,6.23,2.57,4,0,5,0,2.44,6.0,,,,,,,0,,,,0.0,52.44,-11,0,1.13,56.9,未取得,0.0,56.9,0.0,0.0,0.0,0.0,0.0,3.33,56.9,2026-08,-6.27,17.76,5.52,,,,營收 2026-08，月增 -6.27%，年增 17.76%，累計年增 5.52%,外資買超；投信買超；融資下降；接近區間高點；年線之下；毛利率連3升；營收 2026-08，月增 -6.27%，年增 17.76%，累計年增 5.52%,56.9
2026-10-08,3558,神準,TPEX,通信網路業,,5,135.5,63.32,2.21,1.34,3.44,,,-2.87,5.45,0.393,2.06,252,22.07,-9.67,-10.73,-92.83,-19.58,27.23,7.66,4.67,4.92,0.0,2026-10-08,47.07,0.0,0.0,51.04,43.31,-0.52,0.0,2026Q2,16.63,1.77,1.17,2,2.14,63.32,99.6,23.19,173.0,0.71,-45.0,-0.98,0.0,0.0,0.0,0.0,,0,日均量 292 張偏低（門檻 500）,3.9,72.12,134.4236,0.8,1460.0,443.0,292.0,292.0,1.52,1.0,9.21,放量,326.11,0.0,326.11,22.34,0.0,5,0,0,0,141.1,0.0,,,,,,,0,,,,0.0,48.0,-7,0,0.48,56.63,未取得,0.0,56.63,0.0,0.0,0.0,0.0,0.0,8.15,56.63,2026-08,23.77,36.8,-8.32,,,,營收 2026-08，月增 23.77%，年增 36.8%，累計年增 -8.32%,外資買超；融資下降；放量；毛利率連2升；營收 2026-08，月增 23.77%，年增 36.8%，累計年增 -8.32%,56.63
2026-10-08,6016,康和證,TPEX,金融保險業,,5,23.95,3.13,5.87,1.12,0.21,,,-3.62,1.48,1.044,0.13,252,40.06,87.84,7.25,4.68,-34.38,92.37,9.39,24.65,4.88,8.0,2026-10-08,45.0,0.2,0.46,51.3,34.23,0.03,2.98,2026Q1,,50.05,48.37,0,4.28,5.6,10.5,8.61,-63.6,1.65,,323.93,25.0,8.0,17.0,0.0,0,1,月營收年增 215%、PE 3.1（一年 10% 分位）、距 52 週高點 -34%,4.5,82.1,24.0971,-0.61,21657.0,6907.0,4331.4,4331.4,1.59,1.0,10.14,放量,2263.26,0.0,2263.26,10.45,0.0,2,0,0,0,1274.07,0.0,,,,,,,0,,,,0.0,38.36,-170,4,0.78,56.54,未取得,0.0,56.54,0.0,0.0,0.0,0.0,0.0,17.4,56.54,2026-08,-235.28,215.39,230.99,,,,營收 2026-08，月增 -235.28%，年增 215.39%，累計年增 230.99%,外資買超；融資下降；放量；營收 2026-08，月增 -235.28%，年增 215.39%，累計年增 230.99%,56.54
2026-10-08,7703,銳澤,TPEX,其他電子業,,5,202.0,27.11,3.47,3.47,-1.46,,,-2.88,0.75,0.078,-0.88,252,-14.95,-12.17,-47.75,-95.34,-21.71,32.89,7.84,-2.15,-8.09,1.5,2026-10-08,46.66,0.0,0.0,59.2,30.51,-0.72,0.0,2026Q2,24.5,11.18,11.06,1,7.45,27.11,89.7,24.83,9.2,2.45,-13.7,-7.79,0.0,0.0,0.0,0.0,,0,日均量 38 張偏低（門檻 500）,4.2,54.37,204.7447,-1.34,190.0,45.0,38.0,38.0,1.18,1.0,2.21,正常,38.38,0.0,38.38,20.2,0.0,0,1,0,0,-6.0,0.0,,,,,,,0,,,,0.0,36.0,-6,0,3.16,56.53,未取得,0.0,56.53,0.0,0.0,0.0,0.0,0.0,17.37,56.53,2026-08,17.51,83.26,27.91,,,,營收 2026-08，月增 17.51%，年增 83.26%，累計年增 27.91%,外資買超；融資下降；年線之下；營收 2026-08，月增 17.51%，年增 83.26%，累計年增 27.91%,56.53
2026-10-08,6944,兆聯實業,TWSE,綠能環保,,5,860.0,21.37,2.33,7.79,7.63,,,-6.32,9.55,7.467,4.58,252,-4.66,50.88,-37.46,-32.28,-22.87,67.64,11.98,11.28,-0.07,-1.5,2026-10-08,36.3,0.0,0.22,56.78,26.02,-0.34,0.66,2026Q2,28.44,23.83,17.17,4,35.6,24.16,24.2,25.36,-15.7,6.42,-9.8,5.97,14.0,6.0,8.0,0.0,0,0,毛利率連 4 季升、月營收年增 37%、PE 21.4（一年 24% 分位）、距 52 週高點 -23%,6.5,67.27,857.8985,0.24,4352.18,967.27,870.44,870.44,1.11,1.0,1.34,正常,1018.87,11.0,1029.87,23.41,0.25,0,1,0,0,-235.46,0.0,,,,,,,0,,,,0.0,36.63,-99,-2,2.26,56.43,未取得,0.0,56.43,0.0,0.0,0.0,0.0,0.0,17.54,56.43,2026-08,10.37,37.21,74.09,,,,營收 2026-08，月增 10.37%，年增 37.21%，累計年增 74.09%,外資買超；投信買超；融資下降；毛利率連4升；營收 2026-08，月增 10.37%，年增 37.21%，累計年增 74.09%,56.43
2026-10-08,3189,景碩,TWSE,半導體業,,5,1075.0,199.44,0.14,12.74,2.38,,,-6.52,6.97,171.15,1.43,252,173.19,705.24,140.38,622.08,-6.52,923.81,28.56,125.1,17.2,-3.5,2026-10-08,70.19,0.81,4.03,76.08,17.39,-0.55,6.0,2026Q2,26.09,13.43,10.49,1,5.9,182.2,86.1,138.96,43.5,2.57,247.3,6.95,14.5,17.5,-3.0,0.0,0,0,單季 EPS 年增 247%、毛利率連 1 季升、月營收年增 41%、PE 199.4（一年 86% 分位）、距 52 週高點 -7%,4.2,78.46,1077.5738,-0.24,79414.39,7260.37,15882.88,15882.88,0.46,1.0,-6.51,正常,3856.83,1055.5,4912.33,4.86,1.33,5,0,2,0,232.43,97.0,,,,,,,0,,,,0.0,38.98,-3609,-739,4.27,56.38,未取得,0.0,56.38,0.0,0.0,0.0,0.0,0.0,13.13,56.38,2026-08,5.73,40.58,32.09,,,,營收 2026-08，月增 5.73%，年增 40.58%，累計年增 32.09%,外資買超；投信買超；融資下降；千張大戶增持；營收 2026-08，月增 5.73%，年增 40.58%，累計年增 32.09%,56.38
2026-10-08,3611,鼎翰,TPEX,電腦及週邊設備業,,5,184.5,8.93,5.42,1.38,0.0,,,0.0,1.65,0.06,5.0,252,-1.6,-3.15,-34.41,-86.31,-14.98,2.79,-0.31,-4.48,-6.76,8.0,2026-10-08,46.87,-0.02,-0.02,58.26,28.74,0.04,-0.22,2026Q2,31.34,9.38,7.72,-1,20.66,8.93,9.9,9.89,-9.7,5.11,7.1,-2.44,0.0,0.0,0.0,0.0,,0,日均量 33 張偏低（門檻 500）,0.3,62.81,182.9116,0.87,164.0,35.0,32.8,32.8,1.07,1.0,0.8,正常,28.07,0.0,28.07,17.12,0.0,2,0,0,0,14.0,0.0,,,,,,,0,,,,0.0,42.0,-37,0,8.0,56.09,未取得,0.0,56.09,0.0,0.0,0.0,0.0,0.0,6.09,56.09,2026-08,3.7,26.66,5.28,,,,營收 2026-08，月增 3.7%，年增 26.66%，累計年增 5.28%,外資買超；融資下降；接近區間高點；年線之下；營收 2026-08，月增 3.7%，年增 26.66%，累計年增 5.28%,56.09
2026-10-08,2535,達欣工,TWSE,建材營造業,,5,91.4,8.95,5.03,2.2,3.28,,,-0.11,3.98,0.255,6.97,252,29.83,57.86,-2.98,-25.3,-7.3,62.06,2.45,19.84,6.63,6.0,2026-10-08,54.95,-0.01,0.12,60.3,30.4,0.02,0.28,2026Q2,9.75,7.42,14.29,-1,10.21,8.95,19.8,10.56,-15.2,3.44,119.1,1.94,0.0,0.0,0.0,0.0,,1,日均量 286 張偏低（門檻 500）,1.8,81.04,89.2848,2.37,1429.17,379.05,285.83,285.83,1.33,1.0,6.91,正常,299.38,-1.0,298.38,20.95,-0.07,3,0,0,0,268.41,0.0,,,,,,,0,,,,0.0,43.83,11,0,-0.62,55.91,未取得,0.0,55.91,0.0,0.0,0.0,0.0,0.0,12.7,55.91,2026-08,6.62,44.17,24.72,,,,營收 2026-08，月增 6.62%，年增 44.17%，累計年增 24.72%,外資買超；融資增加；接近區間高點；營收 2026-08，月增 6.62%，年增 44.17%，累計年增 24.72%,55.91
2026-10-08,3511,矽瑪,TPEX,電子零組件業,,5,19.95,,0.0,1.25,1.01,,,-2.68,1.79,0.027,0.61,252,2.31,-4.32,-30.5,-87.48,-35.33,13.68,1.15,-3.82,-10.37,2.0,2026-10-08,51.13,0.0,0.0,53.67,40.76,0.13,0.0,2026Q2,12.84,-6.71,-5.62,-1,-0.95,,,,,-0.32,,4.45,0.0,0.0,0.0,0.0,,0,近四季 EPS 未轉正或缺財報,-6.2,38.79,20.0078,-0.29,663.0,65.0,132.6,132.6,0.49,1.0,-6.12,正常,115.0,0.0,115.0,17.35,0.0,2,0,0,0,18.0,0.0,,,,,,,0,,,,0.0,42.0,-39,0,5.88,55.81,未取得,0.0,55.81,0.0,0.0,0.0,0.0,0.0,7.93,55.81,2026-08,-13.52,39.76,14.97,,,,營收 2026-08，月增 -13.52%，年增 39.76%，累計年增 14.97%,外資買超；融資下降；年線之下；營收 2026-08，月增 -13.52%，年增 39.76%，累計年增 14.97%,55.81
2026-10-08,3479,安勤,TPEX,電腦及週邊設備業,工業電腦,5,133.5,18.31,3.46,2.9,-1.84,,,-3.61,0.38,0.562,-1.1,252,45.27,13.62,12.46,-69.54,-17.59,59.88,-0.65,19.94,10.02,1.5,2026-10-08,30.24,-0.01,-0.03,39.82,49.14,-0.59,-0.17,2026Q2,24.12,7.38,5.12,-1,7.31,18.26,73.8,15.24,20.1,1.73,43.0,-3.34,0.0,0.0,0.0,0.0,,0,日均量 414 張偏低（門檻 500）,0.3,65.44,135.8654,-1.74,2069.0,364.0,413.8,413.8,0.88,1.0,-1.44,正常,341.0,3.6,344.59,16.48,0.17,5,0,0,0,44.2,0.0,,,,,,,0,,,,0.0,48.43,36,-43,-2.02,55.61,未取得,0.0,55.61,0.0,0.0,0.0,0.0,0.0,9.2,55.61,2026-08,0.49,35.43,17.27,,,,營收 2026-08，月增 0.49%，年增 35.43%，累計年增 17.27%,外資買超；投信買超；融資增加；營收 2026-08，月增 0.49%，年增 35.43%，累計年增 17.27%,55.61
2026-10-08,5347,世界,TPEX,半導體業,晶圓代工,5,186.5,40.37,2.4,5.56,-0.27,,,-4.36,3.32,34.181,-0.16,252,40.75,87.44,7.95,4.28,-16.37,112.9,15.65,35.27,9.03,-2.0,2026-10-08,81.78,0.15,1.59,85.52,11.31,-0.37,3.2,2026Q2,32.32,20.37,20.88,3,4.72,39.51,84.1,32.21,25.3,1.62,45.9,4.16,17.0,18.0,-1.0,0.0,0,0,單季 EPS 年增 46%、毛利率連 3 季升、月營收年增 40%、PE 40.4（一年 84% 分位）、距 52 週高點 -16%,8.0,70.93,188.4915,-1.06,90670.0,10335.0,18134.0,18134.0,0.57,1.0,-5.16,正常,12001.25,620.57,12621.83,13.24,0.68,3,0,0,1,1086.75,-642.0,,,,,,,0,,,,0.0,42.35,-1769,-251,1.87,55.44,未取得,0.0,55.44,0.0,0.0,0.0,0.0,0.0,11.22,55.44,2026-08,8.22,40.48,18.42,,,,營收 2026-08，月增 8.22%，年增 40.48%，累計年增 18.42%,外資買超；投信買超；融資下降；毛利率連3升；營收 2026-08，月增 8.22%，年增 40.48%，累計年增 18.42%,55.44
2026-10-08,7839,達人網,TPEX,數位雲端,,5,44.0,21.26,4.63,2.81,2.44,,,-1.12,3.53,0.004,6.46,82,,,,,,,-1.03,,0.0,1.5,2026-10-08,55.95,0.0,0.0,72.5,11.05,-0.14,0.0,2026Q2,90.44,13.43,11.96,-3,2.32,18.97,73.8,20.36,4.4,0.4,,,0.0,0.0,0.0,0.0,,,日均量 9 張偏低（門檻 500）,-0.5,63.25,43.6424,0.82,46.0,10.0,9.2,9.2,1.09,1.0,1.04,正常,18.0,0.0,18.0,39.13,0.0,3,0,0,0,7.0,0.0,,,,,,,0,,,,0.0,44.0,,,0.0,55.27,未取得,0.0,55.27,0.0,0.0,0.0,0.0,0.0,11.27,55.27,2026-08,2.12,7.84,105.69,,,,營收 2026-08，月增 2.12%，年增 7.84%，累計年增 105.69%,外資買超；接近區間高點；毛利率連3降；營收 2026-08，月增 2.12%，年增 7.84%，累計年增 105.69%,55.27
2026-10-08,2308,台達電,TWSE,電子零組件業,電源供應器,5,1965.0,62.54,0.59,17.38,4.24,,,-7.09,4.52,220.136,2.54,252,6.5,90.78,-26.3,7.61,-23.98,134.77,10.15,26.23,1.49,-3.5,2026-10-08,73.95,0.33,0.51,80.95,12.6,-0.26,4.64,2026Q2,35.64,16.68,13.72,-1,31.42,62.54,58.3,60.32,3.7,9.68,80.3,1.63,12.0,13.0,-1.0,0.0,0,1,單季 EPS 年增 80%、毛利率連 1 季降、月營收年增 35%、PE 62.5（一年 58% 分位）、距 52 週高點 -24%,1.8,59.15,1989.2889,-1.22,55330.39,5522.61,11066.08,11066.08,0.5,1.0,-6.01,正常,3831.59,1318.0,5149.59,6.92,2.38,0,2,5,0,-1168.06,358.11,,,,,,,0,,,,0.0,41.75,-570,-27,1.02,55.19,未取得,0.0,55.19,0.0,0.0,0.0,0.0,0.0,12.42,55.19,2026-08,-3.71,34.95,41.06,,,,營收 2026-08，月增 -3.71%，年增 34.95%，累計年增 41.06%,外資買超；投信買超；融資下降；千張大戶增持；營收 2026-08，月增 -3.71%，年增 34.95%，累計年增 41.06%,55.19
2026-10-08,2108,南帝,TWSE,橡膠工業,,5,30.2,16.97,3.31,1.01,6.9,,,-2.89,7.47,0.302,4.14,252,16.15,29.06,-16.65,-54.1,-7.65,42.12,4.47,15.12,3.62,5.0,2026-10-08,65.34,0.29,-0.06,71.06,23.45,-0.14,2.64,2026Q2,32.78,19.75,13.43,4,1.78,16.97,12.7,26.2,-35.2,0.94,4600.0,14.46,26.5,18.0,8.5,0.0,0,0,單季 EPS 年增 4600%、毛利率連 4 季升、月營收年增 42%、PE 17.0（一年 13% 分位）、距 52 週高點 -8%,6.5,85.62,29.5669,2.14,5109.18,2262.29,1021.84,1021.84,2.21,1.0,17.57,強放量,1492.03,-1.0,1491.03,29.2,-0.02,3,0,0,0,812.46,0.0,,,,,,,0,,,,0.0,43.95,38,-73,-1.02,54.94,未取得,0.0,54.94,0.0,0.0,0.0,0.0,0.0,12.01,54.94,2026-08,1.77,41.83,26.69,,,,營收 2026-08，月增 1.77%，年增 41.83%，累計年增 26.69%,外資買超；融資增加；強放量；毛利率連4升；營收 2026-08，月增 1.77%，年增 41.83%，累計年增 26.69%,54.94
2026-10-08,1708,東鹼,TWSE,化學工業,,5,57.0,13.8,2.81,1.86,1.42,,,-2.4,5.75,3.927,0.85,252,42.68,87.19,9.87,4.03,-11.21,93.55,11.47,37.55,9.45,1.5,2026-10-08,35.39,1.45,1.89,40.93,52.06,-1.23,6.0,2026Q2,29.0,16.33,12.27,-2,4.13,13.8,82.5,11.98,15.2,0.87,770.0,-1.73,10.0,8.0,2.0,0.0,0,0,單季 EPS 年增 770%、毛利率連 2 季降、月營收年增 33%、PE 13.8（一年 82% 分位）、距 52 週高點 -11%,0.6,71.58,56.7742,0.4,34582.19,4941.68,6916.44,6916.44,0.71,1.0,-3.43,正常,4867.18,-15.0,4852.18,14.07,-0.04,5,0,0,1,364.9,-10.0,,,,,,,0,,,,0.0,44.62,-323,26,0.98,54.9,未取得,0.0,54.9,0.0,0.0,0.0,0.0,0.0,9.3,54.9,2026-08,6.42,33.17,15.97,,,,營收 2026-08，月增 6.42%，年增 33.17%，累計年增 15.97%,外資買超；融資下降；毛利率連2降；千張大戶增持；營收 2026-08，月增 6.42%，年增 33.17%，累計年增 15.97%,54.9
2026-10-08,4976,佳凌,TWSE,光電業,,5,37.3,,0.0,2.58,2.75,,,-2.86,3.9,0.498,1.65,252,24.75,2.19,-8.06,-80.97,-16.93,37.64,2.41,13.04,5.51,0.0,2026-10-08,25.72,0.08,-0.05,30.37,59.02,-0.69,0.99,2026Q2,-49.06,-66.24,,-1,-2.64,,,,,-1.14,,-46.15,0.0,0.0,0.0,0.0,,0,近四季 EPS 未轉正或缺財報,-3.2,57.59,37.5195,-0.59,6630.66,829.56,1326.13,1326.13,0.63,1.0,-4.49,正常,1244.47,0.0,1244.47,18.77,0.0,5,0,0,0,34.26,0.0,,,,,,,0,,,,0.0,48.0,-247,-2,3.72,54.89,未取得,0.0,54.89,0.0,0.0,0.0,0.0,0.0,3.17,54.89,2026-08,2.74,13.26,2.82,,,,營收 2026-08，月增 2.74%，年增 13.26%，累計年增 2.82%,外資買超；融資下降；營收 2026-08，月增 2.74%，年增 13.26%，累計年增 2.82%,54.89
2026-10-08,6924,榮惠-KY創,TWSE,電子零組件業,,5,133.5,16.05,3.75,4.94,0.0,,,-3.26,3.49,0.052,0.0,248,63.6,134.21,30.8,51.05,-31.01,184.35,12.17,42.53,9.7,3.0,2026-10-08,73.08,0.0,0.0,82.21,10.99,0.02,0.0,2026Q1,26.47,12.58,9.87,4,6.62,20.17,59.3,15.44,4.0,2.26,71.2,5.9,0.0,0.0,0.0,0.0,,1,日均量 39 張偏低（門檻 500）,5.0,71.14,132.983,0.39,196.59,31.05,39.32,39.32,0.79,1.0,-2.52,正常,20.68,0.0,20.68,10.52,0.0,1,0,0,0,3.0,0.0,,,,,,,0,,,,0.0,36.42,,,0.0,54.7,未取得,0.0,54.7,0.0,0.0,0.0,0.0,0.0,18.28,54.7,2026-08,31.04,84.99,23.49,,,,營收 2026-08，月增 31.04%，年增 84.99%，累計年增 23.49%,外資買超；毛利率連4升；營收 2026-08，月增 31.04%，年增 84.99%，累計年增 23.49%,54.7
