latest_date,stock_id,name,market,observed_days,close,20d_avg_price,close_vs_avg_pct,20d_volume_lot,latest_volume_lot,volume_avg_lot,volume_5d_avg_lot,volume_ratio_1d,volume_ratio_5d,volume_score,volume_signal,20d_foreign_net_lot,20d_trust_net_lot,20d_inst_net_lot,foreign_net_volume_pct,trust_net_volume_pct,foreign_buy_streak,foreign_sell_streak,trust_buy_streak,trust_sell_streak,latest_foreign_net_lot,latest_trust_net_lot,top_buy_branch_name,top_buy_branch_net_lot,top_buy_branch_avg_price,top_sell_branch_name,top_sell_branch_net_lot,top_sell_branch_avg_price,branch_score,chip_score,margin_balance_change_lot,short_balance_change_lot,margin_score,base_score,branch_status,confluence_score,complete_chip_score,confluence_inst_score,confluence_branch_score,confluence_price_score,confluence_streak_score,confluence_direction_score,revenue_momentum_score,selection_score,revenue_month,revenue_mom_pct,revenue_yoy_pct,revenue_cumulative_yoy_pct,inst_net_volume_pct,top_buy_branch_volume_pct,close_vs_top_buy_avg_pct,selection_reason,base_reason,total_score
2026-05-15,8415,大國鋼,TPEX,20,35.35,34.275,3.14,14041.0,1919.0,702.05,1154.4,2.73,1.64,30.0,強放量,1498.24,38.0,1536.24,10.67,0.27,2,0,0,0,923.0,0.0,台新-成功,2547.0,33.72,美好,-3211.0,34.41,21.77,33.43,182,1,-1.03,38.5,已取得,68.58,107.08,16.41,21.77,14.0,2.4,14.0,6.1,38.5,2026-04,4.15,18.57,14.13,10.94,18.14,4.83,外資與投信同買；前大買超分點約占成交 18.14%；收盤距區間均價 3.14%；收盤距分點均價 4.83%；連買：外2 / 投0；營收 2026-04，月增 4.15%，年增 18.57%，累計年增 14.13%,外資買超；投信買超；融資增加；強放量；營收 2026-04，月增 4.15%，年增 18.57%，累計年增 14.13%,38.5
2026-05-15,1463,強盛新,TWSE,20,17.85,18.04,-1.05,3860.63,30.71,193.03,54.18,0.16,0.28,-12.0,量縮,1517.43,0.0,1517.43,39.31,0.0,1,0,0,0,4.0,0.0,兆豐-忠孝,1375.0,17.61,國泰-館前,-1108.0,17.5,24.0,40.0,12,0,-0.25,39.1,已取得,67.7,106.8,22.5,24.0,14.0,1.2,6.0,-0.65,39.1,2026-04,-17.17,34.51,-86.64,39.31,35.62,1.36,外資主導買超；前大買超分點約占成交 35.62%；收盤距區間均價 -1.05%；收盤距分點均價 1.36%；連買：外1 / 投0；營收 2026-04，月增 -17.17%，年增 34.51%，累計年增 -86.64%,外資買超；融資增加；營收 2026-04，月增 -17.17%，年增 34.51%，累計年增 -86.64%,39.1
2026-05-15,1806,冠軍,TWSE,20,8.05,8.2985,-2.99,22335.48,376.78,1116.77,398.83,0.34,0.36,-12.0,量縮,8136.51,0.0,8136.51,36.43,0.0,0,5,0,0,-4.0,0.0,元大,9985.0,8.1,第一金-頭份,-10000.0,8.08,24.0,28.0,85,0,-0.3,24.0,已取得,66.5,90.5,22.5,24.0,14.0,0.0,6.0,-3.7,24.0,2026-04,10.16,-10.18,-19.31,36.43,44.7,-0.62,外資主導買超；前大買超分點約占成交 44.7%；收盤距區間均價 -2.99%；收盤距分點均價 -0.62%；營收 2026-04，月增 10.16%，年增 -10.18%，累計年增 -19.31%,外資買超；融資增加；營收 2026-04，月增 10.16%，年增 -10.18%，累計年增 -19.31%,24.0
2026-05-15,1203,味王,TWSE,20,42.55,43.4253,-2.02,638.3,25.86,31.91,25.33,0.81,0.79,-5.57,正常,94.94,0.0,94.94,14.87,0.0,0,3,0,0,-8.25,0.0,土銀-台中,107.0,43.52,中國信託-忠孝,-53.0,43.39,25.96,31.9,-5,0,0.78,27.57,已取得,62.43,90.0,22.31,20.12,14.0,0.0,6.0,-5.11,27.57,2026-04,-5.83,-12.21,-13.81,14.87,16.76,-2.23,外資主導買超；前大買超分點約占成交 16.76%；收盤距區間均價 -2.02%；收盤距分點均價 -2.23%；營收 2026-04，月增 -5.83%，年增 -12.21%，累計年增 -13.81%,外資買超；融資下降；營收 2026-04，月增 -5.83%，年增 -12.21%，累計年增 -13.81%,27.57
2026-05-15,8097,常珵,TPEX,20,53.7,52.2215,2.83,1778.0,211.0,88.9,86.2,2.37,0.97,19.0,強放量,132.35,0.0,132.35,7.44,0.0,6,0,0,0,99.0,0.0,福邦,435.0,52.22,統一-三重,-45.0,53.39,32.73,36.84,-160,-3,7.95,35.66,已取得,61.17,96.83,11.17,24.0,14.0,6.0,6.0,-9.13,35.66,2026-04,8.89,-34.23,-34.73,7.44,24.47,2.83,外資主導買超；前大買超分點約占成交 24.47%；收盤距區間均價 2.83%；收盤距分點均價 2.83%；連買：外6 / 投0；營收 2026-04，月增 8.89%，年增 -34.23%，累計年增 -34.73%,外資買超；融資下降；強放量；營收 2026-04，月增 8.89%，年增 -34.23%，累計年增 -34.73%,35.66
2026-05-15,1233,天仁,TWSE,20,28.8,28.8512,-0.18,474.32,30.02,23.72,23.74,1.27,1.0,6.21,正常,51.71,0.0,51.71,10.9,0.0,0,4,0,0,-2.0,0.0,台新-城中,223.0,28.83,元大-六合,-96.0,28.88,24.0,26.72,-4,0,0.84,28.46,已取得,60.35,88.81,16.35,24.0,14.0,0.0,6.0,0.9,28.46,2026-04,-1.37,2.59,3.76,10.9,47.02,-0.1,外資主導買超；前大買超分點約占成交 47.02%；收盤距區間均價 -0.18%；收盤距分點均價 -0.1%；營收 2026-04，月增 -1.37%，年增 2.59%，累計年增 3.76%,外資買超；融資下降；營收 2026-04，月增 -1.37%，年增 2.59%，累計年增 3.76%,28.46
2026-05-15,1470,大統新創,TWSE,20,21.85,22.3045,-2.04,345.68,1.1,17.28,22.72,0.06,1.31,-2.96,放量,35.91,0.0,35.91,10.39,0.0,0,0,0,0,0.0,0.0,元大-大同,65.0,22.12,元大-敦化,-45.0,22.33,26.06,34.31,0,0,0.0,25.56,已取得,58.15,83.71,15.58,22.56,14.0,0.0,6.0,-8.75,25.56,2026-04,-26.3,-20.52,-12.87,10.39,18.8,-1.22,外資主導買超；前大買超分點約占成交 18.8%；收盤距區間均價 -2.04%；收盤距分點均價 -1.22%；營收 2026-04，月增 -26.3%，年增 -20.52%，累計年增 -12.87%,外資買超；放量；營收 2026-04，月增 -26.3%，年增 -20.52%，累計年增 -12.87%,25.56
2026-05-15,1341,富林-KY,TWSE,20,61.0,61.1806,-0.3,189.83,17.05,9.49,9.39,1.8,0.99,12.38,放量,25.28,0.0,25.28,13.32,0.0,1,0,0,0,2.0,0.0,凱基-站前,23.0,60.96,元大-北府,-37.0,61.29,14.79,38.65,,,0.0,40.8,已取得,55.71,96.51,19.97,14.54,14.0,1.2,6.0,2.15,40.8,2026-04,-13.78,18.06,3.44,13.32,12.12,0.07,外資主導買超；前大買超分點約占成交 12.12%；收盤距區間均價 -0.3%；收盤距分點均價 0.07%；連買：外1 / 投0；營收 2026-04，月增 -13.78%，年增 18.06%，累計年增 3.44%,外資買超；放量；營收 2026-04，月增 -13.78%，年增 18.06%，累計年增 3.44%,40.8
2026-05-15,2072,世紀風電,TWSE,20,180.0,179.5602,0.24,12725.93,1623.92,636.3,857.24,2.55,1.35,26.56,強放量,974.96,689.0,1663.96,7.66,5.41,1,0,1,0,790.08,60.0,美商高盛,479.0,180.4,永豐金,-255.0,180.63,13.51,49.82,,,0.0,51.51,已取得,54.93,106.44,19.61,4.52,14.0,2.8,14.0,1.69,51.51,2026-04,14.07,,,13.08,3.76,-0.22,外資與投信同買；前大買超分點約占成交 3.76%；收盤距區間均價 0.24%；收盤距分點均價 -0.22%；連買：外1 / 投1；營收 2026-04，月增 14.07%,外資買超；投信買超；強放量；營收 2026-04，月增 14.07%,51.51
2026-05-15,1413,宏洲,TWSE,20,9.45,9.6041,-1.6,475.75,20.18,23.79,27.98,0.85,1.18,1.0,正常,44.2,0.0,44.2,9.29,0.0,0,4,0,0,-4.0,0.0,永豐金-復興,81.0,9.66,新光-台中,-44.0,9.59,25.81,24.01,0,0,0.0,23.08,已取得,54.37,77.45,13.93,20.43,14.0,0.0,6.0,-0.93,23.08,2026-04,19.53,-0.58,-19.79,9.29,17.03,-2.17,外資主導買超；前大買超分點約占成交 17.03%；收盤距區間均價 -1.6%；收盤距分點均價 -2.17%；營收 2026-04，月增 19.53%，年增 -0.58%，累計年增 -19.79%,外資買超；營收 2026-04，月增 19.53%，年增 -0.58%，累計年增 -19.79%,23.08
2026-05-15,1626,艾美特-KY,TWSE,20,10.0,11.4396,-12.58,5380.81,57.88,269.04,118.16,0.22,0.44,-12.0,量縮,871.51,0.0,871.51,16.2,0.0,0,1,0,0,-6.0,0.0,統一-新竹,1548.0,11.8,統一-嘉義,-481.0,12.0,23.53,33.0,66,1,-0.98,29.69,已取得,52.5,82.19,22.5,24.0,0.0,0.0,6.0,-2.33,29.69,2026-04,8.03,-10.14,-9.15,16.2,28.77,-15.25,外資主導買超；前大買超分點約占成交 28.77%；收盤距區間均價 -12.58%；收盤距分點均價 -15.25%；營收 2026-04，月增 8.03%，年增 -10.14%，累計年增 -9.15%,外資買超；融資增加；營收 2026-04，月增 8.03%，年增 -10.14%，累計年增 -9.15%,29.69
2026-05-15,2027,大成鋼,TWSE,20,39.85,38.4524,3.63,531201.61,47747.48,26560.08,40028.18,1.8,1.51,20.69,放量,120241.75,-11889.88,108351.87,22.64,-2.24,2,0,0,2,23026.87,-1115.0,台灣摩根士丹利,28776.0,38.52,元大,-5364.0,38.86,16.0,25.4,-9811,136,1.86,39.01,已取得,51.4,90.41,22.5,6.5,14.0,2.4,6.0,11.75,39.01,2026-04,9.04,37.67,24.26,20.4,5.42,3.45,外資主導買超；前大買超分點約占成交 5.42%；收盤距區間均價 3.63%；收盤距分點均價 3.45%；連買：外2 / 投0；營收 2026-04，月增 9.04%，年增 37.67%，累計年增 24.26%,外資買超；融資下降；放量；營收 2026-04，月增 9.04%，年增 37.67%，累計年增 24.26%,39.01
2026-05-15,1612,宏泰,TWSE,20,35.8,36.1869,-1.07,18940.53,840.32,947.03,829.02,0.89,0.88,-3.35,正常,900.7,1427.79,2328.49,4.76,7.54,0,2,0,0,-185.0,0.0,永豐金,648.0,36.32,康和-嘉義,-535.0,35.04,12.69,40.19,-174,0,0.92,41.6,已取得,50.55,92.15,18.44,4.11,14.0,0.0,14.0,0.49,41.6,2026-04,-5.88,1.56,5.73,12.29,3.42,-1.43,外資與投信同買；前大買超分點約占成交 3.42%；收盤距區間均價 -1.07%；收盤距分點均價 -1.43%；營收 2026-04，月增 -5.88%，年增 1.56%，累計年增 5.73%,外資買超；投信買超；融資下降；營收 2026-04，月增 -5.88%，年增 1.56%，累計年增 5.73%,41.6
2026-05-15,2069,運錩,TWSE,20,19.7,19.3559,1.78,9093.79,453.04,454.69,630.8,1.0,1.39,6.15,放量,1253.57,0.0,1253.57,13.78,0.0,3,0,0,0,60.0,0.0,兆豐-北高雄,475.0,19.16,富邦-北高雄,-529.0,19.54,13.36,43.03,71,1,-0.62,37.29,已取得,50.55,87.84,20.68,6.27,14.0,3.6,6.0,-5.12,37.29,2026-04,-2.58,-14.32,-13.98,13.78,5.22,2.82,外資主導買超；前大買超分點約占成交 5.22%；收盤距區間均價 1.78%；收盤距分點均價 2.82%；連買：外3 / 投0；營收 2026-04，月增 -2.58%，年增 -14.32%，累計年增 -13.98%,外資買超；融資增加；放量；營收 2026-04，月增 -2.58%，年增 -14.32%，累計年增 -13.98%,37.29
2026-05-15,1423,利華,TWSE,20,41.1,41.115,-0.04,1393.93,52.34,69.7,89.86,0.75,1.29,1.64,正常,60.2,0.0,60.2,4.32,0.0,0,1,0,0,-1.0,0.0,台灣企銀-建成,533.0,41.05,統一-桃園,-150.0,40.97,28.62,16.09,-50,0,3.59,11.6,已取得,50.48,62.08,6.48,24.0,14.0,0.0,6.0,-8.08,11.6,2026-04,-47.9,-33.97,2.02,4.32,38.24,0.12,外資主導買超；前大買超分點約占成交 38.24%；收盤距區間均價 -0.04%；收盤距分點均價 0.12%；營收 2026-04，月增 -47.9%，年增 -33.97%，累計年增 2.02%,外資買超；融資下降；營收 2026-04，月增 -47.9%，年增 -33.97%，累計年增 2.02%,11.6
2026-05-15,2947,振宇五金,TPEX,20,78.5,78.1789,0.41,270.0,3.0,13.5,18.6,0.22,1.38,-1.96,放量,8.0,0.0,8.0,2.96,0.0,0,0,0,0,0.0,0.0,元大-楊梅,73.0,78.34,元大-豐原,-29.0,78.73,28.63,14.3,,,0.0,16.52,已取得,48.44,64.96,4.44,24.0,14.0,0.0,6.0,2.22,16.52,2026-04,-1.71,7.69,6.5,2.96,27.04,0.2,外資主導買超；前大買超分點約占成交 27.04%；收盤距區間均價 0.41%；收盤距分點均價 0.2%；營收 2026-04，月增 -1.71%，年增 7.69%，累計年增 6.5%,外資買超；放量；營收 2026-04，月增 -1.71%，年增 7.69%，累計年增 6.5%,16.52
2026-05-15,8401,白紗科,TPEX,20,23.95,24.2921,-1.41,1450.0,66.0,72.5,84.2,0.91,1.16,1.51,正常,29.0,0.0,29.0,2.0,0.0,2,0,0,0,11.0,0.0,元大-太平,277.0,24.26,新光-桃園,-103.0,24.26,29.37,15.6,23,0,-1.27,16.21,已取得,48.32,64.53,3.0,22.92,14.0,2.4,6.0,1.88,16.21,2026-04,-2.18,7.0,5.52,2.0,19.1,-1.28,外資主導買超；前大買超分點約占成交 19.1%；收盤距區間均價 -1.41%；收盤距分點均價 -1.28%；連買：外2 / 投0；營收 2026-04，月增 -2.18%，年增 7.0%，累計年增 5.52%,外資買超；融資增加；營收 2026-04，月增 -2.18%，年增 7.0%，累計年增 5.52%,16.21
2026-05-15,8342,益張,TPEX,20,89.8,90.5778,-0.86,63.0,4.0,3.15,8.0,1.27,2.54,24.24,放量,3.0,0.0,3.0,4.76,0.0,0,1,0,0,-2.0,0.0,兆豐-員林,11.0,91.95,元大-成功,-7.0,89.44,25.4,17.33,-1,0,1.59,21.52,已取得,48.1,69.62,7.14,20.95,14.0,0.0,6.0,2.6,21.52,2026-04,9.33,5.85,2.64,4.76,17.46,-2.34,外資主導買超；前大買超分點約占成交 17.46%；收盤距區間均價 -0.86%；收盤距分點均價 -2.34%；營收 2026-04，月增 9.33%，年增 5.85%，累計年增 2.64%,外資買超；融資下降；放量；營收 2026-04，月增 9.33%，年增 5.85%，累計年增 2.64%,21.52
2026-05-15,8935,邦泰,TPEX,20,19.8,19.0989,3.67,10762.0,2342.0,538.1,923.8,4.35,1.72,30.0,強放量,1378.22,0.0,1378.22,12.81,0.0,4,0,0,0,338.0,0.0,台新-世貿,363.0,19.52,康和-高雄,-979.0,18.56,11.5,38.25,0,0,0.0,33.72,已取得,48.06,81.78,19.21,4.05,14.0,4.8,6.0,-4.53,33.72,2026-04,-45.77,-9.04,0.62,12.81,3.37,1.43,外資主導買超；前大買超分點約占成交 3.37%；收盤距區間均價 3.67%；收盤距分點均價 1.43%；連買：外4 / 投0；營收 2026-04，月增 -45.77%，年增 -9.04%，累計年增 0.62%,外資買超；強放量；營收 2026-04，月增 -45.77%，年增 -9.04%，累計年增 0.62%,33.72
2026-05-15,8087,麗升能源,TPEX,20,34.1,34.3016,-0.59,1646.0,99.0,82.3,198.6,1.2,2.41,23.43,放量,31.0,0.0,31.0,1.88,0.0,1,0,0,0,7.0,0.0,富邦-北高雄,433.0,33.78,元大-汐止,-394.0,34.31,24.0,13.27,-27,0,1.64,36.29,已取得,48.02,84.31,2.82,24.0,14.0,1.2,6.0,21.38,36.29,2026-04,8.16,2881.23,328.02,1.88,26.31,0.95,外資主導買超；前大買超分點約占成交 26.31%；收盤距區間均價 -0.59%；收盤距分點均價 0.95%；連買：外1 / 投0；營收 2026-04，月增 8.16%，年增 2881.23%，累計年增 328.02%,外資買超；融資下降；放量；營收 2026-04，月增 8.16%，年增 2881.23%，累計年增 328.02%,36.29
2026-05-15,1530,亞崴,TWSE,20,26.95,26.7726,0.66,818.12,91.36,40.91,55.3,2.23,1.35,23.43,強放量,78.18,0.0,78.18,9.56,0.0,0,4,0,0,-7.0,0.0,臺銀-民權,90.0,26.54,元大-豐原站前,-39.0,25.81,20.82,24.76,-7,0,0.86,38.76,已取得,47.54,86.3,14.33,13.2,14.0,0.0,6.0,13.14,38.76,2026-04,23.55,68.97,-3.02,9.56,11.0,1.54,外資主導買超；前大買超分點約占成交 11.0%；收盤距區間均價 0.66%；收盤距分點均價 1.54%；營收 2026-04，月增 23.55%，年增 68.97%，累計年增 -3.02%,外資買超；融資下降；強放量；營收 2026-04，月增 23.55%，年增 68.97%，累計年增 -3.02%,38.76
2026-05-15,1460,宏遠,TWSE,20,7.04,7.0087,0.45,17220.48,677.82,861.02,780.16,0.79,0.91,-4.06,正常,1803.58,0.0,1803.58,10.47,0.0,0,1,0,0,-129.0,0.0,中國信託,1634.0,7.01,兆豐-南京,-458.0,6.94,20.06,32.38,0,0,0.0,22.38,已取得,47.1,69.48,15.71,11.39,14.0,0.0,6.0,-10,22.38,2026-04,-27.21,-27.61,-23.04,10.47,9.49,0.43,外資主導買超；前大買超分點約占成交 9.49%；收盤距區間均價 0.45%；收盤距分點均價 0.43%；營收 2026-04，月增 -27.21%，年增 -27.61%，累計年增 -23.04%,外資買超；營收 2026-04，月增 -27.21%，年增 -27.61%，累計年增 -23.04%,22.38
2026-05-15,1590,亞德客-KY,TWSE,20,1465.0,1414.6966,3.56,34718.87,1939.06,1735.94,1219.7,1.12,0.7,-3.35,正常,854.67,960.35,1815.02,2.46,2.77,8,0,0,5,389.08,-296.23,台灣摩根士丹利,1402.0,1412.59,美林,-1643.0,1409.83,12.48,13.52,-49,1,0.14,22.65,已取得,46.69,69.34,7.84,4.85,14.0,6.0,14.0,8.99,22.65,2026-04,4.89,25.23,24.15,5.23,4.04,3.71,外資與投信同買；前大買超分點約占成交 4.04%；收盤距區間均價 3.56%；收盤距分點均價 3.71%；連買：外8 / 投0；營收 2026-04，月增 4.89%，年增 25.23%，累計年增 24.15%,外資買超；投信買超；融資下降；營收 2026-04，月增 4.89%，年增 25.23%，累計年增 24.15%,22.65
2026-05-15,1459,聯發,TWSE,20,11.8,11.8372,-0.31,3637.73,186.07,181.89,250.42,1.02,1.38,6.3,放量,177.79,0.0,177.79,4.89,0.0,1,0,0,0,1.0,0.0,兆豐-大同,542.0,11.88,玉山-左營,-145.0,11.76,25.89,21.68,-66,0,1.81,17.46,已取得,46.41,63.87,7.33,17.88,14.0,1.2,6.0,-6.03,17.46,2026-04,-5.57,-3.67,-29.36,4.89,14.9,-0.67,外資主導買超；前大買超分點約占成交 14.9%；收盤距區間均價 -0.31%；收盤距分點均價 -0.67%；連買：外1 / 投0；營收 2026-04，月增 -5.57%，年增 -3.67%，累計年增 -29.36%,外資買超；融資下降；放量；營收 2026-04，月增 -5.57%，年增 -3.67%，累計年增 -29.36%,17.46
2026-05-15,8423,保綠-KY,TPEX,20,17.75,18.0195,-1.5,497.0,34.0,24.85,34.0,1.37,1.37,13.31,放量,5.79,0.0,5.79,1.17,0.0,0,2,0,0,-3.0,0.0,群益金鼎-海山,146.0,18.0,國票-台東,-100.0,17.99,24.0,5.26,-47,0,8.0,15.49,已取得,45.75,61.24,1.75,24.0,14.0,0.0,6.0,2.23,15.49,2026-04,8.99,3.77,2.96,1.17,29.38,-1.39,外資主導買超；前大買超分點約占成交 29.38%；收盤距區間均價 -1.5%；收盤距分點均價 -1.39%；營收 2026-04，月增 8.99%，年增 3.77%，累計年增 2.96%,外資買超；融資下降；放量；營收 2026-04，月增 8.99%，年增 3.77%，累計年增 2.96%,15.49
2026-05-15,8255,朋程,TPEX,20,141.0,141.4598,-0.33,20586.0,1488.0,1029.3,1175.8,1.45,1.14,10.62,正常,2200.89,0.0,2200.89,10.69,0.0,7,0,0,0,34.26,0.0,摩根大通,570.0,139.84,富邦-竹科,-237.0,142.64,12.75,44.55,-13,0,0.06,40.76,已取得,45.36,86.12,16.04,3.32,14.0,6.0,6.0,-3.85,40.76,2026-04,-6.57,-11.78,-5.89,10.69,2.77,0.83,外資主導買超；前大買超分點約占成交 2.77%；收盤距區間均價 -0.33%；收盤距分點均價 0.83%；連買：外7 / 投0；營收 2026-04，月增 -6.57%，年增 -11.78%，累計年增 -5.89%,外資買超；融資下降；營收 2026-04，月增 -6.57%，年增 -11.78%，累計年增 -5.89%,40.76
2026-05-15,1527,鑽全,TWSE,20,32.05,32.5364,-1.49,5010.11,426.7,250.51,339.97,1.7,1.36,17.15,放量,34.7,0.0,34.7,0.69,0.0,0,1,0,0,-192.0,0.0,合庫-台南,1485.0,32.44,凱基-台北,-176.0,32.51,32.24,5.94,-35,1,0.7,2.9,已取得,45.04,47.94,1.04,24.0,14.0,0.0,6.0,-3.74,2.9,2026-04,-2.84,-2.66,-18.23,0.69,29.64,-1.2,外資主導買超；前大買超分點約占成交 29.64%；收盤距區間均價 -1.49%；收盤距分點均價 -1.2%；營收 2026-04，月增 -2.84%，年增 -2.66%，累計年增 -18.23%,外資買超；融資下降；放量；營收 2026-04，月增 -2.84%，年增 -2.66%，累計年增 -18.23%,2.9
2026-05-15,1563,巧新,TWSE,20,44.75,43.0145,4.03,17684.7,866.6,884.24,1001.96,0.98,1.13,1.89,正常,2378.0,0.0,2378.0,13.45,0.0,8,0,0,0,43.0,0.0,富邦,1010.0,42.07,永豐金-嘉義,-553.0,43.63,5.29,40.76,239,0,-1.08,39.19,已取得,45.02,84.21,20.17,6.85,6.0,6.0,6.0,-0.49,39.19,2026-04,-11.93,5.74,-0.56,13.45,5.71,6.37,外資主導買超；前大買超分點約占成交 5.71%；收盤距區間均價 4.03%；收盤距分點均價 6.37%；連買：外8 / 投0；營收 2026-04，月增 -11.93%，年增 5.74%，累計年增 -0.56%,外資買超；融資增加；營收 2026-04，月增 -11.93%，年增 5.74%，累計年增 -0.56%,39.19
2026-05-15,2024,志聯,TWSE,20,13.1,14.0063,-6.47,470.57,33.3,23.53,34.63,1.42,1.47,15.53,放量,46.7,0.0,46.7,9.92,0.0,0,4,0,0,-1.0,0.0,宏遠-館前,112.0,13.97,台新-烏日,-109.0,13.97,18.0,22.79,8,0,-1.36,20.15,已取得,44.89,65.04,14.89,24.0,0.0,0.0,6.0,-1.28,20.15,2026-04,-4.4,0.86,-5.66,9.92,23.8,-6.23,外資主導買超；前大買超分點約占成交 23.8%；收盤距區間均價 -6.47%；收盤距分點均價 -6.23%；營收 2026-04，月增 -4.4%，年增 0.86%，累計年增 -5.66%,外資買超；融資增加；放量；營收 2026-04，月增 -4.4%，年增 0.86%，累計年增 -5.66%,20.15
2026-05-15,1538,正峰,TWSE,20,12.4,11.8787,4.39,400.93,10.53,20.05,32.64,0.53,1.63,4.36,放量,2.0,0.0,2.0,0.5,0.0,0,0,0,0,0.0,0.0,兆豐-來福,169.0,12.28,元大-松江,-205.0,11.41,26.0,1.4,0,0,0.0,2.79,已取得,44.75,47.54,0.75,24.0,14.0,0.0,6.0,1.39,2.79,2026-04,130.6,7.74,-49.01,0.5,42.15,0.98,外資主導買超；前大買超分點約占成交 42.15%；收盤距區間均價 4.39%；收盤距分點均價 0.98%；營收 2026-04，月增 130.6%，年增 7.74%，累計年增 -49.01%,外資買超；放量；營收 2026-04，月增 130.6%，年增 7.74%，累計年增 -49.01%,2.79
2026-05-15,2015,豐興,TWSE,20,62.6,61.7951,1.3,8714.56,212.17,435.73,304.06,0.49,0.7,-10.99,量縮,1428.93,-478.0,950.93,16.4,-5.49,0,1,0,4,-4.0,-9.0,新加坡商瑞銀,589.0,61.94,台新-台北,-810.0,61.94,13.46,9.02,-1,0,0.01,4.23,已取得,44.48,48.71,16.37,8.11,14.0,0.0,6.0,-4.8,4.23,2026-04,-8.33,-9.64,-12.92,10.91,6.76,1.07,外資主導買超；前大買超分點約占成交 6.76%；收盤距區間均價 1.3%；收盤距分點均價 1.07%；營收 2026-04，月增 -8.33%，年增 -9.64%，累計年增 -12.92%,外資買超；融資下降；營收 2026-04，月增 -8.33%，年增 -9.64%，累計年增 -12.92%,4.23
2026-05-15,2317,鴻海,TWSE,20,248.5,236.1408,5.23,1992702.98,138413.48,99635.15,86315.62,1.39,0.87,5.53,正常,485126.42,659.01,485785.44,24.35,0.03,1,0,1,0,59174.54,386.14,摩根大通,82270.0,236.44,國泰-敦南,-13916.0,235.61,6.61,36.58,-13841,644,0.71,47.82,已取得,44.25,92.07,22.5,4.95,0.0,2.8,14.0,10.53,47.82,2026-04,3.53,29.74,29.7,24.38,4.13,5.1,外資與投信同買；前大買超分點約占成交 4.13%；收盤距區間均價 5.23%；收盤距分點均價 5.1%；連買：外1 / 投1；營收 2026-04，月增 3.53%，年增 29.74%，累計年增 29.7%,外資買超；投信買超；融資下降；營收 2026-04，月增 3.53%，年增 29.74%，累計年增 29.7%,47.82
2026-05-15,1773,勝一,TWSE,20,175.5,172.7369,1.6,42460.5,1273.74,2123.02,1187.31,0.6,0.56,-11.85,量縮,5294.06,-8.0,5286.06,12.47,-0.02,1,0,0,0,121.61,0.0,台灣摩根士丹利,1296.0,171.7,元大-發財,-210.0,162.99,15.42,37.91,20,6,-0.03,46.81,已取得,43.54,90.35,18.67,3.66,14.0,1.2,6.0,8.93,46.81,2026-04,5.64,31.81,15.8,12.45,3.05,2.21,外資主導買超；前大買超分點約占成交 3.05%；收盤距區間均價 1.6%；收盤距分點均價 2.21%；連買：外1 / 投0；營收 2026-04，月增 5.64%，年增 31.81%，累計年增 15.8%,外資買超；融資增加；營收 2026-04，月增 5.64%，年增 31.81%，累計年增 15.8%,46.81
2026-05-15,2032,新鋼,TWSE,20,16.55,16.6816,-0.79,13335.24,505.91,666.76,1152.89,0.76,1.73,8.77,放量,1529.84,0.0,1529.84,11.47,0.0,2,0,0,0,106.11,0.0,凱基-台北,427.0,16.68,新光,-494.0,17.27,11.99,39.18,-28,0,0.21,42.74,已取得,43.45,86.19,17.21,3.84,14.0,2.4,6.0,3.35,42.74,2026-04,2.71,12.51,4.82,11.47,3.2,-0.78,外資主導買超；前大買超分點約占成交 3.2%；收盤距區間均價 -0.79%；收盤距分點均價 -0.78%；連買：外2 / 投0；營收 2026-04，月增 2.71%，年增 12.51%，累計年增 4.82%,外資買超；融資下降；放量；營收 2026-04，月增 2.71%，年增 12.51%，累計年增 4.82%,42.74
2026-05-15,3067,全域,TPEX,20,17.3,17.738,-2.47,117.0,13.0,5.85,6.0,2.22,1.03,18.08,強放量,2.0,0.0,2.0,1.71,0.0,0,0,0,0,0.0,0.0,致和,20.0,17.79,永豐金-市政,-18.0,17.69,22.82,10.79,,,0.0,16.11,已取得,43.08,59.19,2.56,20.51,14.0,0.0,6.0,5.32,16.11,2026-04,-81.65,-7.1,64.25,1.71,17.09,-2.75,外資主導買超；前大買超分點約占成交 17.09%；收盤距區間均價 -2.47%；收盤距分點均價 -2.75%；營收 2026-04，月增 -81.65%，年增 -7.1%，累計年增 64.25%,外資買超；強放量；營收 2026-04，月增 -81.65%，年增 -7.1%，累計年增 64.25%,16.11
2026-05-15,1605,華新,TWSE,20,34.9,33.4931,4.2,927745.0,49836.01,46387.25,58549.42,1.07,1.26,5.09,正常,12205.26,2978.38,15183.64,1.32,0.32,3,0,4,0,937.94,1147.34,富邦,19954.0,33.8,富邦-台北,-15810.0,32.47,13.73,20.74,4255,205,-0.35,16.55,已取得,43.04,59.59,2.45,2.58,14.0,10.0,14.0,-3.84,16.55,2026-04,-1.22,-12.05,-9.51,1.64,2.15,3.25,外資與投信同買；前大買超分點約占成交 2.15%；收盤距區間均價 4.2%；收盤距分點均價 3.25%；連買：外3 / 投4；營收 2026-04，月增 -1.22%，年增 -12.05%，累計年增 -9.51%,外資買超；投信買超；融資增加；營收 2026-04，月增 -1.22%，年增 -12.05%，累計年增 -9.51%,16.55
2026-05-15,2301,光寶科,TWSE,20,204.5,192.309,6.34,909463.75,41395.45,45473.19,53011.35,0.91,1.17,1.58,正常,159909.36,-31019.88,128889.48,17.58,-3.41,0,1,0,1,-1187.66,-3775.84,台灣摩根士丹利,51516.0,196.37,第一金,-12401.0,175.98,18.12,18.31,1273,317,-0.09,26.09,已取得,42.06,68.15,21.26,6.8,8.0,0.0,6.0,7.87,26.09,2026-04,1.28,24.51,20.63,14.17,5.66,4.14,外資主導買超；前大買超分點約占成交 5.66%；收盤距區間均價 6.34%；收盤距分點均價 4.14%；營收 2026-04，月增 1.28%，年增 24.51%，累計年增 20.63%,外資買超；融資增加；營收 2026-04，月增 1.28%，年增 24.51%，累計年增 20.63%,26.09
2026-05-15,1537,廣隆,TWSE,20,125.5,123.9729,1.23,2105.9,112.48,105.3,166.83,1.07,1.58,10.17,放量,43.24,-1.0,42.24,2.05,-0.05,2,0,0,0,1.0,0.0,華南永昌-竹北,288.0,125.45,摩根大通,-56.0,124.01,25.08,15.59,1,0,-0.04,13.91,已取得,41.82,55.73,3.01,16.41,14.0,2.4,6.0,-1.64,13.91,2026-04,4.94,-8.96,-3.89,2.01,13.68,0.04,外資主導買超；前大買超分點約占成交 13.68%；收盤距區間均價 1.23%；收盤距分點均價 0.04%；連買：外2 / 投0；營收 2026-04，月增 4.94%，年增 -8.96%，累計年增 -3.89%,外資買超；融資增加；放量；營收 2026-04，月增 4.94%，年增 -8.96%，累計年增 -3.89%,13.91
2026-05-15,1264,德麥,TPEX,20,271.5,273.7377,-0.82,751.0,31.0,37.55,43.8,0.83,1.17,0.57,正常,30.47,0.0,30.47,4.06,0.0,6,0,0,0,1.0,0.0,永興,59.0,276.57,美好,-241.0,274.3,9.43,27.36,0,0,0.0,31.86,已取得,41.51,73.37,6.09,9.43,14.0,6.0,6.0,4.5,31.86,2026-04,12.03,11.03,6.72,4.06,7.86,-1.83,外資主導買超；前大買超分點約占成交 7.86%；收盤距區間均價 -0.82%；收盤距分點均價 -1.83%；連買：外6 / 投0；營收 2026-04，月增 12.03%，年增 11.03%，累計年增 6.72%,外資買超；營收 2026-04，月增 12.03%，年增 11.03%，累計年增 6.72%,31.86
2026-05-15,2065,世豐,TPEX,20,33.5,31.2269,7.28,3170.0,198.0,158.5,343.2,1.25,2.17,23.99,放量,9.1,0.0,9.1,0.29,0.0,2,0,0,0,8.0,0.0,永豐金-高雄,907.0,32.91,華南永昌-基隆,-503.0,30.61,28.07,4.8,-490,-3,7.97,13.33,已取得,40.83,54.16,0.43,24.0,8.0,2.4,6.0,0.56,13.33,2026-04,0.02,5.19,-2.36,0.29,28.61,1.79,外資主導買超；前大買超分點約占成交 28.61%；收盤距區間均價 7.28%；收盤距分點均價 1.79%；連買：外2 / 投0；營收 2026-04，月增 0.02%，年增 5.19%，累計年增 -2.36%,外資買超；融資下降；放量；營收 2026-04，月增 0.02%，年增 5.19%，累計年增 -2.36%,13.33
2026-05-15,1723,中碳,TWSE,20,79.3,80.3951,-1.36,17426.79,735.79,871.34,796.64,0.84,0.91,-3.24,正常,1581.01,0.0,1581.01,9.07,0.0,0,1,0,0,-6.0,0.0,美商高盛,885.0,80.19,富邦,-387.0,80.71,14.98,29.4,-456,-1,2.61,42.52,已取得,39.7,82.22,13.61,6.09,14.0,0.0,6.0,10.51,42.52,2026-04,38.39,40.9,-9.12,9.07,5.08,-1.11,外資主導買超；前大買超分點約占成交 5.08%；收盤距區間均價 -1.36%；收盤距分點均價 -1.11%；營收 2026-04，月增 38.39%，年增 40.9%，累計年增 -9.12%,外資買超；融資下降；營收 2026-04，月增 38.39%，年增 40.9%，累計年增 -9.12%,42.52
2026-05-15,2012,春雨,TWSE,20,14.8,15.1074,-2.03,1356.67,110.4,67.83,68.7,1.63,1.01,10.73,放量,108.85,0.0,108.85,8.02,0.0,0,5,0,0,-8.0,0.0,花旗環球,85.0,15.12,元大-民生三民,-106.0,14.7,13.61,18.47,1,0,-0.06,18.81,已取得,39.55,58.36,12.04,7.52,14.0,0.0,6.0,0.4,18.81,2026-04,18.21,-0.28,-10.84,8.02,6.27,-2.12,外資主導買超；前大買超分點約占成交 6.27%；收盤距區間均價 -2.03%；收盤距分點均價 -2.12%；營收 2026-04，月增 18.21%，年增 -0.28%，累計年增 -10.84%,外資買超；融資增加；放量；營收 2026-04，月增 18.21%，年增 -0.28%，累計年增 -10.84%,18.81
2026-05-15,7811,民盛,TPEX,20,80.9,82.6242,-2.09,1229.0,76.0,61.45,77.2,1.24,1.26,9.94,正常,5.0,0.0,5.0,0.41,0.0,0,2,0,0,-9.0,0.0,福邦,189.0,81.81,富邦,-275.0,82.5,18.45,3.14,,,0.0,2.75,已取得,39.06,41.81,0.61,18.45,14.0,0.0,6.0,-0.39,2.75,2026-04,-3.26,,,0.41,15.38,-1.11,外資主導買超；前大買超分點約占成交 15.38%；收盤距區間均價 -2.09%；收盤距分點均價 -1.11%；營收 2026-04，月增 -3.26%,外資買超；營收 2026-04，月增 -3.26%,2.75
2026-05-15,1521,大億,TWSE,20,24.5,25.0214,-2.08,620.97,28.52,31.05,42.1,0.92,1.36,4.72,放量,44.88,0.0,44.88,7.23,0.0,0,4,0,0,-1.0,0.0,國票-和平,38.0,24.89,富邦-青埔,-29.0,24.66,15.01,18.24,45,0,-5.8,18.07,已取得,38.18,56.25,10.84,7.34,14.0,0.0,6.0,5.63,18.07,2026-04,0.37,18.3,14.33,7.23,6.12,-1.57,外資主導買超；前大買超分點約占成交 6.12%；收盤距區間均價 -2.08%；收盤距分點均價 -1.57%；營收 2026-04，月增 0.37%，年增 18.3%，累計年增 14.33%,外資買超；融資增加；放量；營收 2026-04，月增 0.37%，年增 18.3%，累計年增 14.33%,18.07
2026-05-15,1817,凱撒衛,TWSE,20,39.65,39.1042,1.4,1246.19,111.81,62.31,127.69,1.79,2.05,29.32,放量,5.4,0.0,5.4,0.43,0.0,0,2,0,0,-13.0,0.0,富邦-新竹,179.0,38.63,凱基-屏東,-148.0,38.58,21.3,3.21,4,0,-0.26,2.12,已取得,37.89,40.01,0.65,17.24,14.0,0.0,6.0,-0.83,2.12,2026-04,-1.98,-2.21,-1.22,0.43,14.36,2.64,外資主導買超；前大買超分點約占成交 14.36%；收盤距區間均價 1.4%；收盤距分點均價 2.64%；營收 2026-04，月增 -1.98%，年增 -2.21%，累計年增 -1.22%,外資買超；融資增加；放量；營收 2026-04，月增 -1.98%，年增 -2.21%，累計年增 -1.22%,2.12
2026-05-15,1418,東華,TWSE,20,18.3,18.8211,-2.77,527.41,34.48,26.37,20.21,1.31,0.77,2.95,正常,7.54,0.0,7.54,1.43,0.0,0,3,0,0,-7.0,0.0,元大-大灣,103.0,18.99,統一-新營,-47.0,19.1,22.98,4.0,-10,0,1.9,16.56,已取得,37.58,54.14,2.14,23.44,6.0,0.0,6.0,10.66,16.56,2026-04,3158.82,59.2,-62.3,1.43,19.53,-3.63,外資主導買超；前大買超分點約占成交 19.53%；收盤距區間均價 -2.77%；收盤距分點均價 -3.63%；營收 2026-04，月增 3158.82%，年增 59.2%，累計年增 -62.3%,外資買超；融資下降；營收 2026-04，月增 3158.82%，年增 59.2%，累計年增 -62.3%,16.56
2026-05-15,2227,裕日車,TWSE,20,49.0,52.6353,-6.91,1007.9,70.15,50.4,76.51,1.39,1.52,15.99,放量,187.37,0.0,187.37,18.59,0.0,1,0,0,0,1.94,0.0,花旗環球,65.0,53.54,台新-同大,-65.0,50.05,8.51,37.0,,,0.0,34.53,已取得,37.44,71.97,22.5,7.74,0.0,1.2,6.0,-2.47,34.53,2026-04,3.67,4.58,-23.37,18.59,6.45,-8.48,外資主導買超；前大買超分點約占成交 6.45%；收盤距區間均價 -6.91%；收盤距分點均價 -8.48%；連買：外1 / 投0；營收 2026-04，月增 3.67%，年增 4.58%，累計年增 -23.37%,外資買超；放量；營收 2026-04，月增 3.67%，年增 4.58%，累計年增 -23.37%,34.53
2026-05-15,1583,程泰,TWSE,20,48.15,48.3224,-0.36,676.02,126.13,33.8,60.15,3.73,1.78,30.0,強放量,41.35,0.0,41.35,6.12,0.0,0,4,0,0,-32.0,0.0,富邦-南員林,45.0,48.12,臺銀-臺中,-42.0,49.05,14.88,15.13,9,0,-1.07,24.81,已取得,37.16,61.97,9.17,7.99,14.0,0.0,6.0,10.75,24.81,2026-04,6.28,40.74,16.67,6.12,6.66,0.06,外資主導買超；前大買超分點約占成交 6.66%；收盤距區間均價 -0.36%；收盤距分點均價 0.06%；營收 2026-04，月增 6.28%，年增 40.74%，累計年增 16.67%,外資買超；融資增加；強放量；營收 2026-04，月增 6.28%，年增 40.74%，累計年增 16.67%,24.81
2026-05-15,2752,豆府,TPEX,20,182.0,185.1643,-1.71,554.0,27.0,27.7,19.2,0.97,0.69,-5.21,正常,15.01,0.0,15.01,2.71,0.0,0,2,0,0,-2.0,0.0,群益金鼎-東大,60.0,186.03,第一金-忠孝,-128.0,186.26,13.0,9.58,,,0.0,14.11,已取得,37.06,51.17,4.06,13.0,14.0,0.0,6.0,4.53,14.11,2026-04,3.53,13.56,10.41,2.71,10.83,-2.17,外資主導買超；前大買超分點約占成交 10.83%；收盤距區間均價 -1.71%；收盤距分點均價 -2.17%；營收 2026-04，月增 3.53%，年增 13.56%，累計年增 10.41%,外資買超；營收 2026-04，月增 3.53%，年增 13.56%，累計年增 10.41%,14.11
2026-05-15,2030,彰源,TWSE,20,17.3,17.338,-0.22,37560.08,2721.17,1878.0,5051.82,1.45,2.69,26.39,放量,2396.38,0.0,2396.38,6.38,0.0,2,0,0,0,312.0,0.0,凱基-台北,1463.0,16.96,華南永昌-台中,-490.0,17.71,14.02,27.86,-408,7,1.09,31.09,已取得,36.64,67.73,9.57,4.67,14.0,2.4,6.0,2.14,31.09,2026-04,2.5,9.07,1.31,6.38,3.9,2.0,外資主導買超；前大買超分點約占成交 3.9%；收盤距區間均價 -0.22%；收盤距分點均價 2.0%；連買：外2 / 投0；營收 2026-04，月增 2.5%，年增 9.07%，累計年增 1.31%,外資買超；融資下降；放量；營收 2026-04，月增 2.5%，年增 9.07%，累計年增 1.31%,31.09
2026-05-15,8069,元太,TPEX,20,210.0,180.6436,16.25,304303.0,9088.0,15215.15,32814.4,0.6,2.16,13.17,放量,33783.35,9327.83,43111.18,11.1,3.07,4,0,0,1,1304.89,-134.95,台灣摩根士丹利,18813.0,186.8,美商高盛,-5203.0,164.87,2.56,40.5,-3568,130,1.2,38.35,已取得,36.47,74.82,21.25,7.42,-11.0,4.8,14.0,-3.35,38.35,2026-04,-10.92,-12.55,1.39,14.17,6.18,12.42,外資與投信同買；前大買超分點約占成交 6.18%；收盤距區間均價 16.25%；收盤距分點均價 12.42%；連買：外4 / 投0；營收 2026-04，月增 -10.92%，年增 -12.55%，累計年增 1.39%,外資買超；投信買超；融資下降；放量；營收 2026-04，月增 -10.92%，年增 -12.55%，累計年增 1.39%,38.35
2026-05-15,1468,昶和,TWSE,20,12.1,12.1653,-0.54,936.66,44.01,46.83,45.81,0.94,0.98,-1.07,正常,74.22,0.0,74.22,7.92,0.0,0,2,0,0,-9.0,0.0,花旗環球,34.0,12.15,富邦-建國,-34.0,12.19,12.54,24.19,0,0,0.0,18.79,已取得,36.24,55.03,11.89,4.36,14.0,0.0,6.0,-5.4,18.79,2026-04,67.16,-46.07,-47.7,7.92,3.63,-0.41,外資主導買超；前大買超分點約占成交 3.63%；收盤距區間均價 -0.54%；收盤距分點均價 -0.41%；營收 2026-04，月增 67.16%，年增 -46.07%，累計年增 -47.7%,外資買超；營收 2026-04，月增 67.16%，年增 -46.07%，累計年增 -47.7%,18.79
2026-05-15,1582,信錦,TWSE,20,99.4,97.6511,1.79,108701.68,12706.44,5435.08,5751.65,2.34,1.06,19.99,強放量,1134.81,987.14,2121.95,1.04,0.91,3,0,0,0,2945.99,0.0,台灣摩根士丹利,1304.0,95.26,凱基-台北,-711.0,97.3,11.11,17.92,298,2,-0.22,17.25,已取得,35.97,53.22,2.93,1.44,14.0,3.6,14.0,-0.45,17.25,2026-04,3.99,-1.13,-4.51,1.95,1.2,4.35,外資與投信同買；前大買超分點約占成交 1.2%；收盤距區間均價 1.79%；收盤距分點均價 4.35%；連買：外3 / 投0；營收 2026-04，月增 3.99%，年增 -1.13%，累計年增 -4.51%,外資買超；投信買超；融資增加；強放量；營收 2026-04，月增 3.99%，年增 -1.13%，累計年增 -4.51%,17.25
2026-05-15,8416,實威,TPEX,20,173.5,172.0766,0.83,248.0,7.0,12.4,8.2,0.56,0.66,-10.65,量縮,3.0,0.0,3.0,1.21,0.0,0,0,0,0,0.0,0.0,永豐金-內湖,29.0,171.9,台新-板橋,-26.0,171.7,18.79,9.39,,,0.0,11.09,已取得,35.85,46.94,1.81,14.03,14.0,0.0,6.0,1.7,11.09,2026-04,-18.16,15.2,7.14,1.21,11.69,0.93,外資主導買超；前大買超分點約占成交 11.69%；收盤距區間均價 0.83%；收盤距分點均價 0.93%；營收 2026-04，月增 -18.16%，年增 15.2%，累計年增 7.14%,外資買超；營收 2026-04，月增 -18.16%，年增 15.2%，累計年增 7.14%,11.09
2026-05-15,1777,生泰,TPEX,20,70.7,70.8312,-0.19,481.0,29.0,24.05,25.2,1.21,1.05,6.23,正常,12.0,0.0,12.0,2.49,0.0,0,0,0,0,0.0,0.0,元大-大里德芳,48.0,70.66,富邦-板橋,-32.0,70.83,18.65,12.99,2,0,-0.33,11.41,已取得,35.72,47.13,3.74,11.98,14.0,0.0,6.0,-1.25,11.41,2026-04,16.01,-7.52,-11.38,2.49,9.98,0.06,外資主導買超；前大買超分點約占成交 9.98%；收盤距區間均價 -0.19%；收盤距分點均價 0.06%；營收 2026-04，月增 16.01%，年增 -7.52%，累計年增 -11.38%,外資買超；融資增加；營收 2026-04，月增 16.01%，年增 -7.52%，累計年增 -11.38%,11.41
2026-05-15,8084,巨虹,TPEX,20,43.3,44.3878,-2.45,1997.0,60.0,99.85,94.4,0.6,0.95,-5.66,正常,102.0,0.0,102.0,5.11,0.0,0,3,0,0,-3.0,0.0,華南永昌-南京,255.0,44.66,台新-板橋,-283.0,45.0,12.24,14.3,,,0.0,9.17,已取得,34.98,44.15,7.66,15.32,6.0,0.0,6.0,-5.13,9.17,2026-04,-33.19,-5.27,-7.36,5.11,12.77,-3.05,外資主導買超；前大買超分點約占成交 12.77%；收盤距區間均價 -2.45%；收盤距分點均價 -3.05%；營收 2026-04，月增 -33.19%，年增 -5.27%，累計年增 -7.36%,外資買超；營收 2026-04，月增 -33.19%，年增 -5.27%，累計年增 -7.36%,9.17
2026-05-15,1568,倉佑,TWSE,20,28.65,28.8798,-0.8,13916.66,234.73,695.83,369.97,0.34,0.53,-12.0,量縮,157.79,0.0,157.79,1.13,0.0,1,0,0,0,7.0,0.0,新光-台南,1387.0,28.25,康和-台南,-313.0,28.63,20.84,11.17,1945,1,-6.4,10.28,已取得,34.86,45.14,1.7,11.96,14.0,1.2,6.0,5.51,10.28,2026-04,-0.6,32.75,-1.95,1.13,9.97,1.42,外資主導買超；前大買超分點約占成交 9.97%；收盤距區間均價 -0.8%；收盤距分點均價 1.42%；連買：外1 / 投0；營收 2026-04，月增 -0.6%，年增 32.75%，累計年增 -1.95%,外資買超；融資增加；營收 2026-04，月增 -0.6%，年增 32.75%，累計年增 -1.95%,10.28
2026-05-15,2941,米斯特,TPEX,20,32.9,31.5243,4.36,249.0,15.0,12.45,11.8,1.2,0.95,4.62,正常,3.0,0.0,3.0,1.2,0.0,0,0,0,0,0.0,0.0,元大-土城學府,27.0,33.31,台新-台北,-103.0,32.18,13.01,3.37,,,0.0,5.38,已取得,34.82,40.2,1.81,13.01,14.0,0.0,6.0,2.01,5.38,2026-04,27.3,-9.36,2.62,1.2,10.84,-1.23,外資主導買超；前大買超分點約占成交 10.84%；收盤距區間均價 4.36%；收盤距分點均價 -1.23%；營收 2026-04，月增 27.3%，年增 -9.36%，累計年增 2.62%,外資買超；營收 2026-04，月增 27.3%，年增 -9.36%，累計年增 2.62%,5.38
2026-05-15,8928,鉅明,TPEX,20,21.85,21.7666,0.38,732.0,164.0,36.6,51.4,4.48,1.4,27.47,強放量,20.0,0.0,20.0,2.73,0.0,1,0,0,0,7.0,0.0,安泰,57.0,21.27,元大-彰化民生,-32.0,22.66,17.16,15.65,28,0,-3.06,2.59,已取得,34.64,37.23,4.1,9.34,14.0,1.2,6.0,-10,2.59,2026-04,-35.57,-41.75,-30.72,2.73,7.79,2.73,外資主導買超；前大買超分點約占成交 7.79%；收盤距區間均價 0.38%；收盤距分點均價 2.73%；連買：外1 / 投0；營收 2026-04，月增 -35.57%，年增 -41.75%，累計年增 -30.72%,外資買超；融資增加；強放量；營收 2026-04，月增 -35.57%，年增 -41.75%，累計年增 -30.72%,2.59
2026-05-15,1709,和益,TWSE,20,18.2,18.6639,-2.49,11463.7,1121.77,573.18,677.51,1.96,1.18,17.4,放量,717.17,0.0,717.17,6.26,0.0,0,1,0,0,-324.0,0.0,第一金-中山,480.0,18.62,元大-汐止,-239.0,18.54,13.98,21.52,-207,1,1.81,21.0,已取得,34.41,55.41,9.38,5.02,14.0,0.0,6.0,-2.33,21.0,2026-04,-17.44,3.29,-5.21,6.26,4.19,-2.26,外資主導買超；前大買超分點約占成交 4.19%；收盤距區間均價 -2.49%；收盤距分點均價 -2.26%；營收 2026-04，月增 -17.44%，年增 3.29%，累計年增 -5.21%,外資買超；融資下降；放量；營收 2026-04，月增 -17.44%，年增 3.29%，累計年增 -5.21%,21.0
2026-05-15,1533,車王電,TWSE,20,34.4,33.3005,3.3,7306.51,648.47,365.33,408.06,1.78,1.12,14.17,放量,487.27,0.0,487.27,6.67,0.0,0,1,0,0,-27.0,0.0,台灣摩根士丹利,243.0,33.57,元大-土城永寧,-182.0,33.41,12.75,16.67,36,0,-0.39,36.93,已取得,33.99,70.92,10.0,3.99,14.0,0.0,6.0,20.65,36.93,2026-04,2.09,72.77,65.36,6.67,3.33,2.47,外資主導買超；前大買超分點約占成交 3.33%；收盤距區間均價 3.3%；收盤距分點均價 2.47%；營收 2026-04，月增 2.09%，年增 72.77%，累計年增 65.36%,外資買超；融資增加；放量；營收 2026-04，月增 2.09%，年增 72.77%，累計年增 65.36%,36.93
2026-05-15,2064,晉椿,TPEX,20,12.85,12.1356,5.89,748.0,33.0,37.4,39.4,0.88,1.05,-0.56,正常,19.0,0.0,19.0,2.54,0.0,0,0,0,0,0.0,0.0,台灣企銀-太平,392.0,12.21,富邦-宜蘭,-57.0,11.56,22.19,7.11,-27,0,3.61,17.48,已取得,33.81,51.29,3.81,24.0,0.0,0.0,6.0,6.76,17.48,2026-04,-6.07,24.74,18.97,2.54,52.41,5.24,外資主導買超；前大買超分點約占成交 52.41%；收盤距區間均價 5.89%；收盤距分點均價 5.24%；營收 2026-04，月增 -6.07%，年增 24.74%，累計年增 18.97%,外資買超；融資下降；營收 2026-04，月增 -6.07%，年增 24.74%，累計年增 18.97%,17.48
2026-05-15,1593,祺驊,TPEX,20,31.2,31.8954,-2.18,732.0,25.0,36.6,35.6,0.68,0.97,-4.24,正常,32.0,0.0,32.0,4.37,0.0,1,0,0,0,1.0,0.0,元大-新盛,34.0,31.27,國泰,-80.0,31.34,10.11,20.24,10,0,-1.09,26.75,已取得,33.33,60.08,6.56,5.57,14.0,1.2,6.0,7.6,26.75,2026-04,19.06,18.49,12.39,4.37,4.64,-0.22,外資主導買超；前大買超分點約占成交 4.64%；收盤距區間均價 -2.18%；收盤距分點均價 -0.22%；連買：外1 / 投0；營收 2026-04，月增 19.06%，年增 18.49%，累計年增 12.39%,外資買超；融資增加；營收 2026-04，月增 19.06%，年增 18.49%，累計年增 12.39%,26.75
2026-05-15,8086,宏捷科,TPEX,20,150.0,152.1879,-1.44,228623.0,7638.0,11431.15,8486.6,0.67,0.74,-8.1,正常,3365.86,4.14,3370.0,1.47,0.0,1,0,0,0,1392.0,0.0,台灣摩根士丹利,3642.0,150.28,美商高盛,-1719.0,153.95,11.54,12.13,80,-509,-0.09,30.31,已取得,33.32,63.63,2.21,1.91,14.0,1.2,14.0,18.27,30.31,2026-04,3.7,49.39,55.86,1.47,1.59,-0.19,外資與投信同買；前大買超分點約占成交 1.59%；收盤距區間均價 -1.44%；收盤距分點均價 -0.19%；連買：外1 / 投0；營收 2026-04，月增 3.7%，年增 49.39%，累計年增 55.86%,外資買超；投信買超；融資增加；營收 2026-04，月增 3.7%，年增 49.39%，累計年增 55.86%,30.31
2026-05-15,1586,和勤,TPEX,20,22.0,22.1127,-0.51,6672.0,367.0,333.6,329.4,1.1,0.99,1.0,正常,54.21,0.0,54.21,0.81,0.0,0,1,0,0,-15.84,0.0,康和-高雄,670.0,22.28,凱基-高美館,-510.0,21.62,18.23,6.28,654,0,-6.4,0.42,已取得,33.27,33.69,1.22,12.05,14.0,0.0,6.0,0.54,0.42,2026-04,12.02,-4.54,-0.55,0.81,10.04,-1.26,外資主導買超；前大買超分點約占成交 10.04%；收盤距區間均價 -0.51%；收盤距分點均價 -1.26%；營收 2026-04，月增 12.02%，年增 -4.54%，累計年增 -0.55%,外資買超；融資增加；營收 2026-04，月增 12.02%，年增 -4.54%，累計年增 -0.55%,0.42
2026-05-15,2233,宇隆,TWSE,20,295.0,284.0373,3.86,40470.99,780.96,2023.55,665.19,0.39,0.33,-12.0,量縮,2492.68,-299.0,2193.68,6.16,-0.74,2,0,0,0,43.0,0.0,美商高盛,753.0,286.56,群益金鼎-民權,-390.0,312.74,11.75,18.81,1506,15,-2.95,16.55,已取得,32.76,49.31,8.13,2.23,14.0,2.4,6.0,0.69,16.55,2026-04,-1.76,8.32,-3.7,5.42,1.86,2.95,外資主導買超；前大買超分點約占成交 1.86%；收盤距區間均價 3.86%；收盤距分點均價 2.95%；連買：外2 / 投0；營收 2026-04，月增 -1.76%，年增 8.32%，累計年增 -3.7%,外資買超；融資增加；營收 2026-04，月增 -1.76%，年增 8.32%，累計年增 -3.7%,16.55
2026-05-15,8085,福華,TPEX,20,11.45,13.0714,-12.4,11167.0,725.0,558.35,453.4,1.3,0.81,3.57,正常,1488.02,0.0,1488.02,13.33,0.0,1,0,0,0,250.0,0.0,凱基-台北,501.0,13.32,新光,-936.0,13.44,5.19,35.66,-478,0,4.28,41.57,已取得,32.57,74.14,19.99,5.38,0.0,1.2,6.0,1.63,41.57,2026-04,3.58,-0.77,8.34,13.33,4.49,-14.04,外資主導買超；前大買超分點約占成交 4.49%；收盤距區間均價 -12.4%；收盤距分點均價 -14.04%；連買：外1 / 投0；營收 2026-04，月增 3.58%，年增 -0.77%，累計年增 8.34%,外資買超；融資下降；營收 2026-04，月增 3.58%，年增 -0.77%，累計年增 8.34%,41.57
2026-05-15,1256,鮮活果汁-KY,TWSE,20,179.5,176.1395,1.91,2252.59,88.74,112.63,219.8,0.79,1.95,12.68,放量,210.13,0.0,210.13,9.33,0.0,2,0,0,0,12.24,0.0,統一-桃園,78.0,169.83,元大-蘆洲,-64.0,165.13,4.73,36.12,-12,0,0.53,59.0,已取得,32.55,91.55,13.99,4.16,6.0,2.4,6.0,22.35,59.0,2026-04,27.91,56.21,55.52,9.33,3.46,5.69,外資主導買超；前大買超分點約占成交 3.46%；收盤距區間均價 1.91%；收盤距分點均價 5.69%；連買：外2 / 投0；營收 2026-04，月增 27.91%，年增 56.21%，累計年增 55.52%,外資買超；融資下降；放量；營收 2026-04，月增 27.91%，年增 56.21%，累計年增 55.52%,59.0
2026-05-15,1235,興泰,TWSE,20,39.6,43.2565,-8.45,602.38,28.48,30.12,20.76,0.95,0.69,-5.63,正常,72.27,0.0,72.27,12.0,0.0,0,3,0,0,-5.0,0.0,花旗環球,42.0,44.17,元大-嘉義,-18.0,42.98,10.87,26.6,-20,0,3.32,37.06,已取得,32.36,69.42,18.0,8.37,0.0,0.0,6.0,7.14,37.06,2026-04,-45.08,3.02,90.52,12.0,6.97,-10.35,外資主導買超；前大買超分點約占成交 6.97%；收盤距區間均價 -8.45%；收盤距分點均價 -10.35%；營收 2026-04，月增 -45.08%，年增 3.02%，累計年增 90.52%,外資買超；融資下降；營收 2026-04，月增 -45.08%，年增 3.02%，累計年增 90.52%,37.06
2026-05-15,1439,雋揚,TWSE,20,24.95,26.5135,-5.9,717.21,38.49,35.86,21.79,1.07,0.61,-5.4,正常,26.83,0.0,26.83,3.74,0.0,0,5,0,0,-8.0,0.0,宏遠,123.0,26.56,富邦-嘉義,-101.0,26.1,17.54,3.47,19,7,-2.12,-2.7,已取得,32.19,29.49,5.61,20.58,0.0,0.0,6.0,-4.05,-2.7,2026-04,-91.66,20.82,-42.23,3.74,17.15,-6.06,外資主導買超；前大買超分點約占成交 17.15%；收盤距區間均價 -5.9%；收盤距分點均價 -6.06%；營收 2026-04，月增 -91.66%，年增 20.82%，累計年增 -42.23%,外資買超；融資增加；營收 2026-04，月增 -91.66%，年增 20.82%，累計年增 -42.23%,-2.7
2026-05-15,1339,昭輝,TWSE,20,39.7,40.7815,-2.65,2957.61,340.2,147.88,275.8,2.3,1.87,30.0,強放量,10.87,0.0,10.87,0.37,0.0,3,0,0,0,4.0,0.0,兆豐-公益,195.0,40.86,美好-高雄,-365.0,39.98,11.74,13.03,61,0,-1.65,6.82,已取得,32.06,38.88,0.55,7.91,14.0,3.6,6.0,-4.56,6.82,2026-04,0.81,-10.02,-17.85,0.37,6.59,-2.84,外資主導買超；前大買超分點約占成交 6.59%；收盤距區間均價 -2.65%；收盤距分點均價 -2.84%；連買：外3 / 投0；營收 2026-04，月增 0.81%，年增 -10.02%，累計年增 -17.85%,外資買超；融資增加；強放量；營收 2026-04，月增 0.81%，年增 -10.02%，累計年增 -17.85%,6.82
2026-05-15,2014,中鴻,TWSE,20,17.3,17.9558,-3.65,111951.55,5148.37,5597.58,5607.51,0.92,1.0,-0.93,正常,12710.48,0.0,12710.48,11.35,0.0,0,1,0,0,-769.5,0.0,台灣摩根士丹利,8286.0,17.92,凱基-台北,-1162.0,18.02,12.36,30.08,-172,0,0.15,27.98,已取得,31.91,59.89,17.03,8.88,0.0,0.0,6.0,-2.25,27.98,2026-04,20.73,-9.99,-18.36,11.35,7.4,-3.46,外資主導買超；前大買超分點約占成交 7.4%；收盤距區間均價 -3.65%；收盤距分點均價 -3.46%；營收 2026-04，月增 20.73%，年增 -9.99%，累計年增 -18.36%,外資買超；融資下降；營收 2026-04，月增 20.73%，年增 -9.99%，累計年增 -18.36%,27.98
2026-05-15,2049,上銀,TWSE,20,392.5,325.0612,20.75,191694.99,11850.86,9584.75,11666.85,1.24,1.22,9.31,正常,17999.22,1344.96,19344.18,9.39,0.7,2,0,5,0,486.52,914.0,台灣摩根士丹利,4959.0,325.05,國泰,-476.0,343.46,-1.02,41.11,-1428,61,0.76,48.15,已取得,31.64,79.79,15.14,3.1,-11.0,10.4,14.0,6.28,48.15,2026-04,4.96,20.69,12.23,10.09,2.59,20.75,外資與投信同買；前大買超分點約占成交 2.59%；收盤距區間均價 20.75%；收盤距分點均價 20.75%；連買：外2 / 投5；營收 2026-04，月增 4.96%，年增 20.69%，累計年增 12.23%,外資買超；投信買超；融資下降；營收 2026-04，月增 4.96%，年增 20.69%，累計年增 12.23%,48.15
2026-05-15,1558,伸興,TWSE,20,89.6,91.3433,-1.91,1435.37,145.69,71.77,79.33,2.03,1.11,17.04,強放量,52.66,-16.29,36.37,3.67,-1.13,0,2,0,0,-68.0,0.0,台新-烏日,85.0,91.67,富邦-竹科,-114.0,90.52,13.14,8.53,-18,0,1.25,11.55,已取得,30.91,42.46,3.8,7.11,14.0,0.0,6.0,1.77,11.55,2026-04,0.3,11.2,-1.78,2.53,5.92,-2.26,外資主導買超；前大買超分點約占成交 5.92%；收盤距區間均價 -1.91%；收盤距分點均價 -2.26%；營收 2026-04，月增 0.3%，年增 11.2%，累計年增 -1.78%,外資買超；融資下降；強放量；營收 2026-04，月增 0.3%，年增 11.2%，累計年增 -1.78%,11.55
2026-05-15,1708,東鹼,TWSE,20,39.65,40.6324,-2.42,95446.77,2218.49,4772.34,3701.31,0.46,0.78,-10.01,量縮,5038.84,-78.0,4960.84,5.28,-0.08,0,1,0,0,-397.97,0.0,美商高盛,2234.0,40.66,港商野村,-2046.0,39.58,11.74,18.51,-777,-10,0.81,31.52,已取得,30.6,62.12,7.8,2.81,14.0,0.0,6.0,12.2,31.52,2026-04,22.67,42.0,12.0,5.2,2.34,-2.48,外資主導買超；前大買超分點約占成交 2.34%；收盤距區間均價 -2.42%；收盤距分點均價 -2.48%；營收 2026-04，月增 22.67%，年增 42.0%，累計年增 12.0%,外資買超；融資下降；營收 2026-04，月增 22.67%，年增 42.0%，累計年增 12.0%,31.52
2026-05-15,2103,台橡,TWSE,20,20.75,20.2733,2.35,139381.35,7747.42,6969.07,7604.92,1.11,1.09,2.8,正常,7920.67,-11.0,7909.67,5.68,-0.01,0,1,0,0,-953.0,0.0,台灣摩根士丹利,2405.0,20.29,統一,-2888.0,20.09,11.03,19.89,1083,8,-0.62,23.6,已取得,30.58,54.18,8.51,2.07,14.0,0.0,6.0,4.33,23.6,2026-04,1.95,18.98,4.23,5.67,1.73,2.27,外資主導買超；前大買超分點約占成交 1.73%；收盤距區間均價 2.35%；收盤距分點均價 2.27%；營收 2026-04，月增 1.95%，年增 18.98%，累計年增 4.23%,外資買超；融資增加；營收 2026-04，月增 1.95%，年增 18.98%，累計年增 4.23%,23.6
2026-05-15,1465,偉全,TWSE,20,11.95,12.3125,-2.94,1637.41,40.28,81.87,62.04,0.49,0.76,-9.97,量縮,42.99,0.0,42.99,2.63,0.0,0,1,0,0,-6.0,0.0,康和-仁愛,90.0,12.09,合庫,-99.0,12.32,13.57,11.35,-92,0,5.62,16.66,已取得,30.53,47.19,3.94,6.6,14.0,0.0,6.0,-0.31,16.66,2026-04,5.25,-12.07,7.71,2.63,5.5,-1.16,外資主導買超；前大買超分點約占成交 5.5%；收盤距區間均價 -2.94%；收盤距分點均價 -1.16%；營收 2026-04，月增 5.25%，年增 -12.07%，累計年增 7.71%,外資買超；融資下降；營收 2026-04，月增 5.25%，年增 -12.07%，累計年增 7.71%,16.66
2026-05-15,8472,夠麻吉,TPEX,20,71.9,70.3957,2.14,323.0,16.0,16.15,14.8,0.99,0.92,-1.45,正常,5.0,0.0,5.0,1.55,0.0,2,0,0,0,6.0,0.0,華南永昌-中正,37.0,68.2,富邦-三重,-19.0,69.39,10.8,14.33,45,0,-6.4,10.13,已取得,30.47,40.6,2.32,13.75,6.0,2.4,6.0,2.2,10.13,2026-04,-15.78,-5.14,31.37,1.55,11.46,5.43,外資主導買超；前大買超分點約占成交 11.46%；收盤距區間均價 2.14%；收盤距分點均價 5.43%；連買：外2 / 投0；營收 2026-04，月增 -15.78%，年增 -5.14%，累計年增 31.37%,外資買超；融資增加；營收 2026-04，月增 -15.78%，年增 -5.14%，累計年增 31.37%,10.13
2026-05-15,2236,百達-KY,TWSE,20,133.5,134.444,-0.7,10971.11,396.96,548.56,552.39,0.72,1.01,-3.2,正常,348.59,0.0,348.59,3.18,0.0,0,1,0,0,-101.54,0.0,兆豐-竹北,516.0,132.0,統一-敦南,-780.0,134.83,12.09,12.9,-291,216,2.65,18.77,已取得,30.41,49.18,4.77,5.64,14.0,0.0,6.0,3.22,18.77,2026-04,-0.39,5.2,14.55,3.18,4.7,1.14,外資主導買超；前大買超分點約占成交 4.7%；收盤距區間均價 -0.7%；收盤距分點均價 1.14%；營收 2026-04，月增 -0.39%，年增 5.2%，累計年增 14.55%,外資買超；融資下降；營收 2026-04，月增 -0.39%，年增 5.2%，累計年增 14.55%,18.77
2026-05-15,1783,和康生,TWSE,20,39.3,39.4983,-0.5,2988.63,88.61,149.43,122.38,0.59,0.82,-7.78,正常,22.47,0.0,22.47,0.75,0.0,3,0,0,0,17.0,0.0,新光,134.0,39.51,凱基-南崁,-505.0,38.69,6.93,14.1,-486,0,8.0,25.0,已取得,30.11,55.11,1.13,5.38,14.0,3.6,6.0,2.9,25.0,2026-04,-12.4,15.84,9.59,0.75,4.48,-0.53,外資主導買超；前大買超分點約占成交 4.48%；收盤距區間均價 -0.5%；收盤距分點均價 -0.53%；連買：外3 / 投0；營收 2026-04，月增 -12.4%，年增 15.84%，累計年增 9.59%,外資買超；融資下降；營收 2026-04，月增 -12.4%，年增 15.84%，累計年增 9.59%,25.0
2026-05-15,1342,八貫,TWSE,20,93.2,96.2937,-3.21,11098.3,261.31,554.91,274.46,0.47,0.49,-12.0,量縮,1120.28,0.0,1120.28,10.09,0.0,7,0,0,0,10.0,0.0,摩根大通,250.0,96.12,凱基-和平,-199.0,96.08,5.81,41.08,89,-1,-0.64,51.67,已取得,29.84,81.51,15.14,2.7,0.0,6.0,6.0,11.23,51.67,2026-04,-5.82,44.52,24.47,10.09,2.25,-3.04,外資主導買超；前大買超分點約占成交 2.25%；收盤距區間均價 -3.21%；收盤距分點均價 -3.04%；連買：外7 / 投0；營收 2026-04，月增 -5.82%，年增 44.52%，累計年增 24.47%,外資買超；融資增加；營收 2026-04，月增 -5.82%，年增 44.52%，累計年增 24.47%,51.67
2026-05-15,8424,惠普,TPEX,20,73.2,73.95,-1.01,292.0,4.0,14.6,22.8,0.27,1.56,0.99,放量,3.0,0.0,3.0,1.03,0.0,0,1,0,0,-1.0,0.0,富邦-南京,20.0,74.11,元大-內湖,-51.0,73.44,9.49,6.88,0,0,0.0,6.24,已取得,29.76,36.0,1.54,8.22,14.0,0.0,6.0,-0.64,6.24,2026-04,-3.69,0.69,-2.0,1.03,6.85,-1.23,外資主導買超；前大買超分點約占成交 6.85%；收盤距區間均價 -1.01%；收盤距分點均價 -1.23%；營收 2026-04，月增 -3.69%，年增 0.69%，累計年增 -2.0%,外資買超；放量；營收 2026-04，月增 -3.69%，年增 0.69%，累計年增 -2.0%,6.24
2026-05-15,1419,新紡,TWSE,20,66.9,64.8156,3.22,2765.62,834.07,138.28,253.05,6.03,1.83,30.0,強放量,23.49,-2.0,21.49,0.85,-0.07,1,0,0,0,36.0,0.0,台新-新竹,160.0,64.09,凱基-台北,-56.0,64.93,15.93,4.14,-13,3,0.54,14.79,已取得,29.31,44.1,1.17,6.94,14.0,1.2,6.0,10.11,14.79,2026-04,-28.64,39.74,37.26,0.78,5.79,4.38,外資主導買超；前大買超分點約占成交 5.79%；收盤距區間均價 3.22%；收盤距分點均價 4.38%；連買：外1 / 投0；營收 2026-04，月增 -28.64%，年增 39.74%，累計年增 37.26%,外資買超；融資下降；強放量；營收 2026-04，月增 -28.64%，年增 39.74%，累計年增 37.26%,14.79
2026-05-15,2937,集雅社,TPEX,20,46.2,44.1996,4.53,123.0,17.0,6.15,12.0,2.76,1.95,30.0,強放量,2.0,0.0,2.0,1.63,0.0,1,0,0,0,2.0,0.0,第一金-高雄,14.0,43.66,元大-沙鹿,-11.0,43.0,11.19,6.55,,,0.0,13.43,已取得,29.3,42.73,2.44,13.66,6.0,1.2,6.0,6.88,13.43,2026-04,20.46,17.63,7.85,1.63,11.38,5.82,外資主導買超；前大買超分點約占成交 11.38%；收盤距區間均價 4.53%；收盤距分點均價 5.82%；連買：外1 / 投0；營收 2026-04，月增 20.46%，年增 17.63%，累計年增 7.85%,外資買超；強放量；營收 2026-04，月增 20.46%，年增 17.63%，累計年增 7.85%,13.43
2026-05-15,1810,和成,TWSE,20,18.8,18.5891,1.13,40594.0,3572.29,2029.7,2502.12,1.76,1.23,15.84,放量,1731.18,-233.9,1497.29,4.26,-0.58,1,0,0,0,1847.8,0.0,美商高盛,786.0,18.61,統一-板橋,-350.0,18.86,11.89,18.04,555,13,-1.07,14.8,已取得,29.06,43.86,5.53,2.32,14.0,1.2,6.0,-2.17,14.8,2026-04,1.38,-6.22,-7.61,3.69,1.94,1.02,外資主導買超；前大買超分點約占成交 1.94%；收盤距區間均價 1.13%；收盤距分點均價 1.02%；連買：外1 / 投0；營收 2026-04，月增 1.38%，年增 -6.22%，累計年增 -7.61%,外資買超；融資增加；放量；營收 2026-04，月增 1.38%，年增 -6.22%，累計年增 -7.61%,14.8
2026-05-15,8390,金益鼎,TPEX,20,119.5,100.8613,18.48,26390.0,3409.0,1319.5,3007.8,2.58,2.28,30.0,強放量,4741.86,0.0,4741.86,17.97,0.0,11,0,0,0,808.26,0.0,新加坡商瑞銀,1199.0,101.68,凱基-台北,-390.0,98.39,0.71,38.0,-311,3,1.19,53.38,已取得,28.95,82.33,22.5,5.45,-11.0,6.0,6.0,14.19,53.38,2026-04,11.21,31.88,44.39,17.97,4.54,17.53,外資主導買超；前大買超分點約占成交 4.54%；收盤距區間均價 18.48%；收盤距分點均價 17.53%；連買：外11 / 投0；營收 2026-04，月增 11.21%，年增 31.88%，累計年增 44.39%,外資買超；融資下降；強放量；營收 2026-04，月增 11.21%，年增 31.88%，累計年增 44.39%,53.38
2026-05-15,2916,滿心,TPEX,20,46.75,45.4444,2.87,2324.0,57.0,116.2,120.0,0.49,1.03,-5.59,正常,52.0,0.0,52.0,2.24,0.0,0,1,0,0,-12.0,0.0,兆豐-天母,107.0,45.53,宏遠-光隆,-426.0,45.52,6.36,10.27,-2,0,0.09,19.53,已取得,28.88,48.41,3.36,5.52,14.0,0.0,6.0,9.17,19.53,2026-04,39.43,20.35,4.85,2.24,4.6,2.68,外資主導買超；前大買超分點約占成交 4.6%；收盤距區間均價 2.87%；收盤距分點均價 2.68%；營收 2026-04，月增 39.43%，年增 20.35%，累計年增 4.85%,外資買超；融資下降；營收 2026-04，月增 39.43%，年增 20.35%，累計年增 4.85%,19.53
2026-05-15,2029,盛餘,TWSE,20,20.15,20.3193,-0.83,4565.56,214.22,228.28,259.53,0.94,1.14,1.45,正常,137.59,0.0,137.59,3.01,0.0,0,1,0,0,-62.01,0.0,永豐金-中正,155.0,20.63,光和,-155.0,20.38,12.38,12.44,3,0,-0.05,10.62,已取得,28.59,39.21,4.52,4.07,14.0,0.0,6.0,-1.77,10.62,2026-04,-0.44,2.14,-13.17,3.01,3.39,-2.33,外資主導買超；前大買超分點約占成交 3.39%；收盤距區間均價 -0.83%；收盤距分點均價 -2.33%；營收 2026-04，月增 -0.44%，年增 2.14%，累計年增 -13.17%,外資買超；融資增加；營收 2026-04，月增 -0.44%，年增 2.14%，累計年增 -13.17%,10.62
2026-05-15,1438,三地開發,TWSE,20,20.5,22.0592,-7.07,2519.55,122.99,125.98,108.55,0.98,0.86,-2.5,正常,121.25,0.0,121.25,4.81,0.0,0,1,0,0,-1.0,0.0,元大-華山,154.0,20.65,中國信託-忠孝,-229.0,20.33,12.79,14.47,-47,0,1.87,22.94,已取得,28.55,51.49,7.22,7.33,8.0,0.0,6.0,6.6,22.94,2026-04,-93.93,,161502.9,4.81,6.11,-0.73,外資主導買超；前大買超分點約占成交 6.11%；收盤距區間均價 -7.07%；收盤距分點均價 -0.73%；營收 2026-04，月增 -93.93%，累計年增 161502.9%,外資買超；融資下降；營收 2026-04，月增 -93.93%，累計年增 161502.9%,22.94
2026-05-15,2250,IKKA-KY,TWSE,20,62.0,63.8832,-2.95,1829.68,85.25,91.48,72.8,0.93,0.8,-4.09,正常,136.41,0.0,136.41,7.46,0.0,0,2,0,0,-26.0,0.0,美商高盛,72.0,64.17,凱基-南崁,-112.0,61.85,5.66,22.88,-26,0,1.42,21.71,已取得,27.91,49.62,11.18,4.72,6.0,0.0,6.0,-2.59,21.71,2026-04,1.7,-8.54,-7.85,7.46,3.94,-3.38,外資主導買超；前大買超分點約占成交 3.94%；收盤距區間均價 -2.95%；收盤距分點均價 -3.38%；營收 2026-04，月增 1.7%，年增 -8.54%，累計年增 -7.85%,外資買超；融資下降；營收 2026-04，月增 1.7%，年增 -8.54%，累計年增 -7.85%,21.71
2026-05-15,1324,地球,TWSE,20,10.3,10.8157,-4.77,3389.57,55.74,169.48,123.26,0.33,0.73,-12.0,量縮,75.87,0.0,75.87,2.24,0.0,0,1,0,0,-3.0,0.0,合庫-西台中,295.0,10.36,群益金鼎-忠孝,-314.0,10.51,15.81,7.27,-431,0,8.0,5.92,已取得,27.8,33.72,3.36,10.44,8.0,0.0,6.0,-9.35,5.92,2026-04,-29.76,-24.22,-12.42,2.24,8.7,-0.58,外資主導買超；前大買超分點約占成交 8.7%；收盤距區間均價 -4.77%；收盤距分點均價 -0.58%；營收 2026-04，月增 -29.76%，年增 -24.22%，累計年增 -12.42%,外資買超；融資下降；營收 2026-04，月增 -29.76%，年增 -24.22%，累計年增 -12.42%,5.92
2026-05-15,2303,聯電,TWSE,20,110.0,87.2572,26.06,5494524.06,413940.73,274726.2,332532.04,1.51,1.21,12.45,放量,262288.52,148858.84,411147.35,4.77,2.71,2,0,9,0,9418.32,39167.31,台灣摩根士丹利,135387.0,87.54,凱基-台北,-20165.0,85.61,-1.23,34.81,-30296,3180,0.59,39.5,已取得,27.58,67.08,11.22,2.96,-11.0,10.4,14.0,4.1,39.5,2026-04,8.8,10.8,6.88,7.48,2.46,25.66,外資與投信同買；前大買超分點約占成交 2.46%；收盤距區間均價 26.06%；收盤距分點均價 25.66%；連買：外2 / 投9；營收 2026-04，月增 8.8%，年增 10.8%，累計年增 6.88%,外資買超；投信買超；融資下降；放量；營收 2026-04，月增 8.8%，年增 10.8%，累計年增 6.88%,39.5
2026-05-15,1524,耿鼎,TWSE,20,28.55,28.9593,-1.41,19146.68,846.85,957.33,763.52,0.88,0.8,-4.62,正常,345.5,0.0,345.5,1.8,0.0,1,0,0,0,41.0,0.0,新光,526.0,28.95,華南永昌,-1146.0,29.28,10.3,13.05,53,16,-0.22,11.25,已取得,27.2,38.45,2.71,3.3,14.0,1.2,6.0,-1.58,11.25,2026-04,9.81,1.77,-19.24,1.8,2.75,-1.38,外資主導買超；前大買超分點約占成交 2.75%；收盤距區間均價 -1.41%；收盤距分點均價 -1.38%；連買：外1 / 投0；營收 2026-04，月增 9.81%，年增 1.77%，累計年增 -19.24%,外資買超；融資增加；營收 2026-04，月增 9.81%，年增 1.77%，累計年增 -19.24%,11.25
2026-05-15,2376,技嘉,TWSE,20,326.5,302.4658,7.95,249347.19,20435.89,12467.36,16671.28,1.64,1.34,16.06,放量,30087.39,-4352.53,25734.87,12.07,-1.75,0,1,0,1,-1297.92,-35.63,台灣摩根士丹利,11503.0,300.79,港商野村,-1362.0,303.94,7.26,19.39,2578,61,-0.81,42.58,已取得,27.02,69.6,15.48,5.54,0.0,0.0,6.0,24,42.58,2026-04,33.92,73.66,64.15,10.32,4.61,8.55,外資主導買超；前大買超分點約占成交 4.61%；收盤距區間均價 7.95%；收盤距分點均價 8.55%；營收 2026-04，月增 33.92%，年增 73.66%，累計年增 64.15%,外資買超；融資增加；放量；營收 2026-04，月增 33.92%，年增 73.66%，累計年增 64.15%,42.58
2026-05-15,2025,千興,TWSE,20,11.6,12.1272,-4.35,9011.67,686.42,450.58,1005.85,1.52,2.23,27.28,放量,12.86,0.0,12.86,0.14,0.0,1,0,0,0,3.0,0.0,犇亞-鑫豐,1464.0,12.98,美好-富順,-158.0,12.79,22.62,5.4,0,0,0.0,28.66,已取得,26.91,55.57,0.21,19.49,0.0,1.2,6.0,23.26,28.66,2026-04,23.81,112.02,101.64,0.14,16.25,-10.63,外資主導買超；前大買超分點約占成交 16.25%；收盤距區間均價 -4.35%；收盤距分點均價 -10.63%；連買：外1 / 投0；營收 2026-04，月增 23.81%，年增 112.02%，累計年增 101.64%,外資買超；放量；營收 2026-04，月增 23.81%，年增 112.02%，累計年增 101.64%,28.66
2026-05-15,2008,高興昌,TWSE,20,27.5,27.0967,1.49,3608.61,18.58,180.43,21.64,0.1,0.12,-12.0,量縮,7.95,0.0,7.95,0.22,0.0,0,4,0,0,-1.0,0.0,元大-博愛,194.0,27.52,美林,-77.0,27.49,15.38,-1.38,-60,0,1.66,-5.41,已取得,26.78,21.37,0.33,6.45,14.0,0.0,6.0,-5.69,-5.41,2026-04,16.2,-21.9,-23.08,0.22,5.38,-0.07,外資主導買超；前大買超分點約占成交 5.38%；收盤距區間均價 1.49%；收盤距分點均價 -0.07%；營收 2026-04，月增 16.2%，年增 -21.9%，累計年增 -23.08%,外資買超；融資下降；營收 2026-04，月增 16.2%，年增 -21.9%，累計年增 -23.08%,-5.41
2026-05-15,3122,笙泉,TPEX,20,36.8,35.7669,2.89,28162.0,720.0,1408.1,1237.6,0.51,0.88,-7.8,正常,678.21,0.0,678.21,2.41,0.0,0,1,0,0,-115.0,0.0,宏遠,681.0,35.13,元大-中壢,-1266.0,34.12,12.65,10.74,-229,0,0.81,9.93,已取得,26.51,36.44,3.61,2.9,14.0,0.0,6.0,-1.62,9.93,2026-04,-8.03,-0.08,-4.03,2.41,2.42,4.75,外資主導買超；前大買超分點約占成交 2.42%；收盤距區間均價 2.89%；收盤距分點均價 4.75%；營收 2026-04，月增 -8.03%，年增 -0.08%，累計年增 -4.03%,外資買超；融資下降；營收 2026-04，月增 -8.03%，年增 -0.08%，累計年增 -4.03%,9.93
2026-05-15,1443,立益物流,TWSE,20,26.2,23.6363,10.85,938.52,27.46,46.93,30.46,0.59,0.65,-10.59,量縮,53.57,0.0,53.57,5.71,0.0,0,4,0,0,-6.0,0.0,陽信,93.0,23.67,統一-城中,-137.0,22.34,6.59,3.98,7,0,-0.6,2.22,已取得,26.45,28.67,8.56,11.89,0.0,0.0,6.0,-1.16,2.22,2026-04,9.21,-4.58,-9.0,5.71,9.91,10.69,外資主導買超；前大買超分點約占成交 9.91%；收盤距區間均價 10.85%；收盤距分點均價 10.69%；營收 2026-04，月增 9.21%，年增 -4.58%，累計年增 -9.0%,外資買超；融資增加；營收 2026-04，月增 9.21%，年增 -4.58%，累計年增 -9.0%,2.22
2026-05-15,8147,正淩,TPEX,20,189.0,170.9522,10.56,34594.0,3645.0,1729.7,2989.4,2.11,1.73,27.94,強放量,1696.81,0.0,1696.81,4.9,0.0,6,0,0,0,665.57,0.0,永豐金,1996.0,175.3,元大,-312.0,172.94,8.47,19.73,-331,39,1.02,31.34,已取得,26.28,57.62,7.36,6.92,0.0,6.0,6.0,10.59,31.34,2026-04,26.94,19.54,23.97,4.9,5.77,7.82,外資主導買超；前大買超分點約占成交 5.77%；收盤距區間均價 10.56%；收盤距分點均價 7.82%；連買：外6 / 投0；營收 2026-04，月增 26.94%，年增 19.54%，累計年增 23.97%,外資買超；融資下降；強放量；營收 2026-04，月增 26.94%，年增 19.54%，累計年增 23.97%,31.34
2026-05-15,3088,艾訊,TPEX,20,131.0,113.2292,15.69,44839.0,2226.0,2241.95,2123.0,0.99,0.95,-0.93,正常,6168.53,0.0,6168.53,13.76,0.0,6,0,0,0,287.09,0.0,台灣摩根士丹利,1728.0,112.92,台新,-326.0,109.42,0.26,37.01,-383,293,1.25,55.09,已取得,26.26,81.35,20.64,4.62,-11.0,6.0,6.0,16.83,55.09,2026-04,-0.52,65.88,38.1,13.76,3.85,16.01,外資主導買超；前大買超分點約占成交 3.85%；收盤距區間均價 15.69%；收盤距分點均價 16.01%；連買：外6 / 投0；營收 2026-04，月增 -0.52%，年增 65.88%，累計年增 38.1%,外資買超；融資下降；營收 2026-04，月增 -0.52%，年增 65.88%，累計年增 38.1%,55.09
