latest_date,stock_id,name,market,observed_days,close,pe_ratio,dividend_yield,pb_ratio,1d_avg_price,close_vs_avg_pct,1d_volume_lot,latest_volume_lot,volume_avg_lot,volume_5d_avg_lot,volume_ratio_1d,volume_ratio_5d,volume_score,volume_signal,1d_foreign_net_lot,1d_trust_net_lot,1d_inst_net_lot,foreign_net_volume_pct,trust_net_volume_pct,foreign_buy_streak,foreign_sell_streak,trust_buy_streak,trust_sell_streak,latest_foreign_net_lot,latest_trust_net_lot,top_buy_branch_name,top_buy_branch_net_lot,top_buy_branch_avg_price,top_sell_branch_name,top_sell_branch_net_lot,top_sell_branch_avg_price,branch_score,chip_score,margin_balance_change_lot,short_balance_change_lot,margin_score,base_score,branch_status,confluence_score,complete_chip_score,confluence_inst_score,confluence_branch_score,confluence_price_score,confluence_streak_score,confluence_direction_score,revenue_momentum_score,selection_score,revenue_month,revenue_mom_pct,revenue_yoy_pct,revenue_cumulative_yoy_pct,inst_net_volume_pct,top_buy_branch_volume_pct,close_vs_top_buy_avg_pct,selection_reason,base_reason,total_score
2026-05-18,2313,華通,TWSE,1,259.0,45.68,1.08,6.59,251.0199,3.18,97275.86,97275.86,97275.86,97275.86,1.0,1.0,0.0,正常,13246.97,2297.0,15543.97,13.62,2.36,1,0,1,0,13246.97,2297.0,,,,,,,0.0,42.4,-605,385,0.86,43.47,未取得,0.0,43.47,0.0,0.0,0.0,0.0,0.0,0.21,43.47,2026-04,-9.04,-2.86,11.33,,,,營收 2026-04，月增 -9.04%，年增 -2.86%，累計年增 11.33%,外資買超；投信買超；融資下降；營收 2026-04，月增 -9.04%，年增 -2.86%，累計年增 11.33%,43.47
2026-05-18,2615,萬海,TWSE,1,76.9,7.1,3.9,0.75,77.0159,-0.15,16577.35,16577.35,16577.35,16577.35,1.0,1.0,0.0,正常,7066.82,0.0,7066.82,42.63,0.0,1,0,0,0,7066.82,0.0,,,,,,,0.0,40.0,-543,17,3.28,47.73,未取得,0.0,47.73,0.0,0.0,0.0,0.0,0.0,4.45,47.73,2026-04,22.89,13.05,-4.03,,,,營收 2026-04，月增 22.89%，年增 13.05%，累計年增 -4.03%,外資買超；融資下降；營收 2026-04，月增 22.89%，年增 13.05%，累計年增 -4.03%,47.73
2026-05-18,2409,友達,TWSE,1,19.25,60.16,2.08,0.97,18.807,2.36,207880.66,207880.66,207880.66,207880.66,1.0,1.0,0.0,正常,6297.95,7.0,6304.95,3.03,0.0,1,0,1,0,6297.95,7.0,,,,,,,0.0,18.99,-2498,-120,1.18,16.87,未取得,0.0,16.87,0.0,0.0,0.0,0.0,0.0,-3.3,16.87,2026-04,-15.07,-4.48,-4.31,,,,營收 2026-04，月增 -15.07%，年增 -4.48%，累計年增 -4.31%,外資買超；投信買超；融資下降；營收 2026-04，月增 -15.07%，年增 -4.48%，累計年增 -4.31%,16.87
2026-05-18,2891,中信金,TWSE,1,54.8,13.7,4.56,2.13,54.9716,-0.31,30347.4,30347.4,30347.4,30347.4,1.0,1.0,0.0,正常,6136.73,-3561.24,2575.5,20.22,-11.73,1,0,0,1,6136.73,-3561.24,,,,,,,0.0,7.29,-21,4,0.07,24.74,未取得,0.0,24.74,0.0,0.0,0.0,0.0,0.0,17.38,24.74,2026-04,50.38,93.98,11.1,,,,營收 2026-04，月增 50.38%，年增 93.98%，累計年增 11.1%,外資買超；融資下降；營收 2026-04，月增 50.38%，年增 93.98%，累計年增 11.1%,24.74
2026-05-18,2542,興富發,TWSE,1,44.6,13.72,8.97,1.71,44.3601,0.54,19426.03,19426.03,19426.03,19426.03,1.0,1.0,0.0,正常,5337.35,29.5,5366.85,27.48,0.15,1,0,1,0,5337.35,29.5,,,,,,,0.0,42.88,-40,-1,0.2,63.44,未取得,0.0,63.44,0.0,0.0,0.0,0.0,0.0,20.36,63.44,2026-04,-0.36,4077.66,1725.22,,,,營收 2026-04，月增 -0.36%，年增 4077.66%，累計年增 1725.22%,外資買超；投信買超；融資下降；營收 2026-04，月增 -0.36%，年增 4077.66%，累計年增 1725.22%,63.44
2026-05-18,8028,昇陽半導體,TWSE,1,278.5,61.62,1.01,9.2,275.9332,0.93,23298.03,23298.03,23298.03,23298.03,1.0,1.0,0.0,正常,5167.41,-40.0,5127.41,22.18,-0.17,1,0,0,1,5167.41,-40.0,,,,,,,0.0,37.07,-377,-162,1.41,47.53,未取得,0.0,47.53,0.0,0.0,0.0,0.0,0.0,9.05,47.53,2026-04,-2.05,31.15,23.06,,,,營收 2026-04，月增 -2.05%，年增 31.15%，累計年增 23.06%,外資買超；融資下降；營收 2026-04，月增 -2.05%，年增 31.15%，累計年增 23.06%,47.53
2026-05-18,5871,中租-KY,TWSE,1,110.0,10.3,5.45,1.08,109.9419,0.05,15438.95,15438.95,15438.95,15438.95,1.0,1.0,0.0,正常,3610.15,-209.44,3400.72,23.38,-1.36,1,0,0,1,3610.15,-209.44,,,,,,,0.0,34.11,-264,2,1.72,33.97,未取得,0.0,33.97,0.0,0.0,0.0,0.0,0.0,-1.86,33.97,2026-04,-5.52,-3.87,-3.12,,,,營收 2026-04，月增 -5.52%，年增 -3.87%，累計年增 -3.12%,外資買超；融資下降；營收 2026-04，月增 -5.52%，年增 -3.87%，累計年增 -3.12%,33.97
2026-05-18,2312,金寶,TWSE,1,28.45,27.36,2.11,1.91,27.6644,2.84,22712.71,22712.71,22712.71,22712.71,1.0,1.0,0.0,正常,3559.09,0.0,3559.09,15.67,0.0,1,0,0,0,3559.09,0.0,,,,,,,0.0,40.0,-1543,211,7.35,45.05,未取得,0.0,45.05,0.0,0.0,0.0,0.0,0.0,-2.3,45.05,2026-04,2.58,-3.49,-12.41,,,,營收 2026-04，月增 2.58%，年增 -3.49%，累計年增 -12.41%,外資買超；融資下降；營收 2026-04，月增 2.58%，年增 -3.49%，累計年增 -12.41%,45.05
2026-05-18,5425,台半,TPEX,1,77.9,36.4,2.57,2.41,75.6907,2.92,20500.0,20500.0,20500.0,20500.0,1.0,1.0,0.0,正常,2983.72,0.0,2983.72,14.55,0.0,1,0,0,0,2983.72,0.0,,,,,,,0.0,39.64,-150,31,0.82,41.0,未取得,0.0,41.0,0.0,0.0,0.0,0.0,0.0,0.54,41.0,2026-04,2.35,2.6,-1.32,,,,營收 2026-04，月增 2.35%，年增 2.6%，累計年增 -1.32%,外資買超；融資下降；營收 2026-04，月增 2.35%，年增 2.6%，累計年增 -1.32%,41.0
2026-05-18,4960,誠美材,TWSE,1,33.5,,0.0,2.62,32.5519,2.91,12565.12,12565.12,12565.12,12565.12,1.0,1.0,0.0,正常,2798.0,0.0,2798.0,22.27,0.0,1,0,0,0,2798.0,0.0,,,,,,,0.0,40.0,-1374,-97,7.77,46.72,未取得,0.0,46.72,0.0,0.0,0.0,0.0,0.0,-1.05,46.72,2026-04,15.24,-5.56,-11.71,,,,營收 2026-04，月增 15.24%，年增 -5.56%，累計年增 -11.71%,外資買超；融資下降；營收 2026-04，月增 15.24%，年增 -5.56%，累計年增 -11.71%,46.72
2026-05-18,8112,至上,TWSE,1,84.1,10.13,4.52,2.4,82.6223,1.79,17750.42,17750.42,17750.42,17750.42,1.0,1.0,0.0,正常,2607.28,-19.99,2587.29,14.69,-0.11,1,0,0,1,2607.28,-19.99,,,,,,,0.0,36.88,-562,52,3.34,56.89,未取得,0.0,56.89,0.0,0.0,0.0,0.0,0.0,16.67,56.89,2026-04,-34.24,55.96,111.09,,,,營收 2026-04，月增 -34.24%，年增 55.96%，累計年增 111.09%,外資買超；融資下降；營收 2026-04，月增 -34.24%，年增 55.96%，累計年增 111.09%,56.89
2026-05-18,2484,希華,TWSE,1,41.0,55.41,1.71,1.59,39.8196,2.96,15616.17,15616.17,15616.17,15616.17,1.0,1.0,0.0,正常,2491.1,0.0,2491.1,15.95,0.0,1,0,0,0,2491.1,0.0,,,,,,,0.0,40.0,-5,61,0.27,41.49,未取得,0.0,41.49,0.0,0.0,0.0,0.0,0.0,1.22,41.49,2026-04,16.51,0.03,-4.78,,,,營收 2026-04，月增 16.51%，年增 0.03%，累計年增 -4.78%,外資買超；融資下降；營收 2026-04，月增 16.51%，年增 0.03%，累計年增 -4.78%,41.49
2026-05-18,3024,憶聲,TWSE,1,17.8,197.78,1.24,1.63,17.4098,2.24,7458.19,7458.19,7458.19,7458.19,1.0,1.0,0.0,正常,2398.0,0.0,2398.0,32.15,0.0,1,0,0,0,2398.0,0.0,,,,,,,0.0,40.0,-21,15,0.4,30.4,未取得,0.0,30.4,0.0,0.0,0.0,0.0,0.0,-10,30.4,2026-04,-8.62,-70.82,-62.22,,,,營收 2026-04，月增 -8.62%，年增 -70.82%，累計年增 -62.22%,外資買超；融資下降；營收 2026-04，月增 -8.62%，年增 -70.82%，累計年增 -62.22%,30.4
2026-05-18,2408,南亞科,TWSE,1,305.0,27.31,0.49,4.9,297.6565,2.47,117077.71,117077.71,117077.71,117077.71,1.0,1.0,0.0,正常,2181.5,-8258.0,-6076.5,1.86,-7.05,1,0,0,1,2181.5,-8258.0,,,,,,,0.0,-18.56,-192,-33,0.16,5.6,未取得,0.0,5.6,0.0,0.0,0.0,0.0,0.0,24,5.6,2026-04,40.29,717.33,623.58,,,,營收 2026-04，月增 40.29%，年增 717.33%，累計年增 623.58%,外資買超；融資下降；營收 2026-04，月增 40.29%，年增 717.33%，累計年增 623.58%,5.6
2026-05-18,6271,同欣電,TWSE,1,185.0,27.45,1.62,1.46,181.7835,1.77,5745.63,5745.63,5745.63,5745.63,1.0,1.0,0.0,正常,2047.95,0.0,2047.95,35.64,0.0,1,0,0,0,2047.95,0.0,,,,,,,0.0,40.0,-142,11,2.59,42.91,未取得,0.0,42.91,0.0,0.0,0.0,0.0,0.0,0.32,42.91,2026-04,4.01,0.92,-2.03,,,,營收 2026-04，月增 4.01%，年增 0.92%，累計年增 -2.03%,外資買超；融資下降；營收 2026-04，月增 4.01%，年增 0.92%，累計年增 -2.03%,42.91
2026-05-18,3034,聯詠,TWSE,1,475.5,19.49,4.84,4.02,468.3681,1.52,5240.29,5240.29,5240.29,5240.29,1.0,1.0,0.0,正常,1924.65,2.94,1927.58,36.73,0.06,1,0,1,0,1924.65,2.94,,,,,,,0.0,42.64,-61,1,1.18,43.39,未取得,0.0,43.39,0.0,0.0,0.0,0.0,0.0,-0.43,43.39,2026-04,8.93,1.16,-10.68,,,,營收 2026-04，月增 8.93%，年增 1.16%，累計年增 -10.68%,外資買超；投信買超；融資下降；營收 2026-04，月增 8.93%，年增 1.16%，累計年增 -10.68%,43.39
2026-05-18,2368,金像電,TWSE,1,1250.0,56.43,0.8,18.33,1242.617,0.59,7982.65,7982.65,7982.65,7982.65,1.0,1.0,0.0,正常,1914.65,29.0,1943.65,23.99,0.36,1,0,1,0,1914.65,29.0,,,,,,,0.0,43.41,-100,-375,-0.16,63.21,未取得,0.0,63.21,0.0,0.0,0.0,0.0,0.0,19.96,63.21,2026-04,-1.29,58.41,60.84,,,,營收 2026-04，月增 -1.29%，年增 58.41%，累計年增 60.84%,外資買超；投信買超；融資下降；營收 2026-04，月增 -1.29%，年增 58.41%，累計年增 60.84%,63.21
2026-05-18,3376,新日興,TWSE,1,205.5,302.21,2.92,2.31,200.491,2.5,6122.82,6122.82,6122.82,6122.82,1.0,1.0,0.0,正常,1893.9,0.0,1893.9,30.93,0.0,1,0,0,0,1893.9,0.0,,,,,,,0.0,40.0,-89,-39,1.26,38.65,未取得,0.0,38.65,0.0,0.0,0.0,0.0,0.0,-2.61,38.65,2026-04,12.61,-10.02,-14.52,,,,營收 2026-04，月增 12.61%，年增 -10.02%，累計年增 -14.52%,外資買超；融資下降；營收 2026-04，月增 12.61%，年增 -10.02%，累計年增 -14.52%,38.65
2026-05-18,2886,兆豐金,TWSE,1,39.55,16.76,4.42,1.5,39.6436,-0.24,28226.05,28226.05,28226.05,28226.05,1.0,1.0,0.0,正常,1867.95,-12.0,1855.95,6.62,-0.04,1,0,0,1,1867.95,-12.0,,,,,,,0.0,23.89,-2,2,0.01,42.89,未取得,0.0,42.89,0.0,0.0,0.0,0.0,0.0,18.99,42.89,2026-04,47.18,59.68,21.56,,,,營收 2026-04，月增 47.18%，年增 59.68%，累計年增 21.56%,外資買超；融資下降；營收 2026-04，月增 47.18%，年增 59.68%，累計年增 21.56%,42.89
2026-05-18,2880,華南金,TWSE,1,31.85,16.76,4.55,1.88,32.1108,-0.81,21630.66,21630.66,21630.66,21630.66,1.0,1.0,0.0,正常,1752.33,-6011.0,-4258.67,8.1,-27.79,1,0,0,1,1752.33,-6011.0,,,,,,,0.0,-21.3,-47,0,0.22,-7.77,未取得,0.0,-7.77,0.0,0.0,0.0,0.0,0.0,13.31,-7.77,2026-04,13.55,46.99,20.15,,,,營收 2026-04，月增 13.55%，年增 46.99%，累計年增 20.15%,外資買超；融資下降；營收 2026-04，月增 13.55%，年增 46.99%，累計年增 20.15%,-7.77
2026-05-18,3049,精金,TWSE,1,12.05,,0.0,1.37,11.9453,0.88,6383.66,6383.66,6383.66,6383.66,1.0,1.0,0.0,正常,1673.0,0.0,1673.0,26.21,0.0,1,0,0,0,1673.0,0.0,,,,,,,0.0,40.0,-10,0,0.16,30.16,未取得,0.0,30.16,0.0,0.0,0.0,0.0,0.0,-10,30.16,2026-04,-47.93,-72.14,-37.54,,,,營收 2026-04，月增 -47.93%，年增 -72.14%，累計年增 -37.54%,外資買超；融資下降；營收 2026-04，月增 -47.93%，年增 -72.14%，累計年增 -37.54%,30.16
2026-05-18,2379,瑞昱,TWSE,1,560.0,20.16,4.46,6.39,550.7969,1.67,4398.43,4398.43,4398.43,4398.43,1.0,1.0,0.0,正常,1658.21,-66.0,1592.21,37.7,-1.5,1,0,0,1,1658.21,-66.0,,,,,,,0.0,33.75,-63,1,1.45,38.5,未取得,0.0,38.5,0.0,0.0,0.0,0.0,0.0,3.3,38.5,2026-04,2.88,11.28,5.79,,,,營收 2026-04，月增 2.88%，年增 11.28%，累計年增 5.79%,外資買超；融資下降；營收 2026-04，月增 2.88%，年增 11.28%，累計年增 5.79%,38.5
2026-05-18,5351,鈺創,TPEX,1,85.3,87.94,0.0,5.9,84.7405,0.66,19177.0,19177.0,19177.0,19177.0,1.0,1.0,0.0,正常,1618.65,0.0,1618.65,8.44,0.0,1,0,0,0,1618.65,0.0,,,,,,,0.0,31.63,-509,-53,2.57,57.11,未取得,0.0,57.11,0.0,0.0,0.0,0.0,0.0,22.91,57.11,2026-04,20.91,417.06,359.74,,,,營收 2026-04，月增 20.91%，年增 417.06%，累計年增 359.74%,外資買超；融資下降；營收 2026-04，月增 20.91%，年增 417.06%，累計年增 359.74%,57.11
2026-05-18,6451,訊芯-KY,TWSE,1,520.0,,0.07,7.88,546.6567,-4.88,7779.09,7779.09,7779.09,7779.09,1.0,1.0,0.0,正常,1521.58,0.0,1521.58,19.56,0.0,1,0,0,0,1521.58,0.0,,,,,,,0.0,37.0,-857,-71,7.73,42.96,未取得,0.0,42.96,0.0,0.0,0.0,0.0,0.0,-1.77,42.96,2026-04,11.8,-2.79,-16.76,,,,營收 2026-04，月增 11.8%，年增 -2.79%，累計年增 -16.76%,外資買超；融資下降；營收 2026-04，月增 11.8%，年增 -2.79%，累計年增 -16.76%,42.96
2026-05-18,3712,永崴投控,TWSE,1,15.5,,19.35,1.28,15.4941,0.04,8161.87,8161.87,8161.87,8161.87,1.0,1.0,0.0,正常,1516.09,0.0,1516.09,18.58,0.0,1,0,0,0,1516.09,0.0,,,,,,,0.0,40.0,-38,261,2.38,37.31,未取得,0.0,37.31,0.0,0.0,0.0,0.0,0.0,-5.07,37.31,2026-04,10.21,-8.29,-37.77,,,,營收 2026-04，月增 10.21%，年增 -8.29%，累計年增 -37.77%,外資買超；融資下降；營收 2026-04，月增 10.21%，年增 -8.29%，累計年增 -37.77%,37.31
2026-05-18,4916,事欣科,TWSE,1,74.4,13.26,0.67,2.52,74.2725,0.17,8465.88,8465.88,8465.88,8465.88,1.0,1.0,0.0,正常,1515.79,0.0,1515.79,17.9,0.0,1,0,0,0,1515.79,0.0,,,,,,,0.0,40.0,-392,221,6.2,60.7,未取得,0.0,60.7,0.0,0.0,0.0,0.0,0.0,14.5,60.7,2026-04,5.37,50.22,30.08,,,,營收 2026-04，月增 5.37%，年增 50.22%，累計年增 30.08%,外資買超；融資下降；營收 2026-04，月增 5.37%，年增 50.22%，累計年增 30.08%,60.7
2026-05-18,1447,力鵬,TWSE,1,5.76,,0.0,0.64,5.7567,0.06,8256.91,8256.91,8256.91,8256.91,1.0,1.0,0.0,正常,1449.29,0.0,1449.29,17.55,0.0,1,0,0,0,1449.29,0.0,,,,,,,0.0,40.0,-88,0,1.07,47.28,未取得,0.0,47.28,0.0,0.0,0.0,0.0,0.0,6.21,47.28,2026-04,-15.82,27.79,19.42,,,,營收 2026-04，月增 -15.82%，年增 27.79%，累計年增 19.42%,外資買超；融資下降；營收 2026-04，月增 -15.82%，年增 27.79%，累計年增 19.42%,47.28
2026-05-18,4958,臻鼎-KY,TWSE,1,388.5,54.8,0.89,3.31,384.2263,1.11,32275.27,32275.27,32275.27,32275.27,1.0,1.0,0.0,正常,1375.34,-2688.0,-1312.66,4.26,-8.33,1,0,0,1,1375.34,-2688.0,,,,,,,0.0,-16.05,-31,10,0.11,-13.33,未取得,0.0,-13.33,0.0,0.0,0.0,0.0,0.0,2.61,-13.33,2026-04,-1.6,11.83,4.2,,,,營收 2026-04，月增 -1.6%，年增 11.83%，累計年增 4.2%,外資買超；融資下降；營收 2026-04，月增 -1.6%，年增 11.83%，累計年增 4.2%,-13.33
2026-05-18,6282,康舒,TWSE,1,50.8,101.6,1.57,1.93,49.9557,1.69,19528.84,19528.84,19528.84,19528.84,1.0,1.0,0.0,正常,1373.85,0.0,1373.85,7.03,0.0,1,0,0,0,1373.85,0.0,,,,,,,0.0,27.7,-871,19,4.52,42.22,未取得,0.0,42.22,0.0,0.0,0.0,0.0,0.0,10.0,42.22,2026-04,0.19,34.61,23.44,,,,營收 2026-04，月增 0.19%，年增 34.61%，累計年增 23.44%,外資買超；融資下降；營收 2026-04，月增 0.19%，年增 34.61%，累計年增 23.44%,42.22
2026-05-18,4919,新唐,TWSE,1,148.5,,0.27,4.72,145.0071,2.41,17041.63,17041.63,17041.63,17041.63,1.0,1.0,0.0,正常,1338.79,0.0,1338.79,7.86,0.0,1,0,0,0,1338.79,0.0,,,,,,,0.0,30.0,-1300,152,8.16,35.57,未取得,0.0,35.57,0.0,0.0,0.0,0.0,0.0,-2.59,35.57,2026-04,-19.81,1.59,-3.11,,,,營收 2026-04，月增 -19.81%，年增 1.59%，累計年增 -3.11%,外資買超；融資下降；營收 2026-04，月增 -19.81%，年增 1.59%，累計年增 -3.11%,35.57
2026-05-18,8358,金居,TPEX,1,428.0,82.15,0.47,13.26,406.5407,5.28,3049.0,3049.0,3049.0,3049.0,1.0,1.0,0.0,正常,1318.7,0.0,1318.7,43.25,0.0,1,0,0,0,1318.7,0.0,,,,,,,0.0,34.0,-558,9,8.18,56.15,未取得,0.0,56.15,0.0,0.0,0.0,0.0,0.0,13.97,56.15,2026-04,4.66,35.81,43.56,,,,營收 2026-04，月增 4.66%，年增 35.81%，累計年增 43.56%,外資買超；融資下降；營收 2026-04，月增 4.66%，年增 35.81%，累計年增 43.56%,56.15
2026-05-18,6182,合晶,TPEX,1,55.0,1375.0,0.0,2.07,53.3105,3.17,9182.0,9182.0,9182.0,9182.0,1.0,1.0,0.0,正常,1263.02,0.0,1263.02,13.76,0.0,1,0,0,0,1263.02,0.0,,,,,,,0.0,33.0,-886,-184,7.4,41.74,未取得,0.0,41.74,0.0,0.0,0.0,0.0,0.0,1.34,41.74,2026-04,-2.64,3.0,6.95,,,,營收 2026-04，月增 -2.64%，年增 3.0%，累計年增 6.95%,外資買超；融資下降；營收 2026-04，月增 -2.64%，年增 3.0%，累計年增 6.95%,41.74
2026-05-18,4306,炎洲,TWSE,1,13.6,35.79,5.15,0.71,13.4699,0.97,2620.97,2620.97,2620.97,2620.97,1.0,1.0,0.0,正常,1251.06,0.0,1251.06,47.73,0.0,1,0,0,0,1251.06,0.0,,,,,,,0.0,40.0,-155,0,5.91,52.69,未取得,0.0,52.69,0.0,0.0,0.0,0.0,0.0,6.78,52.69,2026-04,3.4,24.04,12.8,,,,營收 2026-04，月增 3.4%，年增 24.04%，累計年增 12.8%,外資買超；融資下降；營收 2026-04，月增 3.4%，年增 24.04%，累計年增 12.8%,52.69
2026-05-18,2609,陽明,TWSE,1,48.55,15.76,4.12,0.52,48.5492,0.0,13803.5,13803.5,13803.5,13803.5,1.0,1.0,0.0,正常,1194.27,0.9,1195.17,8.65,0.01,1,0,1,0,1194.27,0.9,,,,,,,0.0,34.75,-263,4,1.92,39.46,未取得,0.0,39.46,0.0,0.0,0.0,0.0,0.0,2.79,39.46,2026-04,14.23,13.88,-8.83,,,,營收 2026-04，月增 14.23%，年增 13.88%，累計年增 -8.83%,外資買超；投信買超；融資下降；營收 2026-04，月增 14.23%，年增 13.88%，累計年增 -8.83%,39.46
2026-05-18,3221,台嘉碩,TPEX,1,44.6,153.79,0.63,2.24,43.0279,3.65,7385.0,7385.0,7385.0,7385.0,1.0,1.0,0.0,正常,1155.0,0.0,1155.0,15.64,0.0,1,0,0,0,1155.0,0.0,,,,,,,0.0,34.0,-451,76,6.72,45.8,未取得,0.0,45.8,0.0,0.0,0.0,0.0,0.0,5.08,45.8,2026-04,17.62,13.65,3.15,,,,營收 2026-04，月增 17.62%，年增 13.65%，累計年增 3.15%,外資買超；融資下降；營收 2026-04，月增 17.62%，年增 13.65%，累計年增 3.15%,45.8
2026-05-18,1711,永光,TWSE,1,48.9,,0.61,3.25,48.4298,0.97,22684.82,22684.82,22684.82,22684.82,1.0,1.0,0.0,正常,1148.09,0.0,1148.09,5.06,0.0,1,0,0,0,1148.09,0.0,,,,,,,0.0,22.17,-1081,13,4.8,25.63,未取得,0.0,25.63,0.0,0.0,0.0,0.0,0.0,-1.34,25.63,2026-04,-13.8,-1.37,3.53,,,,營收 2026-04，月增 -13.8%，年增 -1.37%，累計年增 3.53%,外資買超；融資下降；營收 2026-04，月增 -13.8%，年增 -1.37%，累計年增 3.53%,25.63
2026-05-18,2455,全新,TWSE,1,387.0,122.08,0.68,19.52,371.0394,4.3,2920.96,2920.96,2920.96,2920.96,1.0,1.0,0.0,正常,1135.7,0.0,1135.7,38.88,0.0,1,0,0,0,1135.7,0.0,,,,,,,0.0,34.0,-163,169,8.58,53.61,未取得,0.0,53.61,0.0,0.0,0.0,0.0,0.0,11.03,53.61,2026-04,2.36,37.75,24.68,,,,營收 2026-04，月增 2.36%，年增 37.75%，累計年增 24.68%,外資買超；融資下降；營收 2026-04，月增 2.36%，年增 37.75%，累計年增 24.68%,53.61
2026-05-18,2342,茂矽,TWSE,1,39.65,,0.76,2.7,39.3091,0.87,3850.2,3850.2,3850.2,3850.2,1.0,1.0,0.0,正常,1079.0,0.0,1079.0,28.02,0.0,1,0,0,0,1079.0,0.0,,,,,,,0.0,40.0,-389,-11,7.91,46.22,未取得,0.0,46.22,0.0,0.0,0.0,0.0,0.0,-1.69,46.22,2026-04,4.06,-3.46,-9.71,,,,營收 2026-04，月增 4.06%，年增 -3.46%，累計年增 -9.71%,外資買超；融資下降；營收 2026-04，月增 4.06%，年增 -3.46%，累計年增 -9.71%,46.22
2026-05-18,6166,凌華,TWSE,1,113.5,31.44,1.06,4.27,115.8593,-2.04,7894.62,7894.62,7894.62,7894.62,1.0,1.0,0.0,正常,1058.94,0.0,1058.94,13.41,0.0,1,0,0,0,1058.94,0.0,,,,,,,0.0,38.73,-315,2,3.99,60.21,未取得,0.0,60.21,0.0,0.0,0.0,0.0,0.0,17.49,60.21,2026-04,5.64,63.16,37.59,,,,營收 2026-04，月增 5.64%，年增 63.16%，累計年增 37.59%,外資買超；融資下降；營收 2026-04，月增 5.64%，年增 63.16%，累計年增 37.59%,60.21
2026-05-18,2332,友訊,TWSE,1,14.0,,0.71,1.01,13.8461,1.11,3285.86,3285.86,3285.86,3285.86,1.0,1.0,0.0,正常,1033.0,0.0,1033.0,31.44,0.0,1,0,0,0,1033.0,0.0,,,,,,,0.0,40.0,-174,-4,5.26,49.58,未取得,0.0,49.58,0.0,0.0,0.0,0.0,0.0,4.32,49.58,2026-04,-0.77,18.53,6.72,,,,營收 2026-04，月增 -0.77%，年增 18.53%，累計年增 6.72%,外資買超；融資下降；營收 2026-04，月增 -0.77%，年增 18.53%，累計年增 6.72%,49.58
2026-05-18,2399,映泰,TWSE,1,45.6,29.23,0.0,3.3,45.0554,1.21,9013.17,9013.17,9013.17,9013.17,1.0,1.0,0.0,正常,935.3,0.0,935.3,10.38,0.0,1,0,0,0,935.3,0.0,,,,,,,0.0,36.3,-44,10,0.55,44.16,未取得,0.0,44.16,0.0,0.0,0.0,0.0,0.0,7.31,44.16,2026-04,34.68,21.9,-4.93,,,,營收 2026-04，月增 34.68%，年增 21.9%，累計年增 -4.93%,外資買超；融資下降；營收 2026-04，月增 34.68%，年增 21.9%，累計年增 -4.93%,44.16
2026-05-18,6227,茂綸,TPEX,1,119.0,13.65,3.78,3.14,118.4863,0.43,4401.0,4401.0,4401.0,4401.0,1.0,1.0,0.0,正常,904.0,0.0,904.0,20.54,0.0,1,0,0,0,904.0,0.0,,,,,,,0.0,40.0,-489,148,10,61.45,未取得,0.0,61.45,0.0,0.0,0.0,0.0,0.0,11.45,61.45,2026-04,30.49,16.61,30.02,,,,營收 2026-04，月增 30.49%，年增 16.61%，累計年增 30.02%,外資買超；融資下降；營收 2026-04，月增 30.49%，年增 16.61%，累計年增 30.02%,61.45
2026-05-18,5309,系統電,TPEX,1,66.0,314.29,0.76,2.9,64.605,2.16,6221.0,6221.0,6221.0,6221.0,1.0,1.0,0.0,正常,875.91,0.0,875.91,14.08,0.0,1,0,0,0,875.91,0.0,,,,,,,0.0,39.26,-135,46,2.61,43.96,未取得,0.0,43.96,0.0,0.0,0.0,0.0,0.0,2.09,43.96,2026-04,4.59,7.65,1.01,,,,營收 2026-04，月增 4.59%，年增 7.65%，累計年增 1.01%,外資買超；融資下降；營收 2026-04，月增 4.59%，年增 7.65%，累計年增 1.01%,43.96
2026-05-18,3008,大立光,TWSE,1,3290.0,20.54,2.43,2.33,3253.0295,1.14,4461.03,4461.03,4461.03,4461.03,1.0,1.0,0.0,正常,862.19,0.0,862.19,19.33,0.0,1,0,0,0,862.19,0.0,,,,,,,0.0,40.0,-134,-6,2.96,48.54,未取得,0.0,48.54,0.0,0.0,0.0,0.0,0.0,5.58,48.54,2026-04,-1.06,22.57,10.26,,,,營收 2026-04，月增 -1.06%，年增 22.57%，累計年增 10.26%,外資買超；融資下降；營收 2026-04，月增 -1.06%，年增 22.57%，累計年增 10.26%,48.54
2026-05-18,6547,高端疫苗,TPEX,1,48.8,,0.0,4.56,48.6603,0.29,1732.0,1732.0,1732.0,1732.0,1.0,1.0,0.0,正常,780.0,0.0,780.0,45.03,0.0,1,0,0,0,780.0,0.0,,,,,,,0.0,40.0,-73,93,7.21,43.17,未取得,0.0,43.17,0.0,0.0,0.0,0.0,0.0,-4.04,43.17,2026-04,-11.04,-7.87,-8.13,,,,營收 2026-04，月增 -11.04%，年增 -7.87%，累計年增 -8.13%,外資買超；融資下降；營收 2026-04，月增 -11.04%，年增 -7.87%，累計年增 -8.13%,43.17
2026-05-18,6155,鈞寶,TWSE,1,52.0,104.0,1.54,2.85,51.8369,0.31,4804.33,4804.33,4804.33,4804.33,1.0,1.0,0.0,正常,763.6,0.0,763.6,15.89,0.0,1,0,0,0,763.6,0.0,,,,,,,0.0,40.0,-157,35,3.7,48.18,未取得,0.0,48.18,0.0,0.0,0.0,0.0,0.0,4.48,48.18,2026-04,3.68,15.38,7.94,,,,營收 2026-04，月增 3.68%，年增 15.38%，累計年增 7.94%,外資買超；融資下降；營收 2026-04，月增 3.68%，年增 15.38%，累計年增 7.94%,48.18
2026-05-18,5498,凱崴,TPEX,1,68.7,572.5,0.36,6.12,68.2965,0.59,5930.0,5930.0,5930.0,5930.0,1.0,1.0,0.0,正常,762.0,0.0,762.0,12.85,0.0,1,0,0,0,762.0,0.0,,,,,,,0.0,38.28,-277,-18,4.58,61.46,未取得,0.0,61.46,0.0,0.0,0.0,0.0,0.0,18.6,61.46,2026-04,5.96,54.64,50.29,,,,營收 2026-04，月增 5.96%，年增 54.64%，累計年增 50.29%,外資買超；融資下降；營收 2026-04，月增 5.96%，年增 54.64%，累計年增 50.29%,61.46
2026-05-18,2376,技嘉,TWSE,1,330.5,15.44,3.63,3.43,339.7876,-2.73,39137.87,39137.87,39137.87,39137.87,1.0,1.0,0.0,正常,694.42,3054.0,3748.42,1.77,7.8,1,0,1,0,694.42,3054.0,,,,,,,0.0,41.22,-635,4,1.62,66.84,未取得,0.0,66.84,0.0,0.0,0.0,0.0,0.0,24,66.84,2026-04,33.92,73.66,64.15,,,,營收 2026-04，月增 33.92%，年增 73.66%，累計年增 64.15%,外資買超；投信買超；融資下降；營收 2026-04，月增 33.92%，年增 73.66%，累計年增 64.15%,66.84
2026-05-18,9941,裕融,TWSE,1,74.3,10.88,6.16,1.2,74.3115,-0.02,1756.16,1756.16,1756.16,1756.16,1.0,1.0,0.0,正常,681.95,-7.11,674.85,38.83,-0.4,1,0,0,1,681.95,-7.11,,,,,,,0.0,36.49,-33,-2,1.84,37.54,未取得,0.0,37.54,0.0,0.0,0.0,0.0,0.0,-0.79,37.54,2026-04,4.08,-4.67,-2.76,,,,營收 2026-04，月增 4.08%，年增 -4.67%，累計年增 -2.76%,外資買超；融資下降；營收 2026-04，月增 4.08%，年增 -4.67%，累計年增 -2.76%,37.54
2026-05-18,3605,宏致,TWSE,1,76.0,21.97,2.21,1.56,75.4029,0.79,2815.74,2815.74,2815.74,2815.74,1.0,1.0,0.0,正常,678.02,0.0,678.02,24.08,0.0,1,0,0,0,678.02,0.0,,,,,,,0.0,40.0,-138,19,5.31,51.85,未取得,0.0,51.85,0.0,0.0,0.0,0.0,0.0,6.54,51.85,2026-04,14.55,16.51,11.39,,,,營收 2026-04，月增 14.55%，年增 16.51%，累計年增 11.39%,外資買超；融資下降；營收 2026-04，月增 14.55%，年增 16.51%，累計年增 11.39%,51.85
2026-05-18,2495,普安,TWSE,1,36.7,32.48,2.18,2.15,36.0963,1.67,3582.14,3582.14,3582.14,3582.14,1.0,1.0,0.0,正常,664.0,0.0,664.0,18.54,0.0,1,0,0,0,664.0,0.0,,,,,,,0.0,40.0,-71,-4,1.95,53.49,未取得,0.0,53.49,0.0,0.0,0.0,0.0,0.0,11.54,53.49,2026-04,-6.25,36.72,35.51,,,,營收 2026-04，月增 -6.25%，年增 36.72%，累計年增 35.51%,外資買超；融資下降；營收 2026-04，月增 -6.25%，年增 36.72%，累計年增 35.51%,53.49
2026-05-18,2436,偉詮電,TWSE,1,71.0,21.07,2.82,3.22,68.9638,2.95,3590.25,3590.25,3590.25,3590.25,1.0,1.0,0.0,正常,654.37,0.0,654.37,18.23,0.0,1,0,0,0,654.37,0.0,,,,,,,0.0,40.0,-32,63,1.94,53.78,未取得,0.0,53.78,0.0,0.0,0.0,0.0,0.0,11.84,53.78,2026-04,11.08,30.48,31.39,,,,營收 2026-04，月增 11.08%，年增 30.48%，累計年增 31.39%,外資買超；融資下降；營收 2026-04，月增 11.08%，年增 30.48%，累計年增 31.39%,53.78
2026-05-18,3031,佰鴻,TWSE,1,28.55,25.49,3.5,1.74,28.0326,1.85,1557.92,1557.92,1557.92,1557.92,1.0,1.0,0.0,正常,654.12,0.0,654.12,41.99,0.0,1,0,0,0,654.12,0.0,,,,,,,0.0,40.0,-222,-11,7.79,53.67,未取得,0.0,53.67,0.0,0.0,0.0,0.0,0.0,5.88,53.67,2026-04,1.62,17.79,15.5,,,,營收 2026-04，月增 1.62%，年增 17.79%，累計年增 15.5%,外資買超；融資下降；營收 2026-04，月增 1.62%，年增 17.79%，累計年增 15.5%,53.67
2026-05-18,4532,瑞智,TWSE,1,23.65,12.92,6.34,1.12,23.4659,0.78,1184.41,1184.41,1184.41,1184.41,1.0,1.0,0.0,正常,628.0,-6.45,621.55,53.02,-0.54,1,0,0,1,628.0,-6.45,,,,,,,0.0,36.14,-29,0,2.45,38.57,未取得,0.0,38.57,0.0,0.0,0.0,0.0,0.0,-0.02,38.57,2026-04,1.57,3.84,-5.63,,,,營收 2026-04，月增 1.57%，年增 3.84%，累計年增 -5.63%,外資買超；融資下降；營收 2026-04，月增 1.57%，年增 3.84%，累計年增 -5.63%,38.57
2026-05-18,2489,瑞軒,TWSE,1,39.75,36.47,3.02,1.87,38.9428,2.07,22810.78,22810.78,22810.78,22810.78,1.0,1.0,0.0,正常,602.98,20.1,623.08,2.64,0.09,1,0,1,0,602.98,20.1,,,,,,,0.0,18.19,-598,-25,2.59,25.03,未取得,0.0,25.03,0.0,0.0,0.0,0.0,0.0,4.25,25.03,2026-04,-0.3,14.28,10.75,,,,營收 2026-04，月增 -0.3%，年增 14.28%，累計年增 10.75%,外資買超；投信買超；融資下降；營收 2026-04，月增 -0.3%，年增 14.28%，累計年增 10.75%,25.03
2026-05-18,3264,欣銓,TPEX,1,230.0,35.66,1.83,5.38,225.635,1.93,5719.0,5719.0,5719.0,5719.0,1.0,1.0,0.0,正常,598.7,-211.1,387.6,10.47,-3.69,1,0,0,1,598.7,-211.1,,,,,,,0.0,21.69,-129,-8,2.21,33.26,未取得,0.0,33.26,0.0,0.0,0.0,0.0,0.0,9.36,33.26,2026-04,2.98,27.79,24.99,,,,營收 2026-04，月增 2.98%，年增 27.79%，累計年增 24.99%,外資買超；融資下降；營收 2026-04，月增 2.98%，年增 27.79%，累計年增 24.99%,33.26
2026-05-18,3339,泰谷,TPEX,1,46.35,,0.0,4.51,45.5597,1.73,2643.0,2643.0,2643.0,2643.0,1.0,1.0,0.0,正常,585.0,0.0,585.0,22.13,0.0,1,0,0,0,585.0,0.0,,,,,,,0.0,40.0,-30,22,1.63,49.61,未取得,0.0,49.61,0.0,0.0,0.0,0.0,0.0,7.98,49.61,2026-04,-0.77,10.51,38.6,,,,營收 2026-04，月增 -0.77%，年增 10.51%，累計年增 38.6%,外資買超；融資下降；營收 2026-04，月增 -0.77%，年增 10.51%，累計年增 38.6%,49.61
2026-05-18,2404,漢唐,TWSE,1,1005.0,18.68,3.98,13.2,1005.9921,-0.1,3966.34,3966.34,3966.34,3966.34,1.0,1.0,0.0,正常,575.85,-44.0,531.85,14.52,-1.11,1,0,0,1,575.85,-44.0,,,,,,,0.0,33.45,-105,3,2.65,57.15,未取得,0.0,57.15,0.0,0.0,0.0,0.0,0.0,21.05,57.15,2026-04,5.39,102.23,82.88,,,,營收 2026-04，月增 5.39%，年增 102.23%，累計年增 82.88%,外資買超；融資下降；營收 2026-04，月增 5.39%，年增 102.23%，累計年增 82.88%,57.15
2026-05-18,2401,凌陽,TWSE,1,24.8,,0.0,1.78,24.402,1.63,4362.87,4362.87,4362.87,4362.87,1.0,1.0,0.0,正常,572.0,0.0,572.0,13.11,0.0,1,0,0,0,572.0,0.0,,,,,,,0.0,38.49,-219,-16,4.91,47.38,未取得,0.0,47.38,0.0,0.0,0.0,0.0,0.0,3.98,47.38,2026-04,-5.49,14.11,13.15,,,,營收 2026-04，月增 -5.49%，年增 14.11%，累計年增 13.15%,外資買超；融資下降；營收 2026-04，月增 -5.49%，年增 14.11%，累計年增 13.15%,47.38
2026-05-18,1714,和桐,TWSE,1,9.75,15.23,1.85,0.75,9.7027,0.49,4572.79,4572.79,4572.79,4572.79,1.0,1.0,0.0,正常,571.75,0.0,571.75,12.5,0.0,1,0,0,0,571.75,0.0,,,,,,,0.0,38.0,-1319,0,8.0,66.07,未取得,0.0,66.07,0.0,0.0,0.0,0.0,0.0,20.07,66.07,2026-04,13.72,71.71,47.62,,,,營收 2026-04，月增 13.72%，年增 71.71%，累計年增 47.62%,外資買超；融資下降；營收 2026-04，月增 13.72%，年增 71.71%，累計年增 47.62%,66.07
2026-05-18,6462,神盾,TPEX,1,137.5,,0.0,1.85,134.5959,2.16,2978.0,2978.0,2978.0,2978.0,1.0,1.0,0.0,正常,544.0,0.0,544.0,18.27,0.0,1,0,0,0,544.0,0.0,,,,,,,0.0,40.0,-119,12,4.24,53.01,未取得,0.0,53.01,0.0,0.0,0.0,0.0,0.0,8.77,53.01,2026-04,-52.21,12.03,87.36,,,,營收 2026-04，月增 -52.21%，年增 12.03%，累計年增 87.36%,外資買超；融資下降；營收 2026-04，月增 -52.21%，年增 12.03%，累計年增 87.36%,53.01
2026-05-18,3019,亞光,TWSE,1,147.0,21.43,3.13,2.87,146.3765,0.43,6860.43,6860.43,6860.43,6860.43,1.0,1.0,0.0,正常,524.22,0.0,524.22,7.64,0.0,1,0,0,0,524.22,0.0,,,,,,,0.0,29.4,-192,-4,2.78,39.81,未取得,0.0,39.81,0.0,0.0,0.0,0.0,0.0,7.63,39.81,2026-04,11.84,20.03,16.25,,,,營收 2026-04，月增 11.84%，年增 20.03%，累計年增 16.25%,外資買超；融資下降；營收 2026-04，月增 11.84%，年增 20.03%，累計年增 16.25%,39.81
2026-05-18,2406,國碩,TWSE,1,31.75,,0.0,3.05,31.2297,1.67,6104.15,6104.15,6104.15,6104.15,1.0,1.0,0.0,正常,522.03,0.0,522.03,8.55,0.0,1,0,0,0,522.03,0.0,,,,,,,0.0,31.95,-75,-10,1.18,54.25,未取得,0.0,54.25,0.0,0.0,0.0,0.0,0.0,21.12,54.25,2026-04,5.99,143.29,161.28,,,,營收 2026-04，月增 5.99%，年增 143.29%，累計年增 161.28%,外資買超；融資下降；營收 2026-04，月增 5.99%，年增 143.29%，累計年增 161.28%,54.25
2026-05-18,2637,慧洋-KY,TWSE,1,72.8,10.24,4.81,1.08,72.1077,0.96,2100.19,2100.19,2100.19,2100.19,1.0,1.0,0.0,正常,507.0,5.46,512.46,24.14,0.26,1,0,1,0,507.0,5.46,,,,,,,0.0,43.15,-263,412,10,60.1,未取得,0.0,60.1,0.0,0.0,0.0,0.0,0.0,6.95,60.1,2026-04,-4.53,21.23,22.98,,,,營收 2026-04，月增 -4.53%，年增 21.23%，累計年增 22.98%,外資買超；投信買超；融資下降；營收 2026-04，月增 -4.53%，年增 21.23%，累計年增 22.98%,60.1
2026-05-18,3026,禾伸堂,TWSE,1,359.5,46.33,1.61,6.16,351.7525,2.2,2022.39,2022.39,2022.39,2022.39,1.0,1.0,0.0,正常,498.17,-1.0,497.17,24.63,-0.05,1,0,0,1,498.17,-1.0,,,,,,,0.0,37.38,-257,1,8.03,52.12,未取得,0.0,52.12,0.0,0.0,0.0,0.0,0.0,6.71,52.12,2026-04,10.67,21.12,10.17,,,,營收 2026-04，月增 10.67%，年增 21.12%，累計年增 10.17%,外資買超；融資下降；營收 2026-04，月增 10.67%，年增 21.12%，累計年增 10.17%,52.12
2026-05-18,6205,詮欣,TWSE,1,76.2,45.36,1.97,2.42,75.2836,1.22,1699.92,1699.92,1699.92,1699.92,1.0,1.0,0.0,正常,496.0,0.0,496.0,29.18,0.0,1,0,0,0,496.0,0.0,,,,,,,0.0,40.0,-173,0,8.0,41.64,未取得,0.0,41.64,0.0,0.0,0.0,0.0,0.0,-6.36,41.64,2026-04,4.89,-20.42,-20.43,,,,營收 2026-04，月增 4.89%，年增 -20.42%，累計年增 -20.43%,外資買超；融資下降；營收 2026-04，月增 4.89%，年增 -20.42%，累計年增 -20.43%,41.64
2026-05-18,3289,宜特,TPEX,1,165.5,34.27,2.69,3.0,164.8951,0.37,2403.0,2403.0,2403.0,2403.0,1.0,1.0,0.0,正常,494.0,0.0,494.0,20.56,0.0,1,0,0,0,494.0,0.0,,,,,,,0.0,40.0,-425,-15,7.81,47.2,未取得,0.0,47.2,0.0,0.0,0.0,0.0,0.0,-0.61,47.2,2026-04,6.12,-3.8,-4.13,,,,營收 2026-04，月增 6.12%，年增 -3.8%，累計年增 -4.13%,外資買超；融資下降；營收 2026-04，月增 6.12%，年增 -3.8%，累計年增 -4.13%,47.2
2026-05-18,1316,上曜,TWSE,1,10.75,,0.0,0.86,10.7253,0.23,1389.56,1389.56,1389.56,1389.56,1.0,1.0,0.0,正常,492.0,0.0,492.0,35.41,0.0,1,0,0,0,492.0,0.0,,,,,,,0.0,40.0,-16,3,1.28,62.2,未取得,0.0,62.2,0.0,0.0,0.0,0.0,0.0,20.92,62.2,2026-04,4.3,115.49,135.97,,,,營收 2026-04，月增 4.3%，年增 115.49%，累計年增 135.97%,外資買超；融資下降；營收 2026-04，月增 4.3%，年增 115.49%，累計年增 135.97%,62.2
2026-05-18,6962,奕力-KY,TWSE,1,36.3,24.86,2.75,0.88,35.9064,1.1,2278.31,2278.31,2278.31,2278.31,1.0,1.0,0.0,正常,481.0,-4.0,477.0,21.11,-0.18,1,0,0,1,481.0,-4.0,,,,,,,0.0,37.06,-9,2,0.45,37.42,未取得,0.0,37.42,0.0,0.0,0.0,0.0,0.0,-0.09,37.42,2026-04,20.45,-3.91,-11.5,,,,營收 2026-04，月增 20.45%，年增 -3.91%，累計年增 -11.5%,外資買超；融資下降；營收 2026-04，月增 20.45%，年增 -3.91%，累計年增 -11.5%,37.42
2026-05-18,4142,國光生,TWSE,1,17.6,,0.0,1.56,17.6705,-0.4,1817.48,1817.48,1817.48,1817.48,1.0,1.0,0.0,正常,461.83,0.0,461.83,25.41,0.0,1,0,0,0,461.83,0.0,,,,,,,0.0,40.0,-69,0,3.8,57.7,未取得,0.0,57.7,0.0,0.0,0.0,0.0,0.0,13.9,57.7,2026-04,-65.27,474.37,38.12,,,,營收 2026-04，月增 -65.27%，年增 474.37%，累計年增 38.12%,外資買超；融資下降；營收 2026-04，月增 -65.27%，年增 474.37%，累計年增 38.12%,57.7
2026-05-18,4956,光鋐,TWSE,1,41.95,,0.0,2.55,41.3554,1.44,2395.33,2395.33,2395.33,2395.33,1.0,1.0,0.0,正常,455.0,0.0,455.0,19.0,0.0,1,0,0,0,455.0,0.0,,,,,,,0.0,40.0,-47,-50,1.34,45.44,未取得,0.0,45.44,0.0,0.0,0.0,0.0,0.0,4.1,45.44,2026-04,-11.23,16.45,15.57,,,,營收 2026-04，月增 -11.23%，年增 16.45%，累計年增 15.57%,外資買超；融資下降；營收 2026-04，月增 -11.23%，年增 16.45%，累計年增 15.57%,45.44
2026-05-18,5452,佶優,TPEX,1,32.35,129.4,0.77,2.21,32.1842,0.52,1222.0,1222.0,1222.0,1222.0,1.0,1.0,0.0,正常,451.0,0.0,451.0,36.91,0.0,1,0,0,0,451.0,0.0,,,,,,,0.0,40.0,-87,4,7.32,48.15,未取得,0.0,48.15,0.0,0.0,0.0,0.0,0.0,0.83,48.15,2026-04,13.18,6.5,-12.0,,,,營收 2026-04，月增 13.18%，年增 6.5%，累計年增 -12.0%,外資買超；融資下降；營收 2026-04，月增 13.18%，年增 6.5%，累計年增 -12.0%,48.15
2026-05-18,3035,智原,TWSE,1,193.0,102.66,0.93,3.68,185.9472,3.79,10899.39,10899.39,10899.39,10899.39,1.0,1.0,0.0,正常,449.3,0.0,449.3,4.12,0.0,1,0,0,0,449.3,0.0,,,,,,,0.0,13.54,-506,-10,4.61,8.15,未取得,0.0,8.15,0.0,0.0,0.0,0.0,0.0,-10,8.15,2026-04,-9.33,-43.12,-61.09,,,,營收 2026-04，月增 -9.33%，年增 -43.12%，累計年增 -61.09%,外資買超；融資下降；營收 2026-04，月增 -9.33%，年增 -43.12%，累計年增 -61.09%,8.15
2026-05-18,3587,閎康,TPEX,1,339.0,45.14,1.33,4.47,336.6801,0.69,2157.0,2157.0,2157.0,2157.0,1.0,1.0,0.0,正常,439.4,0.0,439.4,20.37,0.0,1,0,0,0,439.4,0.0,,,,,,,0.0,40.0,-210,-41,7.43,54.26,未取得,0.0,54.26,0.0,0.0,0.0,0.0,0.0,6.83,54.26,2026-04,0.48,22.53,17.0,,,,營收 2026-04，月增 0.48%，年增 22.53%，累計年增 17.0%,外資買超；融資下降；營收 2026-04，月增 0.48%，年增 22.53%，累計年增 17.0%,54.26
2026-05-18,6168,宏齊,TWSE,1,25.95,370.71,0.0,1.74,25.7444,0.8,1958.79,1958.79,1958.79,1958.79,1.0,1.0,0.0,正常,433.15,0.0,433.15,22.11,0.0,1,0,0,0,433.15,0.0,,,,,,,0.0,40.0,-90,0,4.59,48.94,未取得,0.0,48.94,0.0,0.0,0.0,0.0,0.0,4.35,48.94,2026-04,10.36,10.1,8.06,,,,營收 2026-04，月增 10.36%，年增 10.1%，累計年增 8.06%,外資買超；融資下降；營收 2026-04，月增 10.36%，年增 10.1%，累計年增 8.06%,48.94
2026-05-18,3545,敦泰,TWSE,1,57.0,,1.4,1.42,55.6069,2.51,1859.6,1859.6,1859.6,1859.6,1.0,1.0,0.0,正常,431.95,0.0,431.95,23.23,0.0,1,0,0,0,431.95,0.0,,,,,,,0.0,40.0,-90,2,4.9,40.38,未取得,0.0,40.38,0.0,0.0,0.0,0.0,0.0,-4.52,40.38,2026-04,5.89,-14.34,-16.52,,,,營收 2026-04，月增 5.89%，年增 -14.34%，累計年增 -16.52%,外資買超；融資下降；營收 2026-04，月增 5.89%，年增 -14.34%，累計年增 -16.52%,40.38
2026-05-18,2457,飛宏,TWSE,1,24.55,,0.0,1.16,24.0523,2.07,1964.22,1964.22,1964.22,1964.22,1.0,1.0,0.0,正常,415.0,0.0,415.0,21.13,0.0,1,0,0,0,415.0,0.0,,,,,,,0.0,40.0,-40,10,2.34,39.44,未取得,0.0,39.44,0.0,0.0,0.0,0.0,0.0,-2.9,39.44,2026-04,0.35,-9.4,-7.82,,,,營收 2026-04，月增 0.35%，年增 -9.4%，累計年增 -7.82%,外資買超；融資下降；營收 2026-04，月增 0.35%，年增 -9.4%，累計年增 -7.82%,39.44
2026-05-18,3675,德微,TPEX,1,258.0,91.49,1.55,5.35,252.4723,2.19,1878.0,1878.0,1878.0,1878.0,1.0,1.0,0.0,正常,415.0,0.0,415.0,22.1,0.0,1,0,0,0,415.0,0.0,,,,,,,0.0,40.0,-9,4,0.61,46.76,未取得,0.0,46.76,0.0,0.0,0.0,0.0,0.0,6.15,46.76,2026-04,6.66,19.1,11.93,,,,營收 2026-04，月增 6.66%，年增 19.1%，累計年增 11.93%,外資買超；融資下降；營收 2026-04，月增 6.66%，年增 19.1%，累計年增 11.93%,46.76
2026-05-18,2540,愛山林,TWSE,1,57.3,95.5,6.98,3.3,58.3278,-1.76,2365.97,2365.97,2365.97,2365.97,1.0,1.0,0.0,正常,406.0,0.0,406.0,17.16,0.0,1,0,0,0,406.0,0.0,,,,,,,0.0,40.0,-66,-3,2.75,32.75,未取得,0.0,32.75,0.0,0.0,0.0,0.0,0.0,-10,32.75,2026-04,-12.94,-36.53,-23.87,,,,營收 2026-04，月增 -12.94%，年增 -36.53%，累計年增 -23.87%,外資買超；融資下降；營收 2026-04，月增 -12.94%，年增 -36.53%，累計年增 -23.87%,32.75
2026-05-18,4128,中天,TPEX,1,14.7,,0.0,1.0,14.5521,1.02,1005.0,1005.0,1005.0,1005.0,1.0,1.0,0.0,正常,404.0,0.0,404.0,40.2,0.0,1,0,0,0,404.0,0.0,,,,,,,0.0,40.0,-2,0,0.2,41.08,未取得,0.0,41.08,0.0,0.0,0.0,0.0,0.0,0.88,41.08,2026-04,-5.75,1.79,7.82,,,,營收 2026-04，月增 -5.75%，年增 1.79%，累計年增 7.82%,外資買超；融資下降；營收 2026-04，月增 -5.75%，年增 1.79%，累計年增 7.82%,41.08
2026-05-18,3704,合勤控,TWSE,1,38.6,33.57,1.04,1.33,38.0564,1.43,3309.71,3309.71,3309.71,3309.71,1.0,1.0,0.0,正常,401.21,0.0,401.21,12.12,0.0,1,0,0,0,401.21,0.0,,,,,,,0.0,37.7,-144,-1,4.34,50.58,未取得,0.0,50.58,0.0,0.0,0.0,0.0,0.0,8.54,50.58,2026-04,3.9,43.39,1.63,,,,營收 2026-04，月增 3.9%，年增 43.39%，累計年增 1.63%,外資買超；融資下降；營收 2026-04，月增 3.9%，年增 43.39%，累計年增 1.63%,50.58
2026-05-18,6469,大樹,TPEX,1,72.5,19.23,5.19,3.05,71.2425,1.77,861.0,861.0,861.0,861.0,1.0,1.0,0.0,正常,396.0,0.0,396.0,45.99,0.0,1,0,0,0,396.0,0.0,,,,,,,0.0,40.0,-42,0,4.88,43.76,未取得,0.0,43.76,0.0,0.0,0.0,0.0,0.0,-1.12,43.76,2026-04,-10.7,-1.23,2.42,,,,營收 2026-04，月增 -10.7%，年增 -1.23%，累計年增 2.42%,外資買超；融資下降；營收 2026-04，月增 -10.7%，年增 -1.23%，累計年增 2.42%,43.76
2026-05-18,2351,順德,TWSE,1,180.5,79.87,0.61,4.54,177.2845,1.81,4617.28,4617.28,4617.28,4617.28,1.0,1.0,0.0,正常,389.41,0.0,389.41,8.43,0.0,1,0,0,0,389.41,0.0,,,,,,,0.0,31.61,-28,15,0.8,40.66,未取得,0.0,40.66,0.0,0.0,0.0,0.0,0.0,8.25,40.66,2026-04,11.12,25.23,14.82,,,,營收 2026-04，月增 11.12%，年增 25.23%，累計年增 14.82%,外資買超；融資下降；營收 2026-04，月增 11.12%，年增 25.23%，累計年增 14.82%,40.66
2026-05-18,8042,金山電,TPEX,1,107.5,34.35,1.12,3.3,102.9589,4.41,2243.0,2243.0,2243.0,2243.0,1.0,1.0,0.0,正常,386.0,0.0,386.0,17.21,0.0,1,0,0,0,386.0,0.0,,,,,,,0.0,34.0,-530,-177,6.5,53.27,未取得,0.0,53.27,0.0,0.0,0.0,0.0,0.0,12.77,53.27,2026-04,14.99,32.83,31.63,,,,營收 2026-04，月增 14.99%，年增 32.83%，累計年增 31.63%,外資買超；融資下降；營收 2026-04，月增 14.99%，年增 32.83%，累計年增 31.63%,53.27
2026-05-18,1722,台肥,TWSE,1,45.45,43.7,4.4,0.81,45.4649,-0.03,2663.26,2663.26,2663.26,2663.26,1.0,1.0,0.0,正常,371.73,0.0,371.73,13.96,0.0,1,0,0,0,371.73,0.0,,,,,,,0.0,39.17,-96,-6,3.54,44.73,未取得,0.0,44.73,0.0,0.0,0.0,0.0,0.0,2.02,44.73,2026-04,-11.03,8.35,11.49,,,,營收 2026-04，月增 -11.03%，年增 8.35%，累計年增 11.49%,外資買超；融資下降；營收 2026-04，月增 -11.03%，年增 8.35%，累計年增 11.49%,44.73
2026-05-18,2390,云辰,TWSE,1,10.15,,0.0,0.8,10.083,0.66,1464.34,1464.34,1464.34,1464.34,1.0,1.0,0.0,正常,361.02,0.0,361.02,24.65,0.0,1,0,0,0,361.02,0.0,,,,,,,0.0,40.0,-87,4,6.11,41.18,未取得,0.0,41.18,0.0,0.0,0.0,0.0,0.0,-4.93,41.18,2026-04,1.3,-10.78,-19.67,,,,營收 2026-04，月增 1.3%，年增 -10.78%，累計年增 -19.67%,外資買超；融資下降；營收 2026-04，月增 1.3%，年增 -10.78%，累計年增 -19.67%,41.18
2026-05-18,3056,富華新,TWSE,1,13.55,,4.5,0.77,13.4444,0.79,1238.3,1238.3,1238.3,1238.3,1.0,1.0,0.0,正常,357.0,0.0,357.0,28.83,0.0,1,0,0,0,357.0,0.0,,,,,,,0.0,40.0,-36,0,2.91,34.14,未取得,0.0,34.14,0.0,0.0,0.0,0.0,0.0,-8.77,34.14,2026-04,4.45,-25.03,-89.41,,,,營收 2026-04，月增 4.45%，年增 -25.03%，累計年增 -89.41%,外資買超；融資下降；營收 2026-04，月增 4.45%，年增 -25.03%，累計年增 -89.41%,34.14
2026-05-18,4991,環宇-KY,TPEX,1,698.0,288.43,0.0,19.8,658.6415,5.98,742.0,742.0,742.0,742.0,1.0,1.0,0.0,正常,349.0,0.0,349.0,47.04,0.0,1,0,0,0,349.0,0.0,,,,,,,0.0,34.0,-191,7,8.57,59.18,未取得,0.0,59.18,0.0,0.0,0.0,0.0,0.0,16.61,59.18,2026-04,-27.84,67.92,55.09,,,,營收 2026-04，月增 -27.84%，年增 67.92%，累計年增 55.09%,外資買超；融資下降；營收 2026-04，月增 -27.84%，年增 67.92%，累計年增 55.09%,59.18
2026-05-18,6525,捷敏-KY,TWSE,1,110.5,18.2,4.52,3.25,107.9594,2.35,1515.2,1515.2,1515.2,1515.2,1.0,1.0,0.0,正常,337.0,-1.86,335.14,22.24,-0.12,1,0,0,1,337.0,-1.86,,,,,,,0.0,37.19,-5,-2,0.29,44.03,未取得,0.0,44.03,0.0,0.0,0.0,0.0,0.0,6.55,44.03,2026-04,9.05,18.29,13.55,,,,營收 2026-04，月增 9.05%，年增 18.29%，累計年增 13.55%,外資買超；融資下降；營收 2026-04，月增 9.05%，年增 18.29%，累計年增 13.55%,44.03
2026-05-18,6219,富旺,TPEX,1,11.95,15.13,0.0,0.72,11.9777,-0.23,593.0,593.0,593.0,593.0,1.0,1.0,0.0,正常,336.19,0.0,336.19,56.69,0.0,1,0,0,0,336.19,0.0,,,,,,,0.0,40.0,-17,0,2.87,60.27,未取得,0.0,60.27,0.0,0.0,0.0,0.0,0.0,17.4,60.27,2026-04,-77.01,21424.41,18959.53,,,,營收 2026-04，月增 -77.01%，年增 21424.41%，累計年增 18959.53%,外資買超；融資下降；營收 2026-04，月增 -77.01%，年增 21424.41%，累計年增 18959.53%,60.27
2026-05-18,9946,三發地產,TWSE,1,16.8,4.04,8.15,0.77,16.8737,-0.44,936.18,936.18,936.18,936.18,1.0,1.0,0.0,正常,336.02,0.0,336.02,35.89,0.0,1,0,0,0,336.02,0.0,,,,,,,0.0,40.0,-14,0,1.5,58.9,未取得,0.0,58.9,0.0,0.0,0.0,0.0,0.0,17.4,58.9,2026-04,-53.41,7453.42,7468.92,,,,營收 2026-04，月增 -53.41%，年增 7453.42%，累計年增 7468.92%,外資買超；融資下降；營收 2026-04，月增 -53.41%，年增 7453.42%，累計年增 7468.92%,58.9
2026-05-18,3013,晟銘電,TWSE,1,101.0,22.15,0.79,3.77,100.2541,0.74,2414.44,2414.44,2414.44,2414.44,1.0,1.0,0.0,正常,334.22,0.0,334.22,13.84,0.0,1,0,0,0,334.22,0.0,,,,,,,0.0,39.07,-68,1,2.84,55.01,未取得,0.0,55.01,0.0,0.0,0.0,0.0,0.0,13.1,55.01,2026-04,12.2,40.66,27.01,,,,營收 2026-04，月增 12.2%，年增 40.66%，累計年增 27.01%,外資買超；融資下降；營收 2026-04，月增 12.2%，年增 40.66%，累計年增 27.01%,55.01
2026-05-18,4564,元翎,TWSE,1,16.6,,0.0,0.95,16.1741,2.63,2228.23,2228.23,2228.23,2228.23,1.0,1.0,0.0,正常,334.0,0.0,334.0,14.99,0.0,1,0,0,0,334.0,0.0,,,,,,,0.0,39.99,-618,0,8.0,42.46,未取得,0.0,42.46,0.0,0.0,0.0,0.0,0.0,-5.53,42.46,2026-04,38.88,-33.65,-36.28,,,,營收 2026-04，月增 38.88%，年增 -33.65%，累計年增 -36.28%,外資買超；融資下降；營收 2026-04，月增 38.88%，年增 -33.65%，累計年增 -36.28%,42.46
2026-05-18,9914,美利達,TWSE,1,68.4,18.49,4.09,1.02,69.1369,-1.07,4717.34,4717.34,4717.34,4717.34,1.0,1.0,0.0,正常,330.12,0.0,330.12,7.0,0.0,1,0,0,0,330.12,0.0,,,,,,,0.0,27.59,-254,15,5.38,25.45,未取得,0.0,25.45,0.0,0.0,0.0,0.0,0.0,-7.52,25.45,2026-04,-8.99,-14.32,-24.14,,,,營收 2026-04，月增 -8.99%，年增 -14.32%，累計年增 -24.14%,外資買超；融資下降；營收 2026-04，月增 -8.99%，年增 -14.32%，累計年增 -24.14%,25.45
2026-05-18,3437,榮創,TWSE,1,23.7,,0.0,1.58,23.3384,1.55,1448.59,1448.59,1448.59,1448.59,1.0,1.0,0.0,正常,326.0,0.0,326.0,22.5,0.0,1,0,0,0,326.0,0.0,,,,,,,0.0,40.0,-67,0,4.63,36.41,未取得,0.0,36.41,0.0,0.0,0.0,0.0,0.0,-8.22,36.41,2026-04,-4.47,-22.17,-23.11,,,,營收 2026-04，月增 -4.47%，年增 -22.17%，累計年增 -23.11%,外資買超；融資下降；營收 2026-04，月增 -4.47%，年增 -22.17%，累計年增 -23.11%,36.41
2026-05-18,8996,高力,TWSE,1,1045.0,74.54,0.44,20.93,1015.6685,2.89,2982.42,2982.42,2982.42,2982.42,1.0,1.0,0.0,正常,319.85,68.0,387.85,10.72,2.28,1,0,1,0,319.85,68.0,,,,,,,0.0,46.6,-113,-32,3.47,67.47,未取得,0.0,67.47,0.0,0.0,0.0,0.0,0.0,17.4,67.47,2026-04,-25.48,86.03,186.88,,,,營收 2026-04，月增 -25.48%，年增 86.03%，累計年增 186.88%,外資買超；投信買超；融資下降；營收 2026-04，月增 -25.48%，年增 86.03%，累計年增 186.88%,67.47
2026-05-18,6126,信音,TPEX,1,33.85,41.28,1.77,1.17,33.5385,0.93,1687.0,1687.0,1687.0,1687.0,1.0,1.0,0.0,正常,317.04,0.0,317.04,18.79,0.0,1,0,0,0,317.04,0.0,,,,,,,0.0,40.0,-23,12,1.79,58.26,未取得,0.0,58.26,0.0,0.0,0.0,0.0,0.0,16.47,58.26,2026-04,1.06,48.32,47.78,,,,營收 2026-04，月增 1.06%，年增 48.32%，累計年增 47.78%,外資買超；融資下降；營收 2026-04，月增 1.06%，年增 48.32%，累計年增 47.78%,58.26
2026-05-18,4768,晶呈科技,TPEX,1,424.5,,0.24,13.62,418.2886,1.48,1102.0,1102.0,1102.0,1102.0,1.0,1.0,0.0,正常,309.68,0.0,309.68,28.1,0.0,1,0,0,0,309.68,0.0,,,,,,,0.0,40.0,-44,4,4.21,64.47,未取得,0.0,64.47,0.0,0.0,0.0,0.0,0.0,20.26,64.47,2026-04,-1.2,191.53,166.38,,,,營收 2026-04，月增 -1.2%，年增 191.53%，累計年增 166.38%,外資買超；融資下降；營收 2026-04，月增 -1.2%，年增 191.53%，累計年增 166.38%,64.47
2026-05-18,5340,建榮,TPEX,1,102.0,73.91,0.59,8.77,100.7274,1.26,2622.0,2622.0,2622.0,2622.0,1.0,1.0,0.0,正常,306.96,0.0,306.96,11.71,0.0,1,0,0,0,306.96,0.0,,,,,,,0.0,37.37,-30,-14,0.98,43.16,未取得,0.0,43.16,0.0,0.0,0.0,0.0,0.0,4.81,43.16,2026-04,0.73,9.69,18.62,,,,營收 2026-04，月增 0.73%，年增 9.69%，累計年增 18.62%,外資買超；融資下降；營收 2026-04，月增 0.73%，年增 9.69%，累計年增 18.62%,43.16
2026-05-18,1808,潤隆,TWSE,1,29.25,10.91,5.13,1.91,29.1633,0.3,918.66,918.66,918.66,918.66,1.0,1.0,0.0,正常,306.0,0.0,306.0,33.31,0.0,1,0,0,0,306.0,0.0,,,,,,,0.0,40.0,-18,0,1.96,62.6,未取得,0.0,62.6,0.0,0.0,0.0,0.0,0.0,20.64,62.6,2026-04,2.02,6493.74,11655.63,,,,營收 2026-04，月增 2.02%，年增 6493.74%，累計年增 11655.63%,外資買超；融資下降；營收 2026-04，月增 2.02%，年增 6493.74%，累計年增 11655.63%,62.6
