latest_date,stock_id,name,market,industry,sub_industry,observed_days,close,pe_ratio,dividend_yield,pb_ratio,period_return_pct,rsi14,volatility_pct,close_vs_high_pct,close_vs_low_pct,avg_turnover_100m,momentum_score,history_days,return_6m_pct,return_12m_pct,rs_6m_pct,rs_12m_pct,close_vs_52w_high_pct,close_vs_52w_low_pct,close_vs_ma60_pct,close_vs_ma240_pct,long_momentum_score,valuation_score,disp_date,big_holder_pct,big_holder_change_1w,big_holder_change_4w,holder_400_pct,retail_pct,retail_change_1w,dispersion_score,fin_quarter,gross_margin_pct,operating_margin_pct,net_margin_pct,gross_margin_streak,eps_ttm,pe_ttm,pe_percentile,pe_median_1y,pe_vs_median_pct,eps_single_q,eps_yoy_pct,operating_margin_yoy_pt,mispriced_score,mispriced_earnings_score,mispriced_cheap_score,mispriced_trap_penalty,mispriced_cyclical_peak,eps_ttm_at_high,mispriced_reason,fundamental_score,multifactor_score,20d_avg_price,close_vs_avg_pct,20d_volume_lot,latest_volume_lot,volume_avg_lot,volume_5d_avg_lot,volume_ratio_1d,volume_ratio_5d,volume_score,volume_signal,20d_foreign_net_lot,20d_trust_net_lot,20d_inst_net_lot,foreign_net_volume_pct,trust_net_volume_pct,foreign_buy_streak,foreign_sell_streak,trust_buy_streak,trust_sell_streak,latest_foreign_net_lot,latest_trust_net_lot,top_buy_branch_name,top_buy_branch_net_lot,top_buy_branch_avg_price,top_buy_branch_est_cost,branch_buy_streak,branch_streak_broker,top_buy_is_day_trader,top_sell_branch_name,top_sell_branch_net_lot,top_sell_branch_avg_price,branch_score,chip_score,margin_balance_change_lot,short_balance_change_lot,margin_score,base_score,branch_status,confluence_score,complete_chip_score,confluence_inst_score,confluence_branch_score,confluence_price_score,confluence_streak_score,confluence_direction_score,revenue_momentum_score,selection_score,revenue_month,revenue_mom_pct,revenue_yoy_pct,revenue_cumulative_yoy_pct,inst_net_volume_pct,top_buy_branch_volume_pct,close_vs_top_buy_avg_pct,selection_reason,base_reason,total_score
2026-10-02,2324,仁寶,TWSE,電腦及週邊設備業,AI伺服器/組裝,20,36.2,18.19,3.04,1.12,-6.58,30.4,37.79,-14.01,0.42,17.877,-3.95,252,28.37,12.95,-8.5,-68.19,-24.19,35.33,-4.16,8.54,5.82,3.5,2026-09-24,59.16,-0.52,-2.75,63.22,31.19,0.51,-5.5,2026Q2,4.62,1.2,1.31,-2,1.95,18.56,11.1,20.5,-11.3,0.73,563.6,-0.25,14.5,6.0,10.5,-2.0,0,0,單季 EPS 年增 564%、毛利率連 2 季降、月營收年增 14%、PE 18.2（一年 11% 分位）、距 52 週高點 -24%,-0.9,-32.99,38.5344,-6.06,927870.17,35135.27,46393.51,30887.76,0.76,0.67,-8.26,正常,-160918.2,-584.63,-161502.84,-17.34,-0.06,0,2,2,0,-23964.88,9.34,花旗環球,12053.0,,37.81,0,花旗環球,0,美商高盛,38920.0,,3.46,-31.16,2056,-254,-0.19,-27.83,已取得,0.0,-27.83,0.0,0.0,0.0,0.0,0.0,3.52,-27.83,2026-08,-16.87,14.5,18.31,,,,營收 2026-08，月增 -16.87%，年增 14.5%，累計年增 18.31%,融資增加；毛利率連2降；千張大戶減持；營收 2026-08，月增 -16.87%，年增 14.5%，累計年增 18.31%,-27.83
2026-10-02,3231,緯創,TWSE,電腦及週邊設備業,AI伺服器/組裝,20,186.5,14.81,2.95,3.06,-1.06,52.24,37.96,-6.98,4.78,96.437,-0.64,252,38.15,21.5,1.28,-59.64,-9.47,58.05,5.0,23.14,7.97,1.5,2026-09-24,65.09,-1.67,0.56,69.47,25.44,1.23,-2.5,2026Q2,5.66,3.74,1.66,1,12.76,14.62,20.6,16.71,-11.4,4.72,113.6,1.78,22.0,16.0,8.0,-2.0,0,1,單季 EPS 年增 114%、毛利率連 1 季升、月營收年增 166%、PE 14.8（一年 21% 分位）、距 52 週高點 -9%,2.7,6.26,187.735,-0.66,1027374.71,36439.62,51368.74,35873.39,0.71,0.7,-8.31,正常,-83386.57,16254.75,-67131.82,-8.12,1.58,0,1,0,1,-21168.81,-1344.99,凱基-士林,11021.0,,186.48,0,凱基-士林,0,美林,20781.0,,10.28,-22.0,7724,-138,-0.61,1.39,已取得,0.0,1.39,0.0,0.0,0.0,0.0,0.0,24,1.39,2026-08,49.27,166.48,98.87,,,,營收 2026-08，月增 49.27%，年增 166.48%，累計年增 98.87%,投信買超；融資增加；千張大戶減持；營收 2026-08，月增 49.27%，年增 166.48%，累計年增 98.87%,1.39
2026-10-02,2887,台新新光金,TWSE,金融保險業,金控,20,40.55,15.02,2.71,1.49,-2.17,39.33,25.73,-9.49,1.12,24.198,-1.3,252,65.17,122.19,28.3,41.05,-9.49,135.07,6.06,50.26,13.4,3.5,2026-09-24,71.62,-0.08,0.38,75.61,17.01,0.07,0.5,2026Q1,,,43.96,0,2.4,16.9,24.2,16.87,-11.0,0.82,148.5,,14.5,9.0,7.5,-2.0,0,1,單季 EPS 年增 148%、月營收年增 0%、PE 15.0（一年 24% 分位）、距 52 週高點 -9%,4.5,22.06,42.5624,-4.73,1137044.49,56891.87,56852.22,48722.27,1.0,0.86,-2.28,正常,-154605.96,110174.86,-44431.1,-13.6,9.69,0,2,0,1,-17253.51,-3740.56,花旗環球,39047.0,,43.45,0,花旗環球,0,美商高盛,58102.0,,5.57,-5.4,2352,741,-0.17,2.6,已取得,0.0,2.6,0.0,0.0,0.0,0.0,0.0,8.17,2.6,2026-08,-12.58,0.47,86.09,,,,營收 2026-08，月增 -12.58%，年增 0.47%，累計年增 86.09%,投信買超；融資增加；營收 2026-08，月增 -12.58%，年增 0.47%，累計年增 86.09%,2.6
2026-10-02,2317,鴻海,TWSE,其他電子業,EMS組裝,20,251.0,16.55,2.86,1.85,1.41,50.0,19.98,-3.09,3.08,77.563,0.85,252,25.19,10.82,-11.68,-70.33,-20.06,33.87,0.56,5.86,5.12,1.5,2026-09-24,66.85,0.09,0.15,69.52,25.74,-0.09,1.67,2026Q2,6.12,3.75,2.37,-1,15.22,16.49,37.3,16.81,-1.5,4.28,33.8,0.59,16.0,11.0,5.0,0.0,0,1,單季 EPS 年增 34%、毛利率連 1 季降、月營收年增 52%、PE 16.6（一年 37% 分位）、距 52 週高點 -20%,0.3,22.28,251.5742,-0.23,616620.13,30466.97,30831.01,30811.88,0.99,1.0,-0.15,正常,-16781.29,5108.99,-11672.3,-2.72,0.83,0,1,2,0,-15146.58,223.18,元大證券,13960.0,,252.41,0,元大證券,0,摩根大通,46358.0,,8.96,-1.89,4593,-63,-0.6,12.91,已取得,0.0,12.91,0.0,0.0,0.0,0.0,0.0,15.4,12.91,2026-08,-2.61,51.98,39.73,,,,營收 2026-08，月增 -2.61%，年增 51.98%，累計年增 39.73%,投信買超；融資增加；營收 2026-08，月增 -2.61%，年增 51.98%，累計年增 39.73%,12.91
2026-10-02,1101,台泥,TWSE,水泥工業,,20,25.35,,3.16,0.82,3.68,54.7,30.52,-5.06,6.74,8.734,2.21,252,-0.2,6.96,-37.07,-74.18,-5.94,25.19,4.27,5.69,0.38,3.5,2026-09-24,51.11,0.37,-1.28,55.1,35.67,-0.2,1.96,2026Q2,17.79,6.24,6.72,-1,-1.29,,,,,0.28,,3.09,0.0,0.0,0.0,0.0,,0,近四季 EPS 未轉正或缺財報,-3.2,12.96,25.1033,0.98,695808.02,25248.15,34790.4,51193.29,0.73,1.47,4.25,放量,2538.07,7663.0,10201.07,0.36,1.1,0,2,0,1,-10867.52,-35.0,新加坡商瑞銀,17874.0,,25.16,0,新加坡商瑞銀,0,凱基,20408.0,,11.62,4.16,2807,10,-0.32,5.99,已取得,33.28,39.27,2.2,3.08,14.0,0.0,14.0,2.15,5.99,2026-08,-1.66,10.65,2.7,1.47,2.57,0.76,外資與投信同買；前大買超分點約占成交 2.57%；收盤距區間均價 0.98%；收盤距分點均價 0.76%；營收 2026-08，月增 -1.66%，年增 10.65%，累計年增 2.7%,外資買超；投信買超；融資增加；放量；千張大戶增持；營收 2026-08，月增 -1.66%，年增 10.65%，累計年增 2.7%,5.99
2026-10-02,2801,彰銀,TWSE,金融保險業,,20,27.6,16.24,3.8,1.41,3.76,56.1,29.53,-7.23,7.39,8.677,6.26,252,30.5,36.97,-6.37,-44.17,-7.23,43.38,8.83,25.54,6.29,5.0,2026-09-24,74.11,0.0,-0.4,77.71,14.69,0.12,-1.2,2026Q1,,,,0,1.58,17.47,95.2,13.74,18.2,0.44,18.9,,11.5,9.0,2.5,0.0,0,1,單季 EPS 年增 19%、月營收年增 21%、PE 16.2（一年 95% 分位）、距 52 週高點 -7%,1.5,27.3,27.8177,-0.78,623815.68,20636.59,31190.78,18218.62,0.66,0.58,-10.71,正常,-88968.52,77204.01,-11764.51,-14.26,12.38,0,1,3,0,-10186.32,11035.0,凱基,11850.0,,27.47,0,凱基,0,新加坡商瑞銀,23410.0,,10.4,8.99,-1127,118,0.18,14.81,已取得,0.0,14.81,0.0,0.0,0.0,0.0,0.0,5.64,14.81,2026-08,-3.79,21.13,14.34,,,,營收 2026-08，月增 -3.79%，年增 21.13%，累計年增 14.34%,投信買超；融資下降；營收 2026-08，月增 -3.79%，年增 21.13%，累計年增 14.34%,14.81
2026-10-02,1216,統一,TWSE,食品工業,,20,72.7,17.56,4.13,3.03,-3.84,29.58,14.07,-5.22,0.14,6.515,-0.8,252,1.25,-6.07,-35.61,-87.22,-9.91,6.13,-4.56,-2.82,-6.47,3.0,2026-09-24,86.12,-0.07,-0.2,89.56,7.96,0.05,-1.16,2026Q2,33.98,5.86,4.58,2,4.13,17.6,0.0,20.87,-15.9,1.41,45.4,-0.22,17.0,10.0,9.0,-2.0,0,1,單季 EPS 年增 45%、毛利率連 2 季升、月營收年增 4%、PE 17.6（一年 0% 分位）、距 52 週高點 -10%,3.9,-24.0,74.8163,-2.83,174170.97,19541.61,8708.55,8761.7,2.24,1.01,15.03,強放量,-7448.36,-3550.3,-10998.66,-4.28,-2.04,0,5,0,1,-10074.3,-2684.0,美商高盛,26795.0,,75.3,0,美商高盛,0,摩根大通,13634.0,,18.55,-31.2,645,-5,-0.3,-29.99,已取得,0.0,-29.99,0.0,0.0,0.0,0.0,0.0,1.51,-29.99,2026-08,1.5,3.79,4.05,,,,營收 2026-08，月增 1.5%，年增 3.79%，累計年增 4.05%,融資增加；強放量；年線之下；毛利率連2升；營收 2026-08，月增 1.5%，年增 3.79%，累計年增 4.05%,-29.99
2026-10-02,2885,元大金,TWSE,金融保險業,金控,20,66.8,15.64,3.29,2.33,-2.48,36.19,20.93,-6.83,0.75,14.694,-1.49,252,40.04,96.18,3.17,15.04,-7.61,97.63,-0.21,29.74,8.38,3.0,2026-09-24,80.42,0.16,0.5,83.08,13.11,-0.15,3.28,2026Q1,,,36.04,0,3.23,20.68,35.7,16.35,-4.3,1.08,83.1,,17.0,13.0,4.0,0.0,0,1,單季 EPS 年增 83%、月營收年增 65%、PE 15.6（一年 36% 分位）、距 52 週高點 -8%,4.5,41.86,69.2333,-3.51,424467.71,19695.02,21223.39,18790.81,0.93,0.89,-2.7,正常,15961.09,-6385.09,9576.01,3.76,-1.5,0,6,2,0,-9626.47,1764.36,摩根大通,18695.0,,69.48,0,摩根大通,0,國泰證券,8092.0,,8.33,3.56,-854,27,0.2,25.54,已取得,17.87,43.41,3.38,5.29,0.0,3.2,6.0,21.78,25.54,2026-08,11.53,65.35,78.7,2.26,4.4,-3.86,外資主導買超；前大買超分點約占成交 4.4%；收盤距區間均價 -3.51%；收盤距分點均價 -3.86%；連買：外0 / 投2；營收 2026-08，月增 11.53%，年增 65.35%，累計年增 78.7%,外資買超；融資下降；營收 2026-08，月增 11.53%，年增 65.35%，累計年增 78.7%,25.54
2026-10-02,6226,光鼎,TWSE,光電業,,20,46.4,,0.0,4.28,45.0,73.71,98.29,-10.25,57.82,8.723,10.0,252,251.52,566.67,214.65,485.52,-10.25,642.4,62.78,211.09,17.2,0.0,2026-09-24,24.96,-0.02,0.57,31.11,59.26,2.34,1.34,2026Q2,31.0,-2.16,1.38,2,-0.03,,,,,0.02,,6.18,0.0,0.0,0.0,0.0,,0,近四季 EPS 未轉正或缺財報,0.4,19.43,39.1535,18.51,445601.05,39930.82,22280.05,10234.93,1.79,0.46,1.51,放量,-6466.23,-11.0,-6477.23,-1.45,-0.0,0,3,0,1,-9350.74,-2.0,美商高盛,4687.0,,35.85,0,美商高盛,0,新加坡商瑞銀,762.0,,-4.82,-12.57,-873,-43,0.19,-10.26,已取得,0.0,-10.26,0.0,0.0,0.0,0.0,0.0,2.12,-10.26,2026-08,-11.46,13.06,7.14,,,,營收 2026-08，月增 -11.46%，年增 13.06%，累計年增 7.14%,融資下降；放量；波動偏高；毛利率連2升；營收 2026-08，月增 -11.46%，年增 13.06%，累計年增 7.14%,-10.26
2026-10-02,2481,強茂,TWSE,半導體業,,20,174.5,46.29,1.03,4.43,11.86,65.38,53.63,-3.59,19.52,68.283,11.12,252,72.77,140.36,35.9,59.22,-24.95,157.37,14.8,49.71,14.31,-2.0,2026-09-24,51.86,0.4,-0.21,58.14,36.31,-1.62,3.07,2026Q2,33.22,11.74,12.34,5,3.77,46.29,85.7,33.36,38.8,1.28,93.9,1.67,17.5,18.5,-1.0,0.0,0,0,單季 EPS 年增 94%、毛利率連 5 季升、月營收年增 30%、PE 46.3（一年 86% 分位）、距 52 週高點 -25%,6.5,31.03,163.1978,6.93,836813.53,28414.58,41840.68,27430.59,0.68,0.66,-9.36,正常,-16465.59,13200.6,-3264.99,-1.97,1.58,0,1,0,1,-6363.8,-1670.0,統一,5262.0,,160.89,0,統一,0,美商高盛,11157.0,,0.09,-4.8,1868,171,-0.17,2.71,已取得,0.0,2.71,0.0,0.0,0.0,0.0,0.0,7.68,2.71,2026-08,-4.89,29.82,18.1,,,,營收 2026-08，月增 -4.89%，年增 29.82%，累計年增 18.1%,投信買超；融資增加；毛利率連5升；千張大戶增持；營收 2026-08，月增 -4.89%，年增 29.82%，累計年增 18.1%,2.71
2026-10-02,2356,英業達,TWSE,電腦及週邊設備業,AI伺服器/組裝,20,59.0,19.03,3.39,2.73,-9.23,26.32,25.99,-13.49,0.0,8.903,-4.04,252,33.18,28.96,-3.69,-52.18,-33.41,53.05,-7.16,12.29,2.88,1.5,2026-09-24,70.51,-0.23,-0.63,73.71,22.63,0.13,-3.34,2026Q2,4.23,1.76,1.44,-2,3.09,19.09,43.7,19.4,-1.9,1.08,74.2,-0.19,12.5,10.0,4.5,-2.0,0,1,單季 EPS 年增 74%、毛利率連 2 季降、月營收年增 36%、PE 19.0（一年 44% 分位）、距 52 週高點 -33%,-0.9,-41.45,62.9317,-6.25,282956.9,11624.75,14147.84,10298.97,0.82,0.73,-6.49,正常,-45187.26,-1525.43,-46712.69,-15.97,-0.54,0,12,0,1,-5999.45,-275.56,美商高盛,7293.0,,65.31,0,美商高盛,0,花旗環球,12269.0,,4.92,-45.85,1307,-360,-0.41,-34.31,已取得,0.0,-34.31,0.0,0.0,0.0,0.0,0.0,11.95,-34.31,2026-08,-7.68,35.83,40.12,,,,營收 2026-08，月增 -7.68%，年增 35.83%，累計年增 40.12%,融資增加；毛利率連2降；營收 2026-08，月增 -7.68%，年增 35.83%，累計年增 40.12%,-34.31
2026-10-02,2330,台積電,TWSE,半導體業,晶圓代工,20,2500.0,28.98,0.88,10.08,4.6,58.06,17.16,-0.6,5.26,530.889,11.76,252,25.0,78.57,-11.87,-2.57,-1.38,97.63,3.98,25.48,11.08,-1.5,2026-09-24,84.77,0.07,0.02,87.53,9.87,-0.06,1.12,2026Q2,67.72,60.34,55.62,4,86.28,28.98,56.3,28.53,1.6,27.25,77.4,10.71,20.0,20.0,0.0,0.0,0,1,單季 EPS 年增 77%、毛利率連 4 季升、月營收年增 53%、PE 29.0（一年 56% 分位）、距 52 週高點 -1%,8.0,48.96,2453.7164,1.89,432722.16,15792.21,21636.11,22438.36,0.73,1.04,-2.65,正常,-8568.02,977.0,-7591.01,-1.98,0.23,0,1,4,0,-5913.97,253.68,,,,,,,0,,,,0.0,3.2,2463,-7,-0.46,19.83,未取得,0.0,19.83,0.0,0.0,0.0,0.0,0.0,17.09,19.83,2026-08,10.1,53.32,39.26,,,,營收 2026-08，月增 10.1%，年增 53.32%，累計年增 39.26%,投信買超；融資增加；接近區間高點；逼近52週高點；毛利率連4升；營收 2026-08，月增 10.1%，年增 53.32%，累計年增 39.26%,19.83
2026-10-02,2884,玉山金,TWSE,金融保險業,金控,20,45.35,18.82,3.09,2.61,4.98,52.99,28.3,-4.22,11.84,20.846,2.99,251,40.62,37.42,3.75,-43.72,-4.22,54.25,13.58,31.8,8.51,1.5,2026-09-24,70.33,-0.1,1.05,74.45,18.85,0.07,0.7,2026Q1,,,39.96,0,2.19,20.71,94.8,16.48,14.2,0.62,12.7,,8.0,7.0,1.0,0.0,0,1,單季 EPS 年增 13%、月營收年增 19%、PE 18.8（一年 95% 分位）、距 52 週高點 -4%,4.5,47.88,44.9233,0.95,928080.99,21945.06,46404.05,26425.42,0.47,0.57,-12.0,量縮,-43619.64,90306.09,46686.45,-4.7,9.73,0,6,20,0,-4853.44,5855.96,港商野村,28592.0,,45.69,0,港商野村,0,美商高盛,62634.0,,10.32,27.45,1381,15,-0.12,35.68,已取得,41.24,76.92,7.55,3.7,14.0,8.0,8.0,8.35,35.68,2026-08,12.3,19.29,21.26,5.03,3.08,-0.74,投信主導買超；前大買超分點約占成交 3.08%；收盤距區間均價 0.95%；收盤距分點均價 -0.74%；連買：外0 / 投20；營收 2026-08，月增 12.3%，年增 19.29%，累計年增 21.26%,投信買超；融資增加；營收 2026-08，月增 12.3%，年增 19.29%，累計年增 21.26%,35.68
2026-10-02,2834,臺企銀,TWSE,金融保險業,,20,17.45,12.83,5.73,1.1,2.05,42.86,24.66,-7.18,3.56,8.102,1.23,252,13.68,11.5,-23.19,-69.64,-7.18,17.91,0.1,6.83,2.59,6.5,2026-09-24,54.93,-0.45,-0.33,60.57,26.83,0.26,-4.59,2026Q1,,,,0,1.29,13.53,63.1,12.64,1.5,0.35,9.4,,6.5,3.0,5.5,-2.0,0,0,單季 EPS 年增 9%、月營收年增 9%、PE 12.8（一年 63% 分位）、距 52 週高點 -7%,1.5,-16.7,17.795,-1.94,910635.44,12028.73,45531.77,23172.0,0.26,0.51,-12.0,量縮,-20134.19,-9171.32,-29305.51,-2.21,-1.01,0,9,0,0,-4805.08,0.0,台灣摩根士丹利,55191.0,,17.93,0,台灣摩根士丹利,0,新加坡商瑞銀,31593.0,,15.54,-19.51,4542,-26,-0.4,-17.93,已取得,0.0,-17.93,0.0,0.0,0.0,0.0,0.0,1.98,-17.93,2026-08,-5.43,8.82,6.52,,,,營收 2026-08，月增 -5.43%，年增 8.82%，累計年增 6.52%,融資增加；千張大戶減持；營收 2026-08，月增 -5.43%，年增 8.82%，累計年增 6.52%,-17.93
2026-10-02,2353,宏碁,TWSE,電腦及週邊設備業,,20,31.4,18.69,4.14,1.22,0.48,49.12,32.76,-4.99,2.11,5.06,0.29,252,15.44,4.15,-21.43,-77.0,-28.96,25.6,1.37,6.54,2.97,3.5,2026-09-24,33.86,0.01,0.45,38.2,52.46,0.1,1.43,2026Q2,11.37,2.09,2.55,1,1.69,18.58,9.6,20.26,-7.7,0.73,102.8,0.99,30.0,16.0,14.0,0.0,0,0,單季 EPS 年增 103%、毛利率連 1 季升、月營收年增 38%、PE 18.7（一年 10% 分位）、距 52 週高點 -29%,2.7,27.59,31.8368,-1.37,317879.68,13319.8,15893.98,9737.82,0.84,0.61,-8.14,正常,-9091.33,5893.51,-3197.83,-2.86,1.85,0,1,20,0,-4328.96,143.39,美商高盛,10448.0,,31.91,0,美商高盛,0,摩根大通,8851.0,,12.55,8.61,479,-1110,-0.23,20.77,已取得,0.0,20.77,0.0,0.0,0.0,0.0,0.0,12.39,20.77,2026-08,12.18,38.41,25.08,,,,營收 2026-08，月增 12.18%，年增 38.41%，累計年增 25.08%,投信買超；融資增加；營收 2026-08，月增 12.18%，年增 38.41%，累計年增 25.08%,20.77
2026-10-02,6127,九豪,TPEX,電子零組件業,,20,58.4,,0.0,5.53,24.65,78.14,61.79,-2.01,28.63,2.498,5.0,252,36.61,138.37,-0.26,57.22,-42.75,208.18,11.83,27.49,3.63,0.0,2026-09-24,17.76,1.11,-1.52,22.07,70.24,-0.8,3.0,2026Q2,4.2,-24.31,-23.9,-3,-0.83,,68.2,53.16,90.1,-0.59,,-4.23,0.0,0.0,0.0,0.0,,0,近四季 EPS 未轉正或缺財報,-8.0,13.77,53.1337,9.91,94019.0,29437.0,4700.95,11529.0,6.26,2.45,30.0,強放量,-3509.55,0.0,-3509.55,-3.73,0.0,0,1,0,0,-3936.61,0.0,,,,,,,0,,,,0.0,-12.45,565,128,-0.4,-4.86,未取得,0.0,-4.86,0.0,0.0,0.0,0.0,0.0,7.99,-4.86,2026-08,14.75,29.68,5.47,,,,營收 2026-08，月增 14.75%，年增 29.68%，累計年增 5.47%,融資增加；強放量；RSI過熱；毛利率連3降；千張大戶增持；營收 2026-08，月增 14.75%，年增 29.68%，累計年增 5.47%,-4.86
2026-10-02,9904,寶成,TWSE,運動休閒,,20,24.7,5.23,5.26,0.39,0.61,62.5,12.99,-1.4,2.92,2.401,9.37,252,-13.03,-13.79,-49.9,-94.93,-23.77,6.01,0.96,-10.66,-7.9,8.0,2026-09-24,62.93,0.24,-0.63,68.01,23.1,-0.16,0.92,2026Q2,20.04,1.35,7.54,-3,4.72,5.23,5.2,6.94,-24.6,1.61,203.8,-3.19,17.5,2.0,17.5,-2.0,0,0,單季 EPS 年增 204%、毛利率連 3 季降、月營收年增 4%、PE 5.2（一年 5% 分位）、距 52 週高點 -24%,-2.0,-17.1,24.5907,0.44,195276.19,8170.59,9763.81,8398.82,0.84,0.86,-4.19,正常,-35929.47,10925.96,-25003.52,-18.4,5.6,0,3,0,1,-3725.0,-14.74,玉山證券,3425.0,,,,,0,港商野村,8097.0,,0.03,-24.76,-401,2,0.21,-23.4,已取得,0.0,-23.4,0.0,0.0,0.0,0.0,0.0,1.15,-23.4,2026-08,5.41,4.33,-1.77,,,,營收 2026-08，月增 5.41%，年增 4.33%，累計年增 -1.77%,投信買超；融資下降；接近區間高點；年線之下；毛利率連3降；營收 2026-08，月增 5.41%，年增 4.33%，累計年增 -1.77%,-23.4
2026-10-02,2382,廣達,TWSE,電腦及週邊設備業,AI伺服器/組裝,20,332.0,14.47,4.7,5.25,-0.9,43.75,31.95,-5.55,1.22,49.23,-0.54,252,3.27,10.67,-33.6,-70.48,-24.2,27.69,0.11,6.4,0.73,3.0,2026-09-24,81.66,-0.04,0.32,85.23,11.92,0.11,0.64,2026Q2,5.02,3.3,2.76,1,22.95,14.47,4.8,15.89,-8.9,7.43,70.0,-0.75,27.5,14.5,13.0,0.0,0,1,單季 EPS 年增 70%、毛利率連 1 季升、月營收年增 177%、PE 14.5（一年 5% 分位）、距 52 週高點 -24%,2.7,50.45,338.1298,-1.81,291191.16,10305.78,14559.56,11695.53,0.71,0.8,-6.65,正常,-5951.37,20894.16,14942.79,-2.04,7.18,0,3,3,0,-3708.1,359.88,永豐金證券,9133.0,,339.76,0,永豐金證券,0,國泰證券,19056.0,,10.49,25.46,1832,-23,-0.51,47.24,已取得,38.26,85.5,7.7,3.76,14.0,4.8,8.0,22.29,47.24,2026-08,15.75,177.45,102.63,5.13,3.14,-2.28,投信主導買超；前大買超分點約占成交 3.14%；收盤距區間均價 -1.81%；收盤距分點均價 -2.28%；連買：外0 / 投3；營收 2026-08，月增 15.75%，年增 177.45%，累計年增 102.63%,投信買超；融資增加；營收 2026-08，月增 15.75%，年增 177.45%，累計年增 102.63%,47.24
2026-10-02,6147,頎邦,TPEX,半導體業,,20,223.0,53.86,1.26,2.84,17.99,66.67,68.31,-4.29,30.41,95.257,10.0,252,110.38,304.72,73.51,223.58,-28.87,344.22,24.25,77.56,17.2,-2.0,2026-09-24,60.65,0.01,1.11,64.89,30.5,0.41,1.58,2026Q2,30.3,19.27,14.33,4,4.15,53.73,78.6,20.8,158.9,1.28,128.6,8.35,20.5,20.0,0.5,0.0,0,0,單季 EPS 年增 129%、毛利率連 4 季升、月營收年增 44%、PE 53.9（一年 79% 分位）、距 52 週高點 -29%,6.5,42.89,204.9104,8.83,929747.0,28052.0,46487.35,26547.8,0.6,0.57,-11.62,正常,-17897.02,17616.52,-280.5,-1.92,1.89,0,1,2,0,-3535.41,1350.0,美林,5381.0,,199.41,0,美林,0,台灣摩根士丹利,8498.0,,0.24,3.86,6895,286,-0.57,15.42,已取得,0.0,15.42,0.0,0.0,0.0,0.0,0.0,12.13,15.42,2026-08,3.85,43.61,23.86,,,,營收 2026-08，月增 3.85%，年增 43.61%，累計年增 23.86%,投信買超；融資增加；波動偏高；毛利率連4升；營收 2026-08，月增 3.85%，年增 43.61%，累計年增 23.86%,15.42
2026-10-02,2201,裕隆,TWSE,汽車工業,,20,28.65,32.19,1.95,0.47,-8.76,32.18,20.72,-9.91,0.0,1.21,-5.26,252,8.73,-14.86,-28.14,-96.0,-33.91,9.56,-0.85,-4.86,-9.5,2.0,2026-09-24,60.0,-0.06,-0.7,63.6,28.92,0.45,-1.98,2026Q2,32.52,10.33,0.9,-1,0.9,31.83,69.8,29.57,8.9,0.15,36.4,1.75,4.0,4.0,2.0,-2.0,0,0,單季 EPS 年增 36%、毛利率連 1 季降、月營收年減 2%、PE 32.2（一年 70% 分位）、距 52 週高點 -34%,0.3,-60.84,30.0847,-4.77,80446.08,5164.31,4022.3,2571.34,1.28,0.64,-2.36,正常,-19968.04,-445.0,-20413.04,-24.82,-0.55,0,9,0,0,-3431.0,0.0,,,,,,,0,,,,0.0,-43.38,619,-90,-0.65,-45.22,未取得,0.0,-45.22,0.0,0.0,0.0,0.0,0.0,-1.19,-45.22,2026-08,-2.29,-2.02,-3.46,,,,營收 2026-08，月增 -2.29%，年增 -2.02%，累計年增 -3.46%,融資增加；年線之下；營收 2026-08，月增 -2.29%，年增 -2.02%，累計年增 -3.46%,-45.22
2026-10-02,2354,鴻準,TWSE,其他電子業,,20,65.7,27.84,2.28,0.82,3.14,54.22,19.32,-5.47,3.79,7.344,1.88,252,31.14,-6.94,-5.73,-88.08,-12.86,32.19,7.48,9.23,6.43,2.0,2026-09-24,46.89,-0.09,1.02,49.81,44.58,0.16,0.78,2026Q2,4.03,1.13,2.93,-1,2.36,27.84,68.3,26.93,3.4,0.63,61.5,0.18,14.5,13.0,1.5,0.0,0,0,單季 EPS 年增 62%、毛利率連 1 季降、月營收年增 58%、PE 27.8（一年 68% 分位）、距 52 週高點 -13%,0.3,42.84,65.6715,0.04,223660.98,8981.75,11183.05,10110.09,0.8,0.9,-3.9,正常,14575.76,-64.0,14511.76,6.52,-0.03,0,2,0,0,-3319.64,0.0,美商高盛,9422.0,,65.57,0,美商高盛,0,兆豐-埔墘,2234.0,,14.56,20.15,-6177,-44,2.76,33.4,已取得,34.79,68.19,9.73,5.06,14.0,0.0,6.0,10.49,33.4,2026-08,2.08,58.42,-1.69,6.49,4.21,0.2,外資主導買超；前大買超分點約占成交 4.21%；收盤距區間均價 0.04%；收盤距分點均價 0.2%；營收 2026-08，月增 2.08%，年增 58.42%，累計年增 -1.69%,外資買超；融資下降；營收 2026-08，月增 2.08%，年增 58.42%，累計年增 -1.69%,33.4
2026-10-02,6603,富強鑫,TPEX,電機機械,,20,29.25,37.5,1.37,1.84,17.47,68.31,56.89,-7.0,21.37,0.928,13.0,252,32.05,70.55,-4.81,-10.59,-18.64,78.9,11.32,20.05,6.63,0.0,2026-09-24,38.26,-0.78,-2.0,53.92,33.42,0.4,-5.5,2026Q2,25.32,3.41,1.56,1,0.78,37.5,27.0,42.87,-12.5,0.11,,-0.66,-1.5,-3.5,2.0,0.0,0,0,毛利率連 1 季升、月營收年減 12%、PE 37.5（一年 27% 分位）、距 52 週高點 -19%,2.7,23.26,28.4385,2.85,65268.0,10819.0,3263.4,6171.8,3.32,1.89,30.0,強放量,-1104.08,0.0,-1104.08,-1.69,0.0,0,1,0,0,-3272.88,0.0,第一金-台南,328.0,,,,,0,永豐金-台南,758.0,,0.02,-6.74,-502,69,0.83,-8.57,已取得,0.0,-8.57,0.0,0.0,0.0,0.0,0.0,-2.66,-8.57,2026-08,-7.0,-11.7,1.76,,,,營收 2026-08，月增 -7.0%，年增 -11.7%，累計年增 1.76%,融資下降；強放量；千張大戶減持；營收 2026-08，月增 -7.0%，年增 -11.7%，累計年增 1.76%,-8.57
2026-10-02,4919,新唐,TWSE,半導體業,,20,163.0,,0.0,4.41,41.74,86.61,65.16,-2.4,49.54,17.025,2.0,252,77.95,163.75,41.08,82.61,-29.13,227.31,26.59,52.63,14.93,0.0,2026-09-24,58.06,-1.42,-1.03,61.57,34.26,1.44,-5.5,2026Q2,38.02,-4.19,-3.13,-1,-3.45,,,,,-0.59,,-0.33,0.0,0.0,0.0,0.0,,0,近四季 EPS 未轉正或缺財報,-6.2,-6.63,138.7496,17.48,245407.6,57349.13,12270.38,23077.52,4.67,1.88,30.0,強放量,-18073.15,-253.64,-18326.79,-7.36,-0.1,0,1,0,1,-3222.89,-0.12,,,,,,,0,,,,0.0,-25.46,11479,774,-3.55,-26.86,未取得,0.0,-26.86,0.0,0.0,0.0,0.0,0.0,2.15,-26.86,2026-08,-1.57,12.1,1.01,,,,營收 2026-08，月增 -1.57%，年增 12.1%，累計年增 1.01%,融資增加；強放量；RSI過熱；波動偏高；千張大戶減持；營收 2026-08，月增 -1.57%，年增 12.1%，累計年增 1.01%,-26.86
2026-10-02,3706,神達,TWSE,電腦及週邊設備業,,20,81.3,14.52,4.92,1.41,-11.15,47.45,43.98,-14.69,4.77,6.986,-6.0,252,-2.05,-10.07,-38.92,-91.21,-25.41,10.31,-7.52,-5.89,-6.8,5.0,2026-09-24,52.45,-0.26,-1.43,55.34,39.78,0.28,-3.58,2026Q2,9.15,4.14,4.79,-3,5.39,15.08,6.0,17.4,-16.6,1.48,20.3,-0.56,19.0,5.0,16.0,-2.0,0,0,單季 EPS 年增 20%、毛利率連 3 季降、月營收年增 120%、PE 14.5（一年 6% 分位）、距 52 週高點 -25%,-2.0,-33.05,83.9256,-3.13,166489.09,6734.7,8324.45,6090.44,0.81,0.73,-6.59,正常,-18233.77,-1701.17,-19934.95,-10.95,-1.02,0,1,0,1,-3187.27,-3.0,,,,,,,0,,,,0.0,-36.63,-620,13,0.37,-16.37,未取得,0.0,-16.37,0.0,0.0,0.0,0.0,0.0,19.89,-16.37,2026-08,5.64,119.89,52.57,,,,營收 2026-08，月增 5.64%，年增 119.89%，累計年增 52.57%,融資下降；年線之下；毛利率連3降；營收 2026-08，月增 5.64%，年增 119.89%，累計年增 52.57%,-16.37
2026-10-02,2880,華南金,TWSE,金融保險業,金控,20,44.85,19.42,3.23,2.58,3.22,50.35,21.2,-7.14,5.16,6.415,1.93,252,31.52,54.12,-5.34,-27.02,-7.14,58.2,5.47,27.23,6.51,1.5,2026-09-24,79.63,-0.11,0.16,82.08,12.85,0.06,-0.4,2026Q1,,,40.92,0,2.06,21.77,84.1,17.74,9.5,0.55,41.0,,10.0,9.0,1.0,0.0,0,1,單季 EPS 年增 41%、月營收年增 12%、PE 19.4（一年 84% 分位）、距 52 週高點 -7%,4.5,46.8,45.7291,-1.92,280548.99,12326.77,14027.45,11556.21,0.88,0.82,-4.27,正常,36115.12,-8018.22,28096.9,12.87,-2.86,0,2,3,0,-3103.23,1953.0,摩根大通,19994.0,,45.9,0,摩根大通,0,新加坡商瑞銀,10314.0,,16.71,30.37,-157,-76,0.05,34.89,已取得,48.37,83.26,15.02,8.55,14.0,4.8,6.0,4.47,34.89,2026-08,-8.33,12.21,20.46,10.01,7.13,-2.29,外資主導買超；前大買超分點約占成交 7.13%；收盤距區間均價 -1.92%；收盤距分點均價 -2.29%；連買：外0 / 投3；營收 2026-08，月增 -8.33%，年增 12.21%，累計年增 20.46%,外資買超；融資下降；營收 2026-08，月增 -8.33%，年增 12.21%，累計年增 20.46%,34.89
2026-10-02,9105,泰金寶-DR,TWSE,91,,20,8.4,0.0,,,-1.64,38.83,24.98,-5.94,1.2,1.42,-0.98,252,56.13,38.84,19.27,-42.3,-39.57,59.7,-0.49,19.52,7.93,0.0,2026-09-24,16.49,0.03,0.12,26.56,54.03,-0.15,1.1,,,,,,,,,,,,,,0.0,0.0,0.0,0.0,,,近四季 EPS 未轉正或缺財報,0.0,-2.24,8.5686,-1.97,331493.16,9479.18,16574.66,15791.86,0.57,0.95,-5.89,正常,-10089.06,0.0,-10089.06,-3.04,0.0,0,3,0,0,-3093.4,0.0,凱基-城中,28131.0,,8.58,0,凱基-城中,0,凱基-台北,10990.0,,18.53,-14.52,1013,-8,-0.25,-7.34,已取得,0.0,-7.34,0.0,0.0,0.0,0.0,0.0,7.43,-7.34,2026-08,-15.42,42.17,10.56,,,,營收 2026-08，月增 -15.42%，年增 42.17%，累計年增 10.56%,融資增加；營收 2026-08，月增 -15.42%，年增 42.17%，累計年增 10.56%,-7.34
2026-10-02,5314,世紀*,TPEX,其他業,,20,29.9,6.46,105.75,4.83,-3.55,23.26,130.01,-36.11,19.6,10.146,-6.63,249,-62.48,-78.33,-99.35,-159.48,-79.8,84.57,-30.77,-61.48,-12.0,6.0,2026-09-24,36.55,-3.48,-0.08,40.95,47.23,3.74,-4.24,2026Q2,42.08,13.34,5.25,1,4.64,6.44,5.6,14.42,-55.2,0.29,-63.7,-34.54,16.5,-2.5,19.0,0.0,0,0,毛利率連 1 季升、月營收年增 103%、PE 6.5（一年 6% 分位）、距 52 週高點 -80%,2.7,-4.39,32.4198,-7.77,625904.0,31279.0,31295.2,27821.6,1.0,0.89,-1.78,正常,-6551.96,-59.0,-6610.96,-1.05,-0.01,0,2,0,0,-3034.57,0.0,,,,,,,0,,,,0.0,-6.96,5682,-2928,-0.87,10.67,未取得,0.0,10.67,0.0,0.0,0.0,0.0,0.0,18.5,10.67,2026-08,-15.82,102.52,151.4,,,,營收 2026-08，月增 -15.82%，年增 102.52%，累計年增 151.4%,融資增加；年線之下；波動偏高；千張大戶減持；營收 2026-08，月增 -15.82%，年增 102.52%，累計年增 151.4%,10.67
2026-10-02,8069,元太,TPEX,光電業,,20,143.5,13.96,4.1,2.19,-2.38,40.54,20.82,-7.72,3.61,8.008,-1.43,252,0.35,-38.41,-36.52,-119.55,-42.83,6.3,-13.94,-20.48,-10.56,3.0,2026-09-24,66.2,-0.33,-1.83,74.05,18.52,0.48,-4.14,2026Q2,58.72,34.67,36.54,-1,10.29,13.95,1.2,16.87,-17.2,3.24,25.1,-4.88,16.5,2.5,16.0,-2.0,0,0,單季 EPS 年增 25%、毛利率連 1 季降、月營收年增 3%、PE 14.0（一年 1% 分位）、距 52 週高點 -43%,3.3,-52.63,146.5762,-2.1,109264.0,5644.0,5463.2,5759.2,1.03,1.05,1.26,正常,-12802.25,-113.94,-12916.19,-11.72,-0.1,0,4,0,3,-2933.8,-13.04,,,,,,,0,,,,0.0,-45.22,873,-288,-0.72,-43.43,未取得,0.0,-43.43,0.0,0.0,0.0,0.0,0.0,2.51,-43.43,2026-08,19.81,3.29,-2.88,,,,營收 2026-08，月增 19.81%，年增 3.29%，累計年增 -2.88%,融資增加；年線之下；千張大戶減持；營收 2026-08，月增 19.81%，年增 3.29%，累計年增 -2.88%,-43.43
2026-10-02,2892,第一金,TWSE,金融保險業,金控,20,38.55,18.01,3.37,1.84,4.61,54.55,21.01,-5.86,6.79,10.912,2.77,252,34.79,30.9,-2.08,-50.24,-5.86,41.73,7.56,24.97,7.23,1.5,2026-09-24,68.48,0.04,0.69,72.37,19.64,0.0,1.82,2026Q1,,,42.72,0,1.93,19.97,91.7,15.96,12.8,0.57,11.8,,6.0,5.0,1.0,0.0,0,1,單季 EPS 年增 12%、月營收年增 6%、PE 18.0（一年 92% 分位）、距 52 週高點 -6%,4.5,84.8,38.6708,-0.31,564329.49,14985.37,28216.47,20213.63,0.53,0.72,-10.16,量縮,92973.37,59020.48,151993.85,16.48,10.46,0,2,8,0,-2917.29,5508.87,台灣摩根士丹利,42606.0,,38.52,0,台灣摩根士丹利,0,國泰證券,61148.0,,13.64,71.5,13689,84,-1.94,72.06,已取得,67.56,139.62,22.5,9.06,14.0,8.0,14.0,2.5,72.06,2026-08,-2.36,6.3,10.28,26.93,7.55,0.08,外資與投信同買；前大買超分點約占成交 7.55%；收盤距區間均價 -0.31%；收盤距分點均價 0.08%；連買：外0 / 投8；營收 2026-08，月增 -2.36%，年增 6.3%，累計年增 10.28%,外資買超；投信買超；融資增加；營收 2026-08，月增 -2.36%，年增 6.3%，累計年增 10.28%,72.06
2026-10-02,2327,國巨*,TWSE,電子零組件業,被動元件,20,626.0,42.15,0.96,7.28,22.5,63.11,65.84,-3.25,22.5,235.482,10.0,252,119.65,256.7,82.78,175.55,-48.69,317.33,4.16,43.32,13.2,-3.5,2026-09-24,63.34,0.68,-0.1,67.8,26.7,-0.81,4.2,2026Q2,38.5,26.43,21.19,4,-0.52,,77.8,27.91,51.0,4.58,-53.0,4.94,0.0,0.0,0.0,0.0,,0,近四季 EPS 未轉正或缺財報,4.5,62.35,572.2367,9.4,823022.55,106667.35,41151.13,56581.01,2.59,1.37,27.0,強放量,16179.73,4467.05,20646.78,1.97,0.54,0,1,2,0,-2786.51,3822.44,,,,,,,0,,,,0.0,6.3,9948,692,-0.92,20.45,未取得,0.0,20.45,0.0,0.0,0.0,0.0,0.0,15.07,20.45,2026-08,1.25,51.8,34.95,,,,營收 2026-08，月增 1.25%，年增 51.8%，累計年增 34.95%,外資買超；投信買超；融資增加；強放量；波動偏高；毛利率連4升；千張大戶增持；營收 2026-08，月增 1.25%，年增 51.8%，累計年增 34.95%,20.45
2026-10-02,2449,京元電子,TWSE,半導體業,封測,20,295.5,38.73,0.51,5.77,13.22,60.62,55.27,-10.45,16.8,73.764,11.93,252,6.49,74.85,-30.38,-6.29,-19.59,90.03,10.81,10.55,1.05,0.0,2026-09-24,58.92,4.04,4.22,64.9,28.75,-4.08,6.0,2026Q2,39.49,25.38,22.36,-1,7.63,38.73,79.8,32.24,20.1,2.04,14.6,-0.64,6.5,7.5,-1.0,0.0,0,0,單季 EPS 年增 15%、毛利率連 1 季降、月營收年增 32%、PE 38.7（一年 80% 分位）、距 52 週高點 -20%,3.3,32.04,291.0809,1.52,506829.3,13902.35,25341.47,21909.78,0.55,0.86,-7.58,正常,10734.76,4790.18,15524.94,2.12,0.95,0,4,0,2,-2588.1,-799.0,摩根大通,12386.0,,281.32,0,摩根大通,0,美林,5868.0,,2.35,2.05,915,78,-0.14,13.55,已取得,27.53,41.08,4.59,2.93,6.0,0.0,14.0,11.64,13.55,2026-08,2.24,31.58,35.53,3.06,2.44,5.04,外資與投信同買；前大買超分點約占成交 2.44%；收盤距區間均價 1.52%；收盤距分點均價 5.04%；營收 2026-08，月增 2.24%，年增 31.58%，累計年增 35.53%,外資買超；投信買超；融資增加；千張大戶增持；營收 2026-08，月增 2.24%，年增 31.58%，累計年增 35.53%,13.55
2026-10-02,5328,華容,TPEX,電子零組件業,,20,59.1,83.24,0.59,4.49,0.17,52.84,50.73,-6.49,15.2,2.694,0.1,252,140.73,234.84,103.87,153.7,-33.45,346.04,-3.27,60.18,13.2,-2.0,2026-09-24,35.46,0.0,0.0,39.58,55.73,-0.15,0.0,2026Q2,24.44,5.05,17.19,1,0.71,83.24,71.8,63.85,30.4,0.29,866.7,-1.9,13.0,12.5,0.5,0.0,0,1,單季 EPS 年增 867%、毛利率連 1 季升、月營收年增 28%、PE 83.2（一年 72% 分位）、距 52 週高點 -33%,4.2,32.14,57.3381,3.07,93983.0,27223.0,4699.15,9331.2,5.79,1.99,30.0,強放量,-1213.03,0.0,-1213.03,-1.29,0.0,0,2,0,0,-2557.01,0.0,台灣摩根士丹利,869.0,,,,,0,富邦-新店,220.0,,0.99,-7.61,43,82,0.02,1.64,已取得,0.0,1.64,0.0,0.0,0.0,0.0,0.0,9.23,1.64,2026-08,0.57,28.28,25.46,,,,營收 2026-08，月增 0.57%，年增 28.28%，累計年增 25.46%,融資增加；強放量；營收 2026-08，月增 0.57%，年增 28.28%，累計年增 25.46%,1.64
2026-10-02,2464,盟立,TWSE,其他電子業,,20,195.5,514.47,0.24,7.42,-11.94,51.54,58.13,-12.72,13.01,28.291,-6.0,252,183.74,195.32,146.88,114.17,-12.72,244.19,10.91,75.1,17.2,-3.5,2026-09-24,39.9,-0.88,-9.08,47.91,43.22,-0.05,-5.5,2026Q2,22.28,6.19,3.97,2,0.41,476.83,,,,0.42,,6.02,6.0,11.0,-3.0,-2.0,0,0,毛利率連 2 季升、月營收年增 74%、PE 514.5、距 52 週高點 -13%,3.9,4.62,198.5607,-1.54,284957.81,11541.97,14247.89,10181.63,0.81,0.71,-6.85,正常,-12714.25,449.0,-12265.25,-4.46,0.16,0,1,0,0,-2484.86,0.0,,,,,,,0,,,,0.0,-13.97,2925,207,-0.82,1.95,未取得,0.0,1.95,0.0,0.0,0.0,0.0,0.0,16.74,1.95,2026-08,7.56,73.71,31.44,,,,營收 2026-08，月增 7.56%，年增 73.71%，累計年增 31.44%,投信買超；融資增加；毛利率連2升；千張大戶減持；營收 2026-08，月增 7.56%，年增 73.71%，累計年增 31.44%,1.95
2026-10-02,2889,國票金,TWSE,金融保險業,,20,16.1,13.2,3.66,1.23,-2.13,41.18,19.68,-8.0,0.63,2.424,-1.28,252,4.89,5.92,-31.98,-75.22,-9.55,12.2,0.65,1.83,0.89,5.0,2026-09-24,69.28,-0.33,-1.37,72.03,22.61,0.15,-4.14,2026Q1,,,33.6,0,0.77,20.91,2.4,24.37,-45.8,0.25,127.3,,25.5,13.0,12.5,0.0,0,1,單季 EPS 年增 127%、月營收年增 52%、PE 13.2（一年 2% 分位）、距 52 週高點 -10%,4.5,45.51,16.6429,-3.26,291266.84,5874.54,14563.34,8609.38,0.4,0.59,-12.0,量縮,27009.05,-3.0,27006.05,9.27,-0.0,0,2,0,0,-2436.0,0.0,台灣摩根士丹利,34341.0,,16.62,0,台灣摩根士丹利,0,第一金-新興,13277.0,,15.87,24.96,69,19,-0.02,46.54,已取得,34.06,80.6,13.91,14.15,0.0,0.0,6.0,21.6,46.54,2026-08,22.11,51.9,94.92,9.27,11.79,-3.13,外資主導買超；前大買超分點約占成交 11.79%；收盤距區間均價 -3.26%；收盤距分點均價 -3.13%；營收 2026-08，月增 22.11%，年增 51.9%，累計年增 94.92%,外資買超；融資增加；千張大戶減持；營收 2026-08，月增 22.11%，年增 51.9%，累計年增 94.92%,46.54
2026-10-02,4938,和碩,TWSE,電腦及週邊設備業,EMS組裝,20,89.2,15.04,4.5,1.15,-1.33,41.35,27.26,-6.69,1.02,7.843,-0.8,252,10.53,24.76,-26.34,-56.39,-12.98,32.15,0.93,12.45,1.89,5.0,2026-09-24,75.2,0.13,0.12,79.6,16.13,-0.08,1.9,2026Q2,4.43,1.53,1.64,2,5.93,15.04,42.1,15.18,-0.9,1.68,1580.0,0.98,16.0,15.5,2.5,-2.0,0,0,單季 EPS 年增 1580%、毛利率連 2 季升、月營收年增 34%、PE 15.0（一年 42% 分位）、距 52 週高點 -13%,3.9,-10.31,91.1329,-2.12,172127.45,4521.97,8606.37,8527.6,0.53,0.99,-5.84,正常,-25443.58,9617.01,-15826.57,-14.78,5.59,0,5,0,1,-2404.76,-67.36,國泰證券,13046.0,,91.06,0,國泰證券,0,港商野村,21533.0,,12.84,-25.89,191,6,-0.09,-19.28,已取得,0.0,-19.28,0.0,0.0,0.0,0.0,0.0,6.7,-19.28,2026-08,2.66,34.11,1.49,,,,營收 2026-08，月增 2.66%，年增 34.11%，累計年增 1.49%,投信買超；融資增加；毛利率連2升；營收 2026-08，月增 2.66%，年增 34.11%，累計年增 1.49%,-19.28
2026-10-02,3490,單井,TPEX,光電業,,20,50.7,8.02,0.99,1.76,12.79,80.31,62.67,-1.36,26.28,2.184,8.67,252,89.53,103.21,52.66,22.06,-12.28,127.35,30.32,66.15,16.32,3.0,2026-09-24,19.07,2.8,-0.15,24.77,62.01,-0.0,3.55,2026Q2,14.14,-31.64,309.63,-1,6.32,8.02,22.1,12.18,-34.2,4.08,848.8,-14.28,7.5,-0.5,10.0,-2.0,0,1,單季 EPS 年增 849%、毛利率連 1 季降、月營收年減 5%、PE 8.0（一年 22% 分位）、距 52 週高點 -12%,3.3,34.95,45.9345,10.37,95093.0,18557.0,4754.65,8217.6,3.9,1.73,29.65,強放量,-3179.16,0.0,-3179.16,-3.34,0.0,0,1,0,0,-2342.83,0.0,,,,,,,0,,,,0.0,-11.36,1260,-61,-1.08,-14.71,未取得,0.0,-14.71,0.0,0.0,0.0,0.0,0.0,-2.27,-14.71,2026-08,-20.24,-5.31,6.97,,,,營收 2026-08，月增 -20.24%，年增 -5.31%，累計年增 6.97%,融資增加；強放量；接近區間高點；RSI過熱；千張大戶增持；營收 2026-08，月增 -20.24%，年增 -5.31%，累計年增 6.97%,-14.71
2026-10-02,6207,雷科,TPEX,電子零組件業,,20,148.0,97.37,0.41,4.9,42.31,75.71,73.56,-6.33,43.69,14.017,2.0,252,174.07,155.17,137.21,74.03,-18.46,239.06,29.38,84.57,17.2,-2.0,2026-09-24,7.86,0.0,-3.79,16.87,76.77,1.16,-1.5,2026Q2,29.95,4.43,25.68,-2,1.74,85.06,73.8,63.91,52.4,1.05,,-1.47,1.0,2.0,-1.0,0.0,0,0,毛利率連 2 季降、月營收年增 36%、PE 97.4（一年 74% 分位）、距 52 週高點 -18%,2.1,35.15,129.3655,14.4,216709.0,25640.0,10835.45,23792.6,2.37,2.2,30.0,強放量,-3791.35,0.0,-3791.35,-1.75,0.0,0,1,0,0,-2305.01,0.0,永豐金證券,2398.0,,,,,0,摩根大通,793.0,,1.14,-6.9,3739,706,-1.18,2.35,已取得,0.0,2.35,0.0,0.0,0.0,0.0,0.0,10.43,2.35,2026-08,22.15,35.81,8.31,,,,營收 2026-08，月增 22.15%，年增 35.81%，累計年增 8.31%,融資增加；強放量；RSI過熱；波動偏高；毛利率連2降；營收 2026-08，月增 22.15%，年增 35.81%，累計年增 8.31%,2.35
2026-10-02,2891,中信金,TWSE,金融保險業,金控,20,67.3,16.1,3.71,1.92,-0.3,50.0,21.88,-6.53,1.97,21.904,-0.18,252,24.63,58.91,-12.24,-22.23,-8.56,61.2,1.83,20.45,4.99,3.0,2026-09-24,79.11,-0.03,0.19,81.95,13.75,0.04,0.33,2026Q1,,,38.6,0,4.24,15.87,82.9,13.8,16.7,1.18,15.7,,3.0,2.0,1.0,0.0,0,1,單季 EPS 年增 16%、月營收年減 3%、PE 16.1（一年 83% 分位）、距 52 週高點 -9%,4.5,46.36,68.6975,-2.03,637693.7,18882.81,31884.68,23835.14,0.59,0.75,-8.93,量縮,-10277.55,47575.88,37298.33,-1.61,7.46,0,3,6,0,-2254.11,1149.72,花旗環球,16534.0,,68.56,0,花旗環球,0,新加坡商瑞銀,14925.0,,11.94,32.61,-170,-78,0.02,38.18,已取得,41.88,80.06,8.77,3.11,14.0,8.0,8.0,5.55,38.18,2026-08,35.22,-2.51,11.08,5.85,2.59,-1.84,投信主導買超；前大買超分點約占成交 2.59%；收盤距區間均價 -2.03%；收盤距分點均價 -1.84%；連買：外0 / 投6；營收 2026-08，月增 35.22%，年增 -2.51%，累計年增 11.08%,投信買超；融資下降；營收 2026-08，月增 35.22%，年增 -2.51%，累計年增 11.08%,38.18
2026-10-02,2301,光寶科,TWSE,電腦及週邊設備業,電源供應器,20,281.5,32.92,1.78,6.67,-5.85,41.59,31.22,-13.52,3.87,49.719,-3.51,252,74.3,63.66,37.44,-17.48,-14.18,101.79,8.39,42.1,14.49,-1.5,2026-09-24,74.91,-0.31,-1.75,80.65,14.77,0.21,-3.98,2026Q2,27.22,15.56,13.5,1,8.55,32.92,85.3,28.61,15.1,3.14,127.5,6.34,12.5,17.5,-3.0,-2.0,0,1,單季 EPS 年增 128%、毛利率連 1 季升、月營收年增 25%、PE 32.9（一年 85% 分位）、距 52 週高點 -14%,4.2,-23.38,290.0649,-2.95,342812.94,7078.01,17140.65,10441.91,0.41,0.61,-12.0,量縮,-29665.77,-2783.95,-32449.72,-8.65,-0.81,0,1,0,3,-2238.1,-238.43,港商麥格理,3902.0,,285.82,0,港商麥格理,0,台灣摩根士丹利,23667.0,,7.91,-36.41,-630,-373,0.15,-27.08,已取得,0.0,-27.08,0.0,0.0,0.0,0.0,0.0,9.18,-27.08,2026-08,3.09,25.2,26.73,,,,營收 2026-08，月增 3.09%，年增 25.2%，累計年增 26.73%,融資下降；千張大戶減持；營收 2026-08，月增 3.09%，年增 25.2%，累計年增 26.73%,-27.08
2026-10-02,3264,欣銓,TPEX,半導體業,,20,245.0,31.98,1.71,5.92,8.41,51.94,71.23,-15.37,11.36,33.282,-0.95,252,29.63,203.22,-7.24,122.07,-15.37,218.18,10.41,43.61,6.09,0.0,2026-09-24,65.14,-1.66,1.56,72.27,20.36,0.8,-2.5,2026Q2,40.17,30.38,25.49,3,7.92,30.93,70.2,28.57,11.9,2.44,105.0,3.98,17.0,20.0,-1.0,-2.0,0,1,單季 EPS 年增 105%、毛利率連 3 季升、月營收年增 47%、PE 32.0（一年 70% 分位）、距 52 週高點 -15%,8.0,-13.07,250.7207,-2.28,265488.0,11557.0,13274.4,13958.0,0.87,1.05,-0.73,正常,7708.07,-18636.25,-10928.18,2.9,-7.02,0,4,0,7,-2062.93,-1121.0,台灣摩根士丹利,4257.0,,242.02,0,台灣摩根士丹利,0,台新,4353.0,,11.1,-35.54,5951,-47,-1.8,-23.35,已取得,0.0,-23.35,0.0,0.0,0.0,0.0,0.0,13.99,-23.35,2026-08,1.57,46.57,33.89,,,,營收 2026-08，月增 1.57%，年增 46.57%，累計年增 33.89%,外資買超；融資增加；波動偏高；毛利率連3升；千張大戶減持；營收 2026-08，月增 1.57%，年增 46.57%，累計年增 33.89%,-23.35
2026-10-02,2498,宏達電,TWSE,通信網路業,,20,42.9,16.56,1.17,1.37,3.12,67.97,26.15,-8.43,9.44,3.196,5.87,252,7.79,-31.36,-29.08,-112.5,-40.33,13.79,4.54,-4.11,-9.71,3.5,2026-09-24,33.46,0.01,-0.86,38.99,51.59,0.55,-1.42,2026Q2,42.63,-93.23,-45.5,2,2.59,16.56,59.4,15.52,6.7,-0.33,,27.03,0.0,0.0,0.0,0.0,,0,最新單季虧損,0.9,-30.43,42.1834,1.7,151533.57,7419.21,7576.68,12059.18,0.98,1.59,9.22,放量,-15966.99,-352.0,-16318.99,-10.54,-0.23,0,3,0,0,-1967.37,0.0,凱基,402.0,,,,,0,台灣摩根士丹利,3448.0,,-0.82,-35.2,2032,166,-1.01,-34.18,已取得,0.0,-34.18,0.0,0.0,0.0,0.0,0.0,2.03,-34.18,2026-08,37.71,-7.71,-6.92,,,,營收 2026-08，月增 37.71%，年增 -7.71%，累計年增 -6.92%,融資增加；放量；年線之下；毛利率連2升；營收 2026-08，月增 37.71%，年增 -7.71%，累計年增 -6.92%,-34.18
2026-10-02,3026,禾伸堂,TWSE,電子零組件業,被動元件,20,835.0,81.46,0.69,13.41,30.88,54.71,77.13,-5.22,32.12,80.485,6.0,252,330.41,751.17,293.54,670.03,-20.1,854.29,19.69,131.05,17.2,-3.5,2026-09-24,36.81,-2.14,-1.08,55.42,34.14,1.87,-5.5,2026Q2,26.18,15.29,15.66,2,10.24,81.54,85.3,22.95,254.9,3.87,178.4,6.23,18.0,19.0,-1.0,0.0,0,0,單季 EPS 年增 178%、毛利率連 2 季升、月營收年增 33%、PE 81.5（一年 85% 分位）、距 52 週高點 -20%,5.4,43.08,784.4063,6.45,205213.49,17157.78,10260.67,12073.1,1.67,1.18,10.89,放量,-6097.58,5081.8,-1015.78,-2.97,2.48,0,1,19,0,-1954.3,457.0,統一,792.0,,754.49,0,統一,0,摩根大通,3050.0,,-0.28,10.35,2970,329,-1.06,18.04,已取得,0.0,18.04,0.0,0.0,0.0,0.0,0.0,8.75,18.04,2026-08,-4.08,33.22,20.36,,,,營收 2026-08，月增 -4.08%，年增 33.22%，累計年增 20.36%,投信買超；融資增加；放量；波動偏高；毛利率連2升；千張大戶減持；營收 2026-08，月增 -4.08%，年增 33.22%，累計年增 20.36%,18.04
2026-10-02,3094,聯傑,TWSE,半導體業,,20,70.3,113.39,0.36,5.63,66.19,83.57,95.31,-3.7,75.31,8.363,2.0,252,207.66,169.35,170.79,88.21,-3.7,222.48,69.04,128.1,17.2,-2.0,2026-09-24,24.76,9.78,11.87,29.34,58.22,-5.24,6.0,2026Q2,74.39,18.15,41.95,-1,0.63,111.59,59.5,98.33,15.3,0.32,,10.91,3.5,6.5,-3.0,0.0,0,0,毛利率連 1 季降、月營收年增 30%、PE 113.4（一年 60% 分位）、距 52 週高點 -4%,3.3,46.86,54.9627,27.9,304313.56,35223.45,15215.68,27283.65,2.31,1.79,30.0,強放量,4961.99,0.0,4961.99,1.63,0.0,0,1,0,0,-1924.81,0.0,台灣摩根士丹利,1438.0,,49.04,0,台灣摩根士丹利,0,凱基-台北,838.0,,-5.57,-1.43,3440,721,-0.76,5.36,已取得,-1.99,3.37,2.45,0.57,-11.0,0.0,6.0,7.55,5.36,2026-08,-5.21,30.21,17.1,1.63,0.47,43.35,外資主導買超；前大買超分點約占成交 0.47%；收盤距區間均價 27.9%；收盤距分點均價 43.35%；營收 2026-08，月增 -5.21%，年增 30.21%，累計年增 17.1%,外資買超；融資增加；強放量；RSI過熱；波動偏高；千張大戶增持；營收 2026-08，月增 -5.21%，年增 30.21%，累計年增 17.1%,5.36
2026-10-02,2501,國建,TWSE,建材營造業,,20,20.85,7.26,5.76,0.75,-7.33,25.0,15.38,-8.75,0.24,0.497,-2.9,252,-11.28,-10.52,-48.14,-91.66,-26.58,0.24,-6.59,-9.32,-7.73,8.0,2026-09-24,72.02,-0.44,-0.89,76.92,16.91,0.18,-5.02,2026Q2,28.06,11.02,7.81,1,2.88,7.24,25.4,8.5,-14.6,0.22,-81.8,-16.45,9.5,-2.5,14.0,-2.0,0,0,毛利率連 1 季升、月營收年增 60%、PE 7.3（一年 25% 分位）、距 52 週高點 -27%,2.7,-27.38,21.621,-3.57,45961.54,2484.84,2298.08,2255.01,1.08,0.98,0.68,正常,-14535.6,0.0,-14535.6,-31.63,0.0,0,3,0,0,-1904.0,0.0,玉山-新莊,2827.0,,,,,0,美商高盛,3766.0,,3.28,-38.0,-679,38,1.48,-22.77,已取得,0.0,-22.77,0.0,0.0,0.0,0.0,0.0,13.75,-22.77,2026-08,-34.3,60.18,37.18,,,,營收 2026-08，月增 -34.3%，年增 60.18%，累計年增 37.18%,融資下降；年線之下；千張大戶減持；營收 2026-08，月增 -34.3%，年增 60.18%，累計年增 37.18%,-22.77
2026-10-02,5871,中租-KY,TWSE,其他業,,20,106.0,9.8,5.66,1.06,-4.93,25.93,20.33,-7.83,0.0,7.406,-1.46,252,-0.93,-1.85,-37.8,-82.99,-14.86,9.17,-6.58,-3.1,-6.69,8.0,2026-09-24,64.22,-0.62,-0.66,69.9,22.92,0.56,-5.5,2026Q1,66.62,30.94,23.22,2,11.22,9.45,17.1,10.24,-4.3,3.26,-0.6,3.52,5.5,-2.0,13.5,-6.0,0,0,⚠ 便宜但基本面轉弱：毛利率連 2 季升、月營收年減 1%、PE 9.8（一年 17% 分位）、距 52 週高點 -15%,6.9,-41.12,110.236,-3.84,134360.02,5948.65,6718.0,6342.93,0.89,0.94,-2.27,正常,-36514.3,2536.11,-33978.19,-27.18,1.89,0,12,0,1,-1891.32,-1750.1,富邦證券,3071.0,,112.74,0,富邦證券,0,台灣摩根士丹利,9123.0,,3.35,-39.78,1336,-5,-0.8,-41.24,已取得,0.0,-41.24,0.0,0.0,0.0,0.0,0.0,-0.66,-41.24,2026-08,-3.48,-0.68,-0.77,,,,營收 2026-08，月增 -3.48%，年增 -0.68%，累計年增 -0.77%,投信買超；融資增加；年線之下；毛利率連2升；千張大戶減持；營收 2026-08，月增 -3.48%，年增 -0.68%，累計年增 -0.77%,-41.24
2026-10-02,2812,台中銀,TWSE,金融保險業,,20,18.75,11.16,5.65,1.18,-3.6,40.0,12.69,-4.82,0.0,3.168,-2.16,252,-11.14,-16.29,-48.01,-97.44,-19.53,3.59,-3.7,-7.59,-7.71,8.0,2026-09-24,54.03,-0.21,0.33,59.32,27.99,0.01,-0.69,2026Q2,,,,0,1.64,11.43,1.6,13.7,-18.5,0.47,27.0,,20.5,7.0,15.5,-2.0,0,1,單季 EPS 年增 27%、月營收年增 2%、PE 11.2（一年 2% 分位）、距 52 週高點 -20%,1.5,-31.57,19.2105,-2.4,329851.78,5364.23,16492.59,12558.21,0.33,0.76,-11.82,量縮,-15030.01,-5473.37,-20503.38,-4.56,-1.66,0,7,0,0,-1849.64,0.0,福邦-新竹,17553.0,,19.18,0,福邦-新竹,0,台中銀-台北,42334.0,,9.97,-28.23,1292,-27,-0.32,-24.6,已取得,0.0,-24.6,0.0,0.0,0.0,0.0,0.0,3.95,-24.6,2026-08,7.94,1.76,16.74,,,,營收 2026-08，月增 7.94%，年增 1.76%，累計年增 16.74%,融資增加；年線之下；營收 2026-08，月增 7.94%，年增 1.76%，累計年增 16.74%,-24.6
2026-10-02,2610,華航,TWSE,航運業,航空,20,20.35,9.42,3.98,1.25,-0.97,52.83,16.28,-1.45,2.26,3.134,4.42,252,12.43,-1.21,-24.44,-82.36,-17.78,14.97,-1.96,1.05,2.31,6.5,2026-09-24,70.24,0.09,0.11,73.09,21.78,-0.08,1.55,2026Q2,11.13,4.18,2.21,-1,2.18,9.33,91.6,8.01,17.6,0.23,-63.5,-7.15,3.0,-5.5,8.5,0.0,0,0,毛利率連 1 季降、月營收年增 27%、PE 9.4（一年 92% 分位）、距 52 週高點 -18%,0.3,68.11,20.2926,0.28,308878.98,7576.66,15443.95,13942.89,0.49,0.9,-7.67,正常,5437.57,32066.76,37504.34,1.76,10.38,0,2,3,0,-1831.0,996.0,統一,9124.0,,20.25,0,統一,0,元大-松江,20612.0,,10.21,47.73,-4345,-49,1.4,56.86,已取得,54.56,111.42,18.21,3.54,14.0,4.8,14.0,7.73,56.86,2026-08,-1.29,27.22,18.65,12.14,2.95,0.49,外資與投信同買；前大買超分點約占成交 2.95%；收盤距區間均價 0.28%；收盤距分點均價 0.49%；連買：外0 / 投3；營收 2026-08，月增 -1.29%，年增 27.22%，累計年增 18.65%,外資買超；投信買超；融資下降；接近區間高點；營收 2026-08，月增 -1.29%，年增 27.22%，累計年增 18.65%,56.86
2026-10-02,3048,益登,TWSE,電子通路業,,20,53.7,11.4,1.86,1.97,2.48,62.37,25.63,-2.36,8.92,0.658,5.49,252,41.69,38.58,4.82,-42.56,-34.43,58.64,0.44,13.71,4.75,3.0,2026-09-24,41.9,0.1,-0.82,48.04,45.58,-0.05,-0.2,2026Q2,4.36,2.44,1.31,3,4.72,11.38,8.8,22.39,-49.1,1.93,,0.74,22.0,10.5,13.5,-2.0,0,1,毛利率連 3 季升、月營收年增 50%、PE 11.4（一年 9% 分位）、距 52 週高點 -34%,5.0,19.29,52.0288,3.21,25280.01,4953.59,1264.0,2021.9,3.92,1.6,27.59,強放量,-2117.54,0.0,-2117.54,-8.38,0.0,0,2,0,0,-1742.1,0.0,台灣摩根士丹利,532.0,,,,,0,凱基-台北,433.0,,1.67,-27.45,-51,6,0.22,-12.55,已取得,0.0,-12.55,0.0,0.0,0.0,0.0,0.0,14.68,-12.55,2026-08,-1.46,50.31,36.26,,,,營收 2026-08，月增 -1.46%，年增 50.31%，累計年增 36.26%,融資下降；強放量；毛利率連3升；營收 2026-08，月增 -1.46%，年增 50.31%，累計年增 36.26%,-12.55
2026-10-02,3624,光頡,TPEX,電子零組件業,,20,148.5,46.41,0.74,4.88,75.12,72.15,86.75,-5.71,75.12,33.173,10.0,252,199.7,282.73,162.83,201.59,-16.57,310.79,48.21,97.83,17.2,-2.0,2026-09-24,50.14,4.22,1.76,57.26,35.09,-5.19,6.0,2026Q2,32.79,18.51,14.59,3,3.2,46.41,85.3,32.34,43.5,1.11,,3.01,11.0,12.0,-1.0,0.0,0,0,毛利率連 3 季升、月營收年增 66%、PE 46.4（一年 85% 分位）、距 52 週高點 -17%,6.5,49.89,125.6918,18.15,527849.0,40211.0,26392.45,31200.4,1.52,1.18,9.2,放量,-8130.8,1600.0,-6530.8,-1.54,0.3,0,1,0,1,-1737.15,-350.0,台新,1237.0,,,,,0,台灣摩根士丹利,3200.0,,-0.02,-7.81,6072,706,-0.84,7.59,已取得,0.0,7.59,0.0,0.0,0.0,0.0,0.0,16.24,7.59,2026-08,4.41,65.76,30.7,,,,營收 2026-08，月增 4.41%，年增 65.76%，累計年增 30.7%,投信買超；融資增加；放量；波動偏高；毛利率連3升；千張大戶增持；營收 2026-08，月增 4.41%，年增 65.76%，累計年增 30.7%,7.59
2026-10-02,2845,遠東銀,TWSE,金融保險業,,20,12.9,12.77,4.88,0.87,-5.49,31.03,14.49,-6.86,0.0,1.563,-3.29,252,1.98,5.74,-34.89,-75.41,-6.86,8.86,-3.74,0.88,0.6,5.0,2026-09-24,71.26,-0.1,0.82,75.8,15.61,0.03,0.7,2026Q1,,,,0,0.92,14.02,0.4,14.72,-13.2,0.25,-3.8,,7.5,-5.0,12.5,0.0,0,0,月營收年增 5%、PE 12.8（一年 0% 分位）、距 52 週高點 -7%,1.5,17.64,13.462,-4.18,232148.48,13221.72,11607.42,9913.75,1.14,0.85,-0.67,正常,33291.41,-5804.56,27486.85,14.34,-2.5,0,6,0,2,-1711.91,-3702.0,美商高盛,19900.0,,13.54,0,美商高盛,0,群益金鼎,11318.0,,11.85,11.22,-888,0,0.38,13.46,已取得,34.05,47.51,17.76,10.29,0.0,0.0,6.0,1.86,13.46,2026-08,-10.71,5.07,13.97,11.84,8.57,-4.73,外資主導買超；前大買超分點約占成交 8.57%；收盤距區間均價 -4.18%；收盤距分點均價 -4.73%；營收 2026-08，月增 -10.71%，年增 5.07%，累計年增 13.97%,外資買超；融資下降；營收 2026-08，月增 -10.71%，年增 5.07%，累計年增 13.97%,13.46
2026-10-02,8112,至上,TWSE,電子通路業,,20,84.1,6.36,4.52,2.07,-5.82,39.29,18.03,-8.69,2.69,5.002,-3.49,252,3.06,86.47,-33.8,5.33,-19.13,98.82,-3.67,4.5,0.71,4.5,2026-09-24,31.62,-1.2,-7.95,35.93,55.24,1.14,-5.5,2026Q2,3.77,3.21,1.92,-2,13.86,6.07,4.8,17.69,-64.0,5.54,1529.4,1.29,17.5,9.5,15.0,-7.0,1,1,⚠ 循環高峰疑慮（獲利在多年高點、年增來自低基期，低 PE 可能反映市場預期獲利反轉）：單季 EPS 年增 1529%、毛利率連 2 季降、月營收年增 155%、PE 6.4（一年 5% 分位）、距 52 週高點 -19%,-0.9,-27.78,85.3466,-1.46,117215.34,5045.89,5860.77,4493.2,0.86,0.77,-5.4,正常,-43475.05,3779.8,-39695.26,-37.09,3.22,0,20,0,1,-1644.04,-30.0,群益金鼎,1059.0,,86.2,0,群益金鼎,0,美商高盛,12494.0,,5.75,-36.44,1917,-217,-1.36,-20.4,已取得,0.0,-20.4,0.0,0.0,0.0,0.0,0.0,17.4,-20.4,2026-08,-47.0,154.83,177.42,,,,營收 2026-08，月增 -47.0%，年增 154.83%，累計年增 177.42%,投信買超；融資增加；毛利率連2降；千張大戶減持；營收 2026-08，月增 -47.0%，年增 154.83%，累計年增 177.42%,-20.4
2026-10-02,2489,瑞軒,TWSE,光電業,,20,41.15,29.6,2.92,1.9,0.61,56.87,60.75,-9.56,13.67,12.233,4.37,246,-9.16,208.24,-46.03,127.1,-28.68,210.57,14.09,32.03,-0.52,0.0,2026-09-24,25.8,-2.05,0.56,29.97,63.19,1.61,-2.5,2026Q2,7.58,0.54,2.42,-2,1.34,30.71,62.4,27.23,8.7,0.29,,-2.37,2.5,-1.0,3.5,0.0,0,0,毛利率連 2 季降、月營收年增 24%、PE 29.6（一年 62% 分位）、距 52 週高點 -29%,-0.9,-4.83,41.8411,-1.65,584719.86,15967.74,29235.99,15756.81,0.55,0.54,-12.0,量縮,-6134.57,61.4,-6073.18,-1.05,0.01,0,3,1,0,-1631.2,19.4,中國信託-忠孝,1518.0,,,0,中國信託-忠孝,0,摩根大通,3424.0,,0.02,-6.4,-599,-751,0.06,0.72,已取得,0.0,0.72,0.0,0.0,0.0,0.0,0.0,7.06,0.72,2026-08,1.29,23.59,16.63,,,,營收 2026-08，月增 1.29%，年增 23.59%，累計年增 16.63%,投信買超；融資下降；毛利率連2降；千張大戶減持；營收 2026-08，月增 1.29%，年增 23.59%，累計年增 16.63%,0.72
2026-10-02,5904,寶雅*,TPEX,居家生活,,20,68.4,20.12,3.72,1.0,-3.12,33.33,19.16,-7.44,0.29,3.744,-1.87,245,-86.29,-85.24,-123.16,-166.39,-91.08,0.29,-76.67,-84.48,-12.0,3.5,2026-09-24,75.45,0.01,-1.1,79.4,16.87,0.31,-1.42,2026Q2,44.94,15.4,,-2,34.02,2.01,74.3,17.1,17.7,8.15,48.5,3.31,14.5,9.0,7.5,-2.0,0,1,單季 EPS 年增 48%、毛利率連 2 季降、月營收年增 10%、PE 20.1（一年 74% 分位）、距 52 週高點 -91%,-0.9,-33.95,71.2166,-3.95,105154.0,3935.0,5257.7,4655.6,0.75,0.89,-4.85,正常,-13504.24,1803.9,-11700.34,-12.84,1.72,0,2,2,0,-1609.43,266.0,,,,,,,0,,,,0.0,-23.61,-778,-19,0.73,-18.83,未取得,0.0,-18.83,0.0,0.0,0.0,0.0,0.0,4.05,-18.83,2026-08,-0.27,10.32,13.91,,,,營收 2026-08，月增 -0.27%，年增 10.32%，累計年增 13.91%,投信買超；融資下降；年線之下；毛利率連2降；營收 2026-08，月增 -0.27%，年增 10.32%，累計年增 13.91%,-18.83
2026-10-02,2890,永豐金,TWSE,金融保險業,金控,20,44.05,16.62,2.95,2.41,3.4,57.14,22.2,-4.96,4.51,11.412,6.04,252,34.71,73.77,-2.16,-7.38,-4.96,80.9,6.85,33.07,7.21,1.5,2026-09-24,78.12,-0.01,0.35,81.25,13.82,0.02,0.97,2026Q1,,,41.88,0,2.16,20.39,54.4,16.39,1.4,0.76,33.3,,11.0,11.0,0.0,0.0,0,1,單季 EPS 年增 33%、月營收年增 49%、PE 16.6（一年 54% 分位）、距 52 週高點 -5%,4.5,48.08,44.2056,-0.35,516304.37,13939.01,25815.22,19840.43,0.54,0.77,-9.22,量縮,-40890.21,56004.07,15113.86,-7.92,10.85,0,7,3,0,-1556.0,2025.18,港商野村,24977.0,,44.69,0,港商野村,0,凱基-台北,26839.0,,13.21,15.0,1142,-79,-0.18,32.47,已取得,37.0,69.47,4.39,5.81,14.0,4.8,8.0,17.65,32.47,2026-08,0.98,49.48,53.91,2.93,4.84,-1.43,投信主導買超；前大買超分點約占成交 4.84%；收盤距區間均價 -0.35%；收盤距分點均價 -1.43%；連買：外0 / 投3；營收 2026-08，月增 0.98%，年增 49.48%，累計年增 53.91%,投信買超；融資增加；營收 2026-08，月增 0.98%，年增 49.48%，累計年增 53.91%,32.47
2026-10-02,3717,聯嘉投控,TWSE,汽車工業,,20,26.45,330.63,0.76,1.56,19.95,73.58,60.24,-8.32,26.56,2.249,13.0,252,19.41,33.59,-17.46,-47.56,-16.03,64.29,14.34,27.71,3.85,-2.0,2026-09-24,31.64,3.69,4.15,39.67,47.09,-1.88,6.0,2026Q2,21.98,9.9,8.42,1,,,91.4,280.63,17.8,0.68,,,0.0,0.0,0.0,0.0,,,近四季 EPS 未轉正或缺財報,1.2,51.67,26.2632,0.71,171291.46,9385.2,8564.57,16032.73,1.1,1.87,15.1,放量,4720.7,0.0,4720.7,2.76,0.0,0,1,0,0,-1553.17,0.0,摩根大通,1700.0,,23.76,0,摩根大通,0,台新-敦南,2196.0,,0.55,11.72,5055,4273,-0.86,22.07,已取得,17.32,39.39,4.13,1.19,6.0,0.0,6.0,11.21,22.07,2026-08,-1.61,10.01,891.25,2.76,0.99,11.32,外資主導買超；前大買超分點約占成交 0.99%；收盤距區間均價 0.71%；收盤距分點均價 11.32%；營收 2026-08，月增 -1.61%，年增 10.01%，累計年增 891.25%,外資買超；融資增加；放量；千張大戶增持；營收 2026-08，月增 -1.61%，年增 10.01%，累計年增 891.25%,22.07
2026-10-02,2308,台達電,TWSE,電子零組件業,電源供應器,20,1885.0,59.99,0.62,16.67,7.1,68.75,52.05,-4.07,20.83,204.899,8.26,252,8.65,100.11,-28.22,18.96,-27.08,126.84,6.16,22.41,1.48,-3.5,2026-09-24,73.56,-0.03,-0.28,80.62,12.89,-0.4,-1.08,2026Q2,35.64,16.68,13.72,-1,31.42,59.99,49.2,59.99,0.0,9.68,80.3,1.63,13.5,13.0,0.5,0.0,0,1,單季 EPS 年增 80%、毛利率連 1 季降、月營收年增 35%、PE 60.0（一年 49% 分位）、距 52 週高點 -27%,1.8,17.38,1786.2911,5.53,229412.31,6064.41,11470.62,9333.56,0.53,0.81,-8.64,正常,-9249.12,3738.5,-5510.62,-4.03,1.63,0,2,8,0,-1540.94,84.36,國泰證券,2433.0,,,,,0,新加坡商瑞銀,3905.0,,0.42,2.59,838,90,-0.27,14.74,已取得,0.0,14.74,0.0,0.0,0.0,0.0,0.0,12.42,14.74,2026-08,-3.71,34.95,41.06,,,,營收 2026-08，月增 -3.71%，年增 34.95%，累計年增 41.06%,投信買超；融資增加；營收 2026-08，月增 -3.71%，年增 34.95%，累計年增 41.06%,14.74
2026-10-02,2454,聯發科,TWSE,半導體業,IC設計,20,4950.0,81.75,1.08,18.63,14.06,56.85,54.72,-9.67,15.38,398.883,12.44,252,214.29,275.0,177.42,193.86,-9.67,338.05,19.74,84.86,17.2,-3.5,2026-09-24,63.85,0.36,0.77,74.13,14.79,-0.4,4.88,2026Q2,46.2,15.03,15.99,-1,60.68,81.58,97.6,27.13,201.3,15.27,-12.7,-4.51,-8.5,-5.5,-3.0,0.0,0,0,毛利率連 1 季降、月營收年增 44%、PE 81.8（一年 98% 分位）、距 52 週高點 -10%,1.8,59.05,4797.4458,3.18,166289.77,4503.96,8314.49,7750.05,0.54,0.93,-6.59,正常,7349.21,2495.85,9845.06,4.42,1.5,0,4,3,0,-1471.67,224.68,美林,4271.0,,4662.34,0,美林,0,凱基,1155.0,,2.73,16.83,105,15,-0.05,29.53,已取得,36.76,66.29,8.88,3.08,6.0,4.8,14.0,12.75,29.53,2026-08,32.41,44.08,5.76,5.92,2.57,6.17,外資與投信同買；前大買超分點約占成交 2.57%；收盤距區間均價 3.18%；收盤距分點均價 6.17%；連買：外0 / 投3；營收 2026-08，月增 32.41%，年增 44.08%，累計年增 5.76%,外資買超；投信買超；融資增加；千張大戶增持；營收 2026-08，月增 32.41%，年增 44.08%，累計年增 5.76%,29.53
2026-10-02,3450,聯鈞,TWSE,半導體業,光通訊,20,543.0,110.14,0.18,14.16,-1.99,55.08,65.32,-10.4,11.04,36.126,-0.19,252,77.16,86.28,40.29,5.14,-16.85,161.69,7.06,47.03,14.83,-3.5,2026-09-24,31.32,-0.37,-5.44,43.24,46.98,1.24,-4.46,2026Q2,32.37,22.05,10.25,1,4.92,110.37,67.1,56.48,95.0,2.09,294.3,-0.23,11.5,14.5,-1.0,-2.0,0,0,單季 EPS 年增 294%、毛利率連 1 季升、月營收年增 110%、PE 110.1（一年 67% 分位）、距 52 週高點 -17%,4.2,1.69,531.4249,2.18,135960.32,17359.03,6798.02,7608.39,2.55,1.12,19.91,強放量,-13434.32,-1008.0,-14442.32,-9.88,-0.74,0,3,1,0,-1421.89,1061.0,香港上海匯豐,742.0,,,,,0,美商高盛,6686.0,,-1.8,-33.61,2058,-537,-1.33,-19.14,已取得,0.0,-19.14,0.0,0.0,0.0,0.0,0.0,15.8,-19.14,2026-08,2.42,109.76,29.44,,,,營收 2026-08，月增 2.42%，年增 109.76%，累計年增 29.44%,融資增加；強放量；波動偏高；千張大戶減持；營收 2026-08，月增 2.42%，年增 109.76%，累計年增 29.44%,-19.14
2026-10-02,3013,晟銘電,TWSE,電腦及週邊設備業,,20,92.7,17.76,0.86,3.46,7.79,62.44,43.17,-1.7,13.74,1.2,13.67,252,-10.43,-24.63,-47.3,-105.78,-37.36,31.49,7.14,-14.62,-11.64,1.5,2026-09-24,39.93,0.22,-0.23,44.49,49.43,-0.12,1.57,2026Q2,20.52,13.36,9.0,-2,5.43,17.07,17.1,26.3,-32.5,1.41,161.1,4.62,18.5,11.0,9.5,-2.0,0,1,單季 EPS 年增 161%、毛利率連 2 季降、月營收年增 16%、PE 17.8（一年 17% 分位）、距 52 週高點 -37%,-0.9,-4.52,87.7802,5.6,27346.23,4569.11,1367.31,2758.74,3.34,2.02,30.0,強放量,-2899.39,14.02,-2885.36,-10.6,0.05,0,1,0,0,-1410.98,0.0,,,,,,,0,,,,0.0,-30.31,547,0,-1.6,-23.72,未取得,0.0,-23.72,0.0,0.0,0.0,0.0,0.0,8.19,-23.72,2026-08,13.99,16.38,22.25,,,,營收 2026-08，月增 13.99%，年增 16.38%，累計年增 22.25%,投信買超；融資增加；強放量；接近區間高點；年線之下；毛利率連2降；營收 2026-08，月增 13.99%，年增 16.38%，累計年增 22.25%,-23.72
2026-10-02,8039,台虹,TWSE,電子零組件業,,20,296.0,93.97,0.67,6.97,1.02,58.54,80.96,-9.62,17.0,62.934,1.61,252,116.06,400.85,79.19,319.7,-18.68,405.98,18.17,108.51,17.2,-3.5,2026-09-24,50.03,0.64,-12.93,56.88,35.1,0.05,2.5,2026Q2,23.13,6.41,8.92,3,3.18,93.08,94.8,62.03,51.5,0.91,600.0,0.28,3.5,6.5,-1.0,-2.0,0,0,單季 EPS 年增 600%、毛利率連 3 季升、月營收年減 14%、PE 94.0（一年 95% 分位）、距 52 週高點 -19%,5.0,-4.61,287.6107,2.92,437632.97,19171.35,21881.65,20470.28,0.88,0.94,-2.52,正常,-17859.91,-4024.0,-21883.91,-4.08,-0.92,0,5,1,0,-1389.31,2.0,,,,,,,0,,,,0.0,-21.96,4833,-1530,-0.99,-26.16,未取得,0.0,-26.16,0.0,0.0,0.0,0.0,0.0,-3.21,-26.16,2026-08,-4.78,-13.83,-0.91,,,,營收 2026-08，月增 -4.78%，年增 -13.83%，累計年增 -0.91%,融資增加；波動偏高；毛利率連3升；千張大戶增持；營收 2026-08，月增 -4.78%，年增 -13.83%，累計年增 -0.91%,-26.16
2026-10-02,3221,台嘉碩,TPEX,通信網路業,,20,56.0,55.45,0.49,2.72,16.55,76.8,45.13,-3.11,26.41,1.636,5.0,252,55.12,153.39,18.26,72.25,-19.42,194.74,14.76,47.0,11.7,-2.0,2026-09-24,10.12,1.0,1.02,26.04,61.55,-1.61,6.0,2026Q2,26.17,9.43,7.24,1,1.02,54.9,13.5,207.59,-73.3,0.46,,7.28,14.5,9.5,5.0,0.0,0,0,毛利率連 1 季升、月營收年增 29%、PE 55.5（一年 14% 分位）、距 52 週高點 -19%,2.7,39.94,51.773,8.16,63181.0,12825.0,3159.05,7491.2,4.06,2.37,30.0,強放量,-468.36,0.0,-468.36,-0.74,0.0,0,1,0,0,-1378.18,0.0,美林,738.0,,,,,0,港商野村,292.0,,1.17,-4.08,624,13,-0.78,1.54,已取得,0.0,1.54,0.0,0.0,0.0,0.0,0.0,6.4,1.54,2026-08,-9.68,28.65,15.03,,,,營收 2026-08，月增 -9.68%，年增 28.65%，累計年增 15.03%,融資增加；強放量；RSI過熱；千張大戶增持；營收 2026-08，月增 -9.68%，年增 28.65%，累計年增 15.03%,1.54
2026-10-02,6547,高端疫苗,TPEX,生技醫療業,,20,60.8,,0.0,5.62,-1.62,48.05,54.22,-15.79,7.61,2.729,-3.97,252,9.55,58.13,-27.32,-23.02,-15.79,81.49,11.45,33.99,1.68,0.0,2026-09-24,28.51,-0.23,-0.91,36.72,46.21,-0.37,-3.34,2026Q2,81.55,18.58,19.43,3,-0.51,,,,,0.07,,61.53,0.0,0.0,0.0,0.0,,0,近四季 EPS 未轉正或缺財報,3.0,9.26,61.8448,-1.69,88245.0,3098.0,4412.25,3033.8,0.7,0.69,-8.57,正常,-365.51,0.0,-365.51,-0.41,0.0,0,2,0,0,-1291.14,0.0,摩根大通,2484.0,,64.71,0,摩根大通,0,新加坡商瑞銀,1205.0,,6.7,-5.16,335,-780,-0.57,16.18,已取得,0.0,16.18,0.0,0.0,0.0,0.0,0.0,21.91,16.18,2026-08,399.01,416.86,39.45,,,,營收 2026-08，月增 399.01%，年增 416.86%，累計年增 39.45%,融資增加；毛利率連3升；營收 2026-08，月增 399.01%，年增 416.86%，累計年增 39.45%,16.18
2026-10-02,3260,威剛,TPEX,半導體業,,20,382.0,4.94,4.45,3.14,-3.29,29.17,23.24,-10.75,2.28,20.663,-0.47,251,2.69,120.81,-34.18,39.67,-27.24,191.6,-4.0,13.69,0.67,4.5,2026-09-24,28.41,-1.87,-1.84,34.24,56.4,1.17,-5.5,2026Q2,42.11,33.47,27.27,-1,81.15,4.71,1.6,16.76,-70.5,32.41,1070.0,23.89,22.0,12.5,16.5,-7.0,1,1,⚠ 循環高峰疑慮（獲利在多年高點、年增來自低基期，低 PE 可能反映市場預期獲利反轉）：單季 EPS 年增 1070%、毛利率連 1 季降、月營收年增 280%、PE 4.9（一年 2% 分位）、距 52 週高點 -27%,3.3,-9.57,399.3108,-4.34,103491.0,3794.0,5174.55,3302.4,0.73,0.64,-8.99,正常,-15630.68,785.23,-14845.45,-15.1,0.76,0,1,1,0,-1269.95,78.63,,,,,,,0,,,,0.0,-29.08,-932,-570,0.74,-7.58,未取得,0.0,-7.58,0.0,0.0,0.0,0.0,0.0,20.76,-7.58,2026-08,2.97,279.81,218.14,,,,營收 2026-08，月增 2.97%，年增 279.81%，累計年增 218.14%,投信買超；融資下降；千張大戶減持；營收 2026-08，月增 2.97%，年增 279.81%，累計年增 218.14%,-7.58
2026-10-02,3034,聯詠,TWSE,半導體業,IC設計,20,537.0,18.74,4.28,4.74,1.9,46.08,25.65,-5.29,3.47,16.496,1.14,252,36.29,28.32,-0.57,-52.83,-11.39,52.56,1.96,20.8,7.56,1.5,2026-09-24,60.15,-0.3,0.86,71.9,17.15,-0.21,-0.9,2026Q2,42.42,22.56,22.08,3,28.66,18.74,63.1,14.57,28.6,10.4,69.1,4.12,21.0,20.0,1.0,0.0,0,0,單季 EPS 年增 69%、毛利率連 3 季升、月營收年增 26%、PE 18.7（一年 63% 分位）、距 52 週高點 -11%,8.0,66.93,544.1704,-1.32,60626.78,2855.91,3031.34,3233.38,0.94,1.07,0.37,正常,10142.92,725.68,10868.6,16.73,1.2,0,1,2,0,-1178.73,211.02,台灣摩根士丹利,2517.0,,541.67,0,台灣摩根士丹利,0,富邦證券,1886.0,,13.43,43.99,-32,-67,0.02,49.44,已取得,58.68,108.12,22.5,4.98,14.0,3.2,14.0,5.43,49.44,2026-08,0.3,26.33,4.11,17.93,4.15,-0.86,外資與投信同買；前大買超分點約占成交 4.15%；收盤距區間均價 -1.32%；收盤距分點均價 -0.86%；連買：外0 / 投2；營收 2026-08，月增 0.3%，年增 26.33%，累計年增 4.11%,外資買超；投信買超；融資下降；毛利率連3升；千張大戶減持；營收 2026-08，月增 0.3%，年增 26.33%，累計年增 4.11%,49.44
2026-10-02,2363,矽統,TWSE,半導體業,,20,62.4,115.56,0.98,0.65,24.55,75.52,45.35,-1.73,25.55,5.561,10.0,252,32.2,11.63,-4.66,-69.51,-18.0,40.86,14.35,14.48,6.66,0.0,2026-09-24,31.47,0.51,0.62,35.58,56.49,-0.48,6.0,2026Q2,28.08,4.0,1.32,-1,0.53,117.74,99.6,34.71,232.9,0.03,-97.5,13.87,1.0,0.5,0.5,0.0,0,0,毛利率連 1 季降、月營收年增 81%、PE 115.6（一年 100% 分位）、距 52 週高點 -18%,0.3,46.66,57.3025,8.9,194083.11,15579.46,9704.16,8856.07,1.61,0.91,5.87,放量,-543.75,60.0,-483.75,-0.28,0.03,0,1,0,0,-1157.02,0.0,新加坡商瑞銀,2258.0,,54.74,0,新加坡商瑞銀,0,兆豐證券,1871.0,,-5.09,-2.68,441,97,-0.15,20.77,已取得,0.0,20.77,0.0,0.0,0.0,0.0,0.0,23.6,20.77,2026-08,26.64,81.06,92.6,,,,營收 2026-08，月增 26.64%，年增 81.06%，累計年增 92.6%,投信買超；融資增加；放量；接近區間高點；RSI過熱；千張大戶增持；營收 2026-08，月增 26.64%，年增 81.06%，累計年增 92.6%,20.77
2026-10-02,2312,金寶,TWSE,其他電子業,,20,30.85,25.92,1.94,1.91,-2.99,45.83,25.13,-8.46,2.83,2.324,-1.79,252,37.42,58.61,0.55,-22.53,-30.52,61.94,-3.07,10.63,3.81,0.0,2026-09-24,44.22,0.04,-0.06,48.63,44.39,-0.02,0.64,2026Q2,6.89,3.13,1.32,2,1.2,25.71,51.6,25.75,0.7,0.35,75.0,0.24,19.0,17.5,3.5,-2.0,0,1,單季 EPS 年增 75%、毛利率連 2 季升、月營收年增 22%、PE 25.9（一年 52% 分位）、距 52 週高點 -31%,3.9,-10.0,31.4204,-1.82,147903.96,5879.3,7395.2,4781.81,0.8,0.65,-8.11,正常,-5756.22,376.0,-5380.22,-3.89,0.25,0,2,0,0,-1149.0,0.0,摩根大通,3582.0,,,,,0,美林,2010.0,,2.23,-14.06,1981,-223,-1.12,-12.51,已取得,0.0,-12.51,0.0,0.0,0.0,0.0,0.0,2.67,-12.51,2026-08,-16.04,22.38,3.52,,,,營收 2026-08，月增 -16.04%，年增 22.38%，累計年增 3.52%,投信買超；融資增加；毛利率連2升；營收 2026-08，月增 -16.04%，年增 22.38%，累計年增 3.52%,-12.51
2026-10-02,6155,鈞寶,TWSE,電子零組件業,,20,72.5,40.28,1.1,3.91,34.76,81.56,56.67,-3.97,34.76,1.843,5.0,252,58.47,203.35,21.6,122.2,-29.61,227.31,23.92,39.19,12.44,-2.0,2026-09-24,48.63,-0.02,-0.15,53.89,40.4,-0.42,-0.61,2026Q2,27.09,10.19,26.7,3,1.81,40.06,15.1,90.6,-55.5,0.64,,1.71,17.0,10.5,6.5,0.0,0,0,毛利率連 3 季升、月營收年增 50%、PE 40.3（一年 15% 分位）、距 52 週高點 -30%,8.0,46.59,65.194,11.21,56547.83,16636.89,2827.39,8382.05,5.88,2.96,30.0,強放量,-178.21,-7.0,-185.21,-0.32,-0.01,0,1,0,1,-1134.05,-2.0,,,,,,,0,,,,0.0,-5.42,529,160,-0.58,8.76,未取得,0.0,8.76,0.0,0.0,0.0,0.0,0.0,14.76,8.76,2026-08,16.2,50.05,23.8,,,,營收 2026-08，月增 16.2%，年增 50.05%，累計年增 23.8%,融資增加；強放量；RSI過熱；毛利率連3升；營收 2026-08，月增 16.2%，年增 50.05%，累計年增 23.8%,8.76
2026-10-02,6274,台燿,TPEX,電子零組件業,,20,1620.0,82.28,0.46,20.08,20.45,69.57,47.5,-3.86,27.06,110.646,13.0,252,100.5,382.14,63.63,301.0,-15.62,464.46,14.83,72.86,17.2,-3.5,2026-09-24,53.4,-0.47,-0.18,63.49,27.21,-0.24,-4.3,2026Q2,29.72,23.48,16.37,2,19.74,82.07,75.4,51.61,59.4,8.04,240.7,10.91,16.0,19.0,-1.0,-2.0,0,1,單季 EPS 年增 241%、毛利率連 2 季升、月營收年增 132%、PE 82.3（一年 75% 分位）、距 52 週高點 -16%,5.4,26.69,1419.2963,14.14,155917.0,11778.0,7795.85,7576.4,1.51,0.97,5.68,放量,7704.93,-17223.87,-9518.95,4.94,-11.05,0,2,1,0,-1112.97,150.0,新加坡商瑞銀,1534.0,,,,,0,富邦證券,3726.0,,-0.01,-21.5,5599,23,-2.86,-3.95,已取得,0.0,-3.95,0.0,0.0,0.0,0.0,0.0,20.41,-3.95,2026-08,0.11,132.48,96.3,,,,營收 2026-08，月增 0.11%，年增 132.48%，累計年增 96.3%,外資買超；融資增加；放量；毛利率連2升；千張大戶減持；營收 2026-08，月增 0.11%，年增 132.48%，累計年增 96.3%,-3.95
2026-10-02,4923,力士,TPEX,半導體業,,20,66.6,,0.0,4.47,32.14,68.37,73.35,-4.86,33.47,0.911,10.0,252,87.87,105.87,51.0,24.73,-5.53,148.97,26.62,67.31,16.12,0.0,2026-09-24,20.33,-2.99,-2.99,37.61,42.14,-2.32,-5.5,2026Q2,28.13,5.25,5.04,3,-0.83,,,,,0.4,,24.52,0.0,0.0,0.0,0.0,,0,近四季 EPS 未轉正或缺財報,1.5,32.18,62.9657,5.77,28926.0,6519.0,1446.3,2794.4,4.51,1.93,30.0,強放量,-713.08,0.0,-713.08,-2.47,0.0,0,2,0,0,-1108.88,0.0,,,,,,,0,,,,0.0,-10.9,1062,51,-2.83,-4.94,未取得,0.0,-4.94,0.0,0.0,0.0,0.0,0.0,8.79,-4.94,2026-08,-9.99,28.78,30.04,,,,營收 2026-08，月增 -9.99%，年增 28.78%，累計年增 30.04%,融資增加；強放量；波動偏高；毛利率連3升；千張大戶減持；營收 2026-08，月增 -9.99%，年增 28.78%，累計年增 30.04%,-4.94
2026-10-02,2486,一詮,TWSE,光電業,,20,245.0,211.21,0.2,9.53,-5.59,53.0,31.87,-20.33,7.46,14.866,-6.35,252,32.08,186.55,-4.79,105.41,-22.96,256.62,3.35,38.93,6.63,-3.5,2026-09-24,29.11,-0.08,-4.52,35.91,52.37,0.59,-2.14,2026Q2,20.97,8.87,7.05,-1,1.19,205.88,10.6,484.5,-56.4,0.62,,5.12,9.5,6.5,5.0,-2.0,0,1,毛利率連 1 季降、月營收年增 46%、PE 211.2（一年 11% 分位）、距 52 週高點 -23%,0.3,-39.27,253.6779,-3.42,117205.94,3396.11,5860.3,3865.04,0.58,0.66,-10.49,量縮,-13823.69,-696.0,-14519.69,-11.79,-0.59,0,3,0,2,-1103.46,-48.0,,,,,,,0,,,,0.0,-42.4,231,-414,-0.26,-28.96,未取得,0.0,-28.96,0.0,0.0,0.0,0.0,0.0,13.7,-28.96,2026-08,5.07,46.07,30.02,,,,營收 2026-08，月增 5.07%，年增 46.07%，累計年增 30.02%,融資增加；營收 2026-08，月增 5.07%，年增 46.07%，累計年增 30.02%,-28.96
2026-10-02,2472,立隆電,TWSE,電子零組件業,,20,229.0,23.32,1.53,3.95,10.63,61.32,47.8,-2.76,11.71,5.725,10.38,252,54.73,162.61,17.86,81.47,-53.07,176.24,-5.17,21.65,7.62,0.0,2026-09-24,46.42,-2.09,-2.16,56.27,37.8,0.95,-5.5,2026Q2,31.55,21.72,10.69,1,9.81,23.34,70.2,16.95,37.6,2.38,93.5,0.37,19.0,16.0,5.0,-2.0,0,1,單季 EPS 年增 94%、毛利率連 1 季升、月營收年增 51%、PE 23.3（一年 70% 分位）、距 52 週高點 -53%,4.2,13.48,218.2497,4.93,52463.0,4791.77,2623.15,2892.3,1.83,1.1,11.56,放量,3440.99,-6063.8,-2622.81,6.56,-11.56,0,4,1,0,-1099.1,9.0,,,,,,,0,,,,0.0,-21.38,383,-1,-0.58,-9.0,未取得,0.0,-9.0,0.0,0.0,0.0,0.0,0.0,12.96,-9.0,2026-08,-1.3,51.19,24.38,,,,營收 2026-08，月增 -1.3%，年增 51.19%，累計年增 24.38%,外資買超；融資增加；放量；千張大戶減持；營收 2026-08，月增 -1.3%，年增 51.19%，累計年增 24.38%,-9.0
2026-10-02,2838,聯邦銀,TWSE,金融保險業,,20,20.4,13.08,5.2,1.06,-1.21,42.19,20.14,-6.85,0.0,0.486,-0.73,252,-2.39,10.57,-39.26,-70.57,-18.07,18.26,-2.07,0.88,0.16,6.5,2026-09-24,88.75,-0.05,0.09,90.5,6.73,-0.01,-0.13,2026Q1,,,,0,1.34,15.22,1.2,15.55,-15.9,0.35,16.7,,20.5,5.0,15.5,0.0,0,1,單季 EPS 年增 17%、月營收年增 4%、PE 13.1（一年 1% 分位）、距 52 週高點 -18%,1.5,-5.02,20.8976,-2.38,46545.16,1713.29,2327.26,2406.14,0.74,1.03,-2.62,正常,-1289.5,10.0,-1279.5,-2.77,0.02,0,6,0,0,-1093.0,0.0,美商高盛,3728.0,,20.95,0,美商高盛,0,新加坡商瑞銀,3068.0,,16.32,-17.69,781,-1,-1.34,-11.01,已取得,0.0,-11.01,0.0,0.0,0.0,0.0,0.0,8.02,-11.01,2026-08,48.78,3.88,15.77,,,,營收 2026-08，月增 48.78%，年增 3.88%，累計年增 15.77%,投信買超；融資增加；營收 2026-08，月增 48.78%，年增 3.88%，累計年增 15.77%,-11.01
2026-10-02,4906,正文,TWSE,通信網路業,網通設備,20,41.85,348.75,1.12,1.68,17.89,70.07,44.77,-4.01,20.09,2.596,13.0,252,4.1,69.43,-32.76,-11.71,-25.0,73.29,15.79,24.98,0.81,-2.0,2026-09-24,20.7,0.3,-0.37,27.5,60.75,-0.41,1.79,2026Q2,12.16,-3.21,-1.28,1,0.15,279.0,,,,-0.1,,-3.59,0.0,0.0,0.0,0.0,,0,最新單季虧損,-0.3,34.26,38.976,7.37,133203.21,13521.12,6660.16,11723.67,2.03,1.76,27.53,強放量,2682.83,0.0,2682.83,2.01,0.0,0,2,0,0,-1057.76,0.0,美商高盛,1926.0,,37.88,0,美商高盛,0,凱基-台北,1525.0,,1.16,1.64,5122,92,-3.03,7.19,已取得,10.76,17.95,3.02,1.74,0.0,0.0,6.0,8.58,7.19,2026-08,6.59,56.09,-14.39,2.01,1.45,10.48,外資主導買超；前大買超分點約占成交 1.45%；收盤距區間均價 7.37%；收盤距分點均價 10.48%；營收 2026-08，月增 6.59%，年增 56.09%，累計年增 -14.39%,外資買超；融資增加；強放量；千張大戶增持；營收 2026-08，月增 6.59%，年增 56.09%，累計年增 -14.39%,7.19
2026-10-02,2897,王道銀行,TWSE,金融保險業,,20,10.7,13.38,4.86,0.72,-1.83,46.67,18.14,-5.73,0.47,0.643,-1.1,252,5.42,18.36,-31.45,-62.78,-5.73,19.82,1.61,8.53,0.94,5.0,2026-09-24,82.56,0.02,0.58,86.62,8.56,0.02,1.66,2026Q1,,,,0,0.7,15.29,40.1,13.81,-3.1,0.28,47.4,,11.5,7.0,4.5,0.0,0,0,單季 EPS 年增 47%、月營收年增 8%、PE 13.4（一年 40% 分位）、距 52 週高點 -6%,1.5,19.88,10.9974,-2.7,116933.05,2489.92,5846.65,4577.73,0.43,0.78,-10.36,量縮,8005.71,-1252.0,6753.71,6.85,-1.07,0,9,0,0,-1005.28,0.0,新加坡商瑞銀,7369.0,,11.08,0,新加坡商瑞銀,0,華南永昌-中正,3889.0,,9.9,11.64,-20,-3,0.02,17.06,已取得,28.23,45.29,8.66,7.56,6.0,0.0,6.0,5.4,17.06,2026-08,-0.34,7.89,25.14,5.78,6.3,-3.43,外資主導買超；前大買超分點約占成交 6.3%；收盤距區間均價 -2.7%；收盤距分點均價 -3.43%；營收 2026-08，月增 -0.34%，年增 7.89%，累計年增 25.14%,外資買超；融資下降；營收 2026-08，月增 -0.34%，年增 7.89%，累計年增 25.14%,17.06
2026-10-02,2208,台船,TWSE,航運業,,20,18.85,38.47,0.0,3.16,0.0,53.06,16.88,-4.31,0.8,0.389,0.0,252,-7.82,-17.86,-44.69,-99.01,-30.83,10.23,-2.64,-6.51,-11.38,0.0,2026-09-24,50.09,0.36,-0.04,55.34,35.58,-0.34,3.26,2026Q2,-11.71,-15.12,5.43,-2,0.49,38.47,,,,0.21,,2.0,3.5,5.0,0.5,-2.0,0,1,毛利率連 2 季降、月營收年增 56%、PE 38.5、距 52 週高點 -31%,-0.9,-16.53,19.0835,-1.22,40767.88,1969.95,2038.39,2300.56,0.97,1.13,1.65,正常,-1453.58,0.0,-1453.58,-3.57,0.0,0,5,0,0,-996.83,0.0,,,,,,,0,,,,0.0,-19.98,0,0,0.0,-8.33,未取得,0.0,-8.33,0.0,0.0,0.0,0.0,0.0,11.65,-8.33,2026-08,41.0,55.64,-19.76,,,,營收 2026-08，月增 41.0%，年增 55.64%，累計年增 -19.76%,年線之下；毛利率連2降；千張大戶增持；營收 2026-08，月增 41.0%，年增 55.64%，累計年增 -19.76%,-8.33
2026-10-02,2646,星宇航空,TWSE,航運業,,20,20.1,,0.0,1.97,-2.9,43.75,11.9,-8.22,0.5,0.799,-1.74,252,-4.29,-18.29,-41.15,-99.44,-21.02,2.03,-3.67,-8.27,-7.03,0.0,2026-09-24,63.6,0.0,-0.37,65.29,30.27,0.0,-1.11,2026Q2,3.81,-5.68,,-1,-0.33,,28.0,236.11,-4.0,-0.41,-4200.0,-8.81,0.0,0.0,0.0,0.0,,0,近四季 EPS 未轉正或缺財報,-3.2,-45.86,20.3516,-1.24,78507.6,2950.63,3925.38,2658.82,0.75,0.68,-8.14,正常,-13394.64,-1.0,-13395.64,-17.06,-0.0,0,5,0,0,-974.05,0.0,,,,,,,0,,,,0.0,-42.0,416,-7,-0.43,-28.71,未取得,0.0,-28.71,0.0,0.0,0.0,0.0,0.0,13.72,-28.71,2026-08,-2.62,47.79,33.98,,,,營收 2026-08，月增 -2.62%，年增 47.79%，累計年增 33.98%,融資增加；年線之下；營收 2026-08，月增 -2.62%，年增 47.79%，累計年增 33.98%,-28.71
2026-10-02,6175,立敦,TPEX,電子零組件業,,20,76.7,24.5,3.91,2.72,10.68,69.13,38.24,-0.52,13.8,0.739,15.41,252,45.27,93.2,8.4,12.06,-37.64,105.63,-1.44,17.41,5.54,1.5,2026-09-24,57.95,0.55,1.87,61.44,34.3,-0.13,6.0,2026Q2,21.38,14.24,10.15,-7,3.15,24.35,70.2,20.52,19.4,0.96,92.0,-3.3,8.5,6.0,4.5,-2.0,0,0,單季 EPS 年增 92%、毛利率連 7 季降、月營收年增 69%、PE 24.5（一年 70% 分位）、距 52 週高點 -38%,-0.5,37.06,73.2654,4.69,20163.0,4673.0,1008.15,2240.2,4.64,2.22,30.0,強放量,-1175.32,0.0,-1175.32,-5.83,0.0,0,2,0,0,-951.99,0.0,美商高盛,701.0,,,,,0,美林,307.0,,3.41,-20.32,133,3,-0.52,-5.89,已取得,0.0,-5.89,0.0,0.0,0.0,0.0,0.0,14.95,-5.89,2026-08,2.01,68.94,24.45,,,,營收 2026-08，月增 2.01%，年增 68.94%，累計年增 24.45%,融資增加；強放量；接近區間高點；毛利率連7降；千張大戶增持；營收 2026-08，月增 2.01%，年增 68.94%，累計年增 24.45%,-5.89
2026-10-02,3455,由田,TPEX,光電業,,20,280.0,78.43,1.25,6.98,17.15,74.06,51.73,-5.08,26.13,6.742,13.0,252,44.7,200.75,7.83,119.61,-13.18,239.81,24.1,64.26,9.41,-3.5,2026-09-24,11.28,0.0,-3.8,31.73,51.92,0.26,-1.5,2026Q2,57.87,0.58,6.35,2,3.56,78.65,67.9,48.88,60.5,0.37,,-4.5,2.0,5.0,-3.0,0.0,0,0,毛利率連 2 季升、月營收年增 22%、PE 78.4（一年 68% 分位）、距 52 週高點 -13%,3.9,39.74,257.6355,8.68,52335.0,6416.0,2616.75,4978.4,2.45,1.9,30.0,強放量,-834.2,495.0,-339.2,-1.59,0.95,0,1,1,0,-930.41,495.0,,,,,,,0,,,,0.0,-0.84,808,104,-1.12,3.43,未取得,0.0,3.43,0.0,0.0,0.0,0.0,0.0,5.39,3.43,2026-08,37.95,22.43,-20.02,,,,營收 2026-08，月增 37.95%，年增 22.43%，累計年增 -20.02%,投信買超；融資增加；強放量；毛利率連2升；營收 2026-08，月增 37.95%，年增 22.43%，累計年增 -20.02%,3.43
2026-10-02,1597,直得,TWSE,電機機械,,20,148.0,72.55,0.47,5.23,2.42,50.0,69.27,-9.76,12.55,3.826,-1.55,252,49.34,87.82,12.48,6.67,-33.03,119.26,7.49,32.4,6.43,-2.0,2026-09-24,36.92,-0.19,-2.24,49.43,40.69,0.35,-3.02,2026Q2,42.21,18.1,17.8,2,2.04,72.55,11.1,99.25,-26.9,0.87,8600.0,6.41,21.5,17.0,6.5,-2.0,0,0,單季 EPS 年增 8600%、毛利率連 2 季升、月營收年增 45%、PE 72.5（一年 11% 分位）、距 52 週高點 -33%,5.4,11.18,148.2369,-0.16,51614.43,3289.27,2580.72,2910.5,1.27,1.13,5.34,正常,-1633.36,0.0,-1633.36,-3.16,0.0,0,1,0,0,-874.53,0.0,台新-松江,328.0,,,,,0,美林,441.0,,0.34,-10.86,585,2,-0.91,3.25,已取得,0.0,3.25,0.0,0.0,0.0,0.0,0.0,15.02,3.25,2026-08,-2.56,45.23,44.89,,,,營收 2026-08，月增 -2.56%，年增 45.23%，累計年增 44.89%,融資增加；波動偏高；毛利率連2升；營收 2026-08，月增 -2.56%，年增 45.23%，累計年增 44.89%,3.25
2026-10-02,6488,環球晶,TPEX,半導體業,,20,1190.0,57.77,0.65,5.88,28.37,81.38,62.65,0.0,36.47,107.499,10.0,252,142.61,142.86,105.74,61.71,-25.62,257.36,16.73,74.92,17.2,-2.0,2026-09-24,71.08,1.94,0.62,76.91,15.59,-0.38,6.0,2026Q2,20.64,9.35,24.84,-2,20.6,57.77,86.5,40.28,43.4,7.9,125.1,-5.88,1.5,3.0,0.5,-2.0,0,0,單季 EPS 年增 125%、毛利率連 2 季降、月營收年增 8%、PE 57.8（一年 86% 分位）、距 52 週高點 -26%,2.1,20.03,981.9591,21.19,218947.0,15514.0,10947.35,14979.8,1.42,1.37,10.9,放量,-13191.8,-1012.7,-14204.5,-6.03,-0.46,0,2,2,0,-862.87,105.84,摩根大通,3782.0,,,,,0,元大證券,4489.0,,1.05,-17.4,5017,572,-1.68,-18.72,已取得,0.0,-18.72,0.0,0.0,0.0,0.0,0.0,0.36,-18.72,2026-08,-4.29,7.61,-3.11,,,,營收 2026-08，月增 -4.29%，年增 7.61%，累計年增 -3.11%,融資增加；放量；接近區間高點；RSI過熱；毛利率連2降；千張大戶增持；營收 2026-08，月增 -4.29%，年增 7.61%，累計年增 -3.11%,-18.72
2026-10-02,8182,加高,TPEX,電子零組件業,,20,46.4,44.19,0.54,1.38,22.11,86.11,37.76,-4.62,27.12,0.477,5.0,252,56.23,80.19,19.36,-0.95,-23.56,86.35,14.3,34.75,11.95,0.0,2026-09-24,63.78,0.0,0.0,67.15,28.71,0.1,0.0,2026Q2,11.05,-0.8,2.48,-2,1.05,44.19,59.9,38.51,14.7,0.18,,-1.09,0.5,0.0,0.5,0.0,0,0,毛利率連 2 季降、月營收年增 14%、PE 44.2（一年 60% 分位）、距 52 週高點 -24%,-0.9,42.12,43.1165,7.62,22103.0,7055.0,1105.15,2777.2,6.38,2.51,30.0,強放量,925.94,0.0,925.94,4.19,0.0,0,1,0,0,-826.09,0.0,,,,,,,0,,,,0.0,9.73,533,20,-1.87,11.07,未取得,0.0,11.07,0.0,0.0,0.0,0.0,0.0,3.21,11.07,2026-08,0.21,13.68,4.5,,,,營收 2026-08，月增 0.21%，年增 13.68%，累計年增 4.5%,外資買超；融資增加；強放量；RSI過熱；毛利率連2降；營收 2026-08，月增 0.21%，年增 13.68%，累計年增 4.5%,11.07
2026-10-02,2515,中工,TWSE,建材營造業,,20,11.9,24.79,4.2,0.82,-0.42,45.83,17.62,-4.8,1.71,0.563,-0.25,252,-9.51,12.26,-46.37,-68.88,-36.19,14.42,-1.94,-10.98,-11.55,3.5,2026-09-24,53.13,-0.43,-0.16,60.73,28.21,0.06,-3.92,2026Q2,7.85,3.83,2.71,-2,0.47,25.32,13.9,31.22,-20.6,0.09,-10.0,-0.81,6.0,-4.0,12.0,-2.0,0,0,毛利率連 2 季降、月營收年增 29%、PE 24.8（一年 14% 分位）、距 52 週高點 -36%,-0.9,-25.52,12.0045,-0.87,93851.34,2431.18,4692.57,2726.45,0.52,0.58,-12.0,量縮,-3735.39,-368.83,-4104.22,-3.98,-0.39,0,2,0,0,-815.84,0.0,,,,,,,0,,,,0.0,-16.44,993,-32,-0.86,-6.4,未取得,0.0,-6.4,0.0,0.0,0.0,0.0,0.0,10.9,-6.4,2026-08,13.27,28.84,25.74,,,,營收 2026-08，月增 13.27%，年增 28.84%，累計年增 25.74%,融資增加；年線之下；毛利率連2降；千張大戶減持；營收 2026-08，月增 13.27%，年增 28.84%，累計年增 25.74%,-6.4
2026-10-02,3234,光環,TPEX,通信網路業,,20,181.5,,0.0,29.09,-6.68,41.82,65.2,-15.19,12.04,5.858,-10.01,252,59.21,436.19,22.34,355.05,-17.5,485.48,22.5,92.68,12.6,-1.5,2026-09-24,26.11,-1.34,0.25,35.21,52.87,-0.23,-3.25,2026Q2,19.87,-8.7,-8.88,3,-1.41,,,,,-0.16,,22.72,0.0,0.0,0.0,0.0,,0,近四季 EPS 未轉正或缺財報,-1.5,-11.9,186.8417,-2.86,62708.0,4245.0,3135.4,2671.6,1.35,0.85,1.88,正常,-3551.58,0.0,-3551.58,-5.66,0.0,0,5,0,0,-805.71,0.0,,,,,,,0,,,,0.0,-25.86,0,0,0.0,-9.18,未取得,0.0,-9.18,0.0,0.0,0.0,0.0,0.0,16.68,-9.18,2026-08,13.12,110.13,26.94,,,,營收 2026-08，月增 13.12%，年增 110.13%，累計年增 26.94%,波動偏高；毛利率連3升；千張大戶減持；營收 2026-08，月增 13.12%，年增 110.13%，累計年增 26.94%,-9.18
2026-10-02,2633,台灣高鐵,TWSE,航運業,,20,25.75,21.11,4.47,2.07,-1.72,41.38,7.33,-2.09,1.18,1.143,-1.03,252,-4.45,-7.37,-41.32,-88.52,-11.82,3.83,-0.91,-3.47,-7.04,1.5,2026-09-24,85.14,-0.1,0.01,86.89,10.46,0.07,-0.77,2026Q2,41.39,37.11,,-1,1.22,21.11,7.9,22.61,-6.6,0.3,3.4,-0.98,5.5,-1.5,9.0,-2.0,0,0,單季 EPS 年增 3%、毛利率連 1 季降、月營收年減 2%、PE 21.1（一年 8% 分位）、距 52 週高點 -12%,0.3,-22.81,25.8276,-0.3,88490.08,3723.88,4424.5,3952.63,0.84,0.89,-3.61,正常,-38689.65,9265.1,-29424.54,-43.72,10.47,0,1,0,2,-805.0,-1779.0,永豐金證券,17803.0,,,,,0,新加坡商瑞銀,13314.0,,16.48,-14.0,539,-9,-0.49,-13.97,已取得,0.0,-13.97,0.0,0.0,0.0,0.0,0.0,0.52,-13.97,2026-08,2.25,-1.57,3.32,,,,營收 2026-08，月增 2.25%，年增 -1.57%，累計年增 3.32%,投信買超；融資增加；年線之下；營收 2026-08，月增 2.25%，年增 -1.57%，累計年增 3.32%,-13.97
2026-10-02,6949,沛爾生醫*-創,TWSE,生技醫療業,,18,44.5,,0.0,22.7,-33.68,25.26,89.02,-45.67,0.0,5.915,-10.5,245,-92.19,-89.43,-129.06,-170.57,-97.01,0.0,-93.73,-92.33,-12.0,-1.5,2026-09-24,89.33,-0.09,28.55,92.88,3.73,0.22,0.78,2026Q2,-20.09,-1221.13,-993.3,-2,-7.14,,,,,-1.36,,193.13,0.0,0.0,0.0,0.0,,0,近四季 EPS 未轉正或缺財報,-7.4,-16.89,57.8114,-23.03,184159.43,14023.53,10231.08,4976.55,1.37,0.49,-3.55,正常,-12358.45,209.0,-12149.45,-6.71,0.11,0,2,0,0,-774.31,0.0,,,,,,,0,,,,0.0,0.0,1798,247,-0.78,15.51,未取得,0.0,15.51,0.0,0.0,0.0,0.0,0.0,16.29,15.51,2026-08,157.78,164.71,4.3,,,,營收 2026-08，月增 157.78%，年增 164.71%，累計年增 4.3%,投信買超；融資增加；年線之下；波動偏高；毛利率連2降；營收 2026-08，月增 157.78%，年增 164.71%，累計年增 4.3%,15.51
2026-10-02,8422,可寧衛*,TWSE,綠能環保,,20,25.5,26.56,4.71,3.37,-2.49,37.5,18.62,-5.03,0.2,1.035,-1.49,245,-12.37,-87.31,-49.24,-168.46,-90.04,23.79,-2.88,-49.24,-11.84,1.5,2026-09-24,34.14,-0.32,-0.49,38.0,53.93,0.17,-4.03,2026Q2,31.74,24.37,20.24,-2,-6.16,,77.1,23.8,11.6,0.34,-91.6,-23.97,0.0,0.0,0.0,0.0,,0,近四季 EPS 未轉正或缺財報,-1.4,-29.01,26.0332,-2.05,79479.1,2992.28,3973.96,2898.78,0.75,0.73,-7.29,正常,-4742.2,-1822.0,-6564.2,-5.97,-2.29,0,2,0,0,-764.0,0.0,,,,,,,0,,,,0.0,-28.27,-752,-21,0.94,-8.11,未取得,0.0,-8.11,0.0,0.0,0.0,0.0,0.0,19.22,-8.11,2026-08,22.35,105.85,35.88,,,,營收 2026-08，月增 22.35%，年增 105.85%，累計年增 35.88%,融資下降；年線之下；毛利率連2降；千張大戶減持；營收 2026-08，月增 22.35%，年增 105.85%，累計年增 35.88%,-8.11
2026-10-02,9945,潤泰新,TWSE,其他業,,20,29.1,5.09,3.78,0.51,3.01,63.92,23.15,-4.28,5.43,1.581,5.81,252,13.67,0.34,-23.2,-80.8,-6.13,27.07,4.75,5.29,2.58,6.5,2026-09-24,62.1,0.01,0.03,66.36,24.76,-0.08,0.67,2026Q2,27.1,21.64,53.77,2,5.91,4.92,8.7,7.54,-32.5,2.71,464.6,3.18,31.5,17.0,14.5,0.0,0,0,單季 EPS 年增 465%、毛利率連 2 季升、月營收年增 38%、PE 5.1（一年 9% 分位）、距 52 週高點 -6%,6.9,86.62,28.8588,0.84,109547.73,3575.45,5477.39,6398.07,0.65,1.17,-1.48,正常,9932.89,3584.0,13516.89,9.07,3.27,0,2,3,0,-764.0,713.0,美商高盛,5513.0,,28.67,0,美商高盛,0,永豐金-敦南,3688.0,,14.36,45.68,-6969,-2,6.36,64.9,已取得,57.35,122.25,18.51,6.04,14.0,4.8,14.0,12.86,64.9,2026-08,4.29,37.99,34.41,12.34,5.03,1.5,外資與投信同買；前大買超分點約占成交 5.03%；收盤距區間均價 0.84%；收盤距分點均價 1.5%；連買：外0 / 投3；營收 2026-08，月增 4.29%，年增 37.99%，累計年增 34.41%,外資買超；投信買超；融資下降；毛利率連2升；營收 2026-08，月增 4.29%，年增 37.99%，累計年增 34.41%,64.9
2026-10-02,6426,統新,TWSE,通信網路業,,20,361.5,91.29,0.14,13.94,36.16,58.11,91.67,-12.26,45.18,13.318,10.0,252,83.5,400.69,46.63,319.55,-12.26,461.34,47.03,110.0,15.6,-3.5,2026-09-24,38.38,-0.41,-0.04,53.73,30.8,-0.24,-3.4,2026Q2,56.2,36.14,41.19,2,3.96,91.29,27.7,346.15,-73.6,2.22,,54.68,11.0,11.0,0.0,0.0,0,1,毛利率連 2 季升、月營收年增 78%、PE 91.3（一年 28% 分位）、距 52 週高點 -12%,6.9,39.32,332.3322,8.78,80145.76,4936.58,4007.29,3573.27,1.23,0.89,4.05,正常,1429.72,-61.99,1367.74,1.78,-0.08,0,4,0,0,-747.65,0.0,,,,,,,0,,,,0.0,-7.26,755,92,-0.68,11.7,未取得,0.0,11.7,0.0,0.0,0.0,0.0,0.0,19.64,11.7,2026-08,-6.33,78.21,68.31,,,,營收 2026-08，月增 -6.33%，年增 78.21%，累計年增 68.31%,外資買超；融資增加；波動偏高；毛利率連2升；千張大戶減持；營收 2026-08，月增 -6.33%，年增 78.21%，累計年增 68.31%,11.7
2026-10-02,2915,潤泰全,TWSE,貿易百貨業,,20,57.5,4.13,3.3,0.37,1.23,53.95,21.0,-4.8,2.68,0.913,0.74,252,22.6,12.09,-14.27,-69.06,-8.0,35.29,3.35,10.82,4.55,6.5,2026-09-24,64.05,0.02,-0.18,69.85,21.14,-0.18,0.12,2026Q2,49.29,13.32,1170.65,1,14.23,4.04,4.8,6.0,-31.2,6.37,640.7,8.56,20.0,5.5,14.5,0.0,0,0,單季 EPS 年增 641%、毛利率連 1 季升、月營收年減 16%、PE 4.1（一年 5% 分位）、距 52 週高點 -8%,5.7,37.53,58.0734,-0.99,31456.99,1576.85,1572.85,1423.36,1.0,0.9,-1.49,正常,2838.04,-526.0,2312.04,9.02,-1.67,0,1,0,0,-727.0,0.0,美商高盛,1924.0,,,,,0,中國信託-忠孝,621.0,,6.35,23.74,-515,-2,1.64,20.66,已取得,30.36,51.02,11.02,7.34,6.0,0.0,6.0,-4.72,20.66,2026-08,13.1,-15.65,-21.69,7.35,6.12,,外資主導買超；前大買超分點約占成交 6.12%；收盤距區間均價 -0.99%；營收 2026-08，月增 13.1%，年增 -15.65%，累計年增 -21.69%,外資買超；融資下降；營收 2026-08，月增 13.1%，年增 -15.65%，累計年增 -21.69%,20.66
2026-10-02,6205,詮欣,TWSE,電子零組件業,,20,73.7,32.32,2.04,2.27,12.69,67.43,62.76,-6.11,22.83,1.108,11.61,252,29.75,76.11,-7.11,-5.04,-29.47,100.27,15.58,22.57,6.12,0.0,2026-09-24,39.45,0.0,-1.3,46.51,43.03,-1.52,-1.5,2026Q2,36.0,9.28,16.86,-2,2.28,32.32,68.7,28.26,14.4,0.78,333.3,-5.47,3.5,5.0,0.5,-2.0,0,0,單季 EPS 年增 333%、毛利率連 2 季降、月營收年增 25%、PE 32.3（一年 69% 分位）、距 52 週高點 -29%,0.6,11.76,72.0944,2.23,30732.78,3399.98,1536.64,3966.0,2.21,2.58,30.0,強放量,-2183.2,0.02,-2183.18,-7.1,0.0,0,1,0,0,-702.05,0.0,,,,,,,0,,,,0.0,-21.89,421,20,-1.06,-20.07,未取得,0.0,-20.07,0.0,0.0,0.0,0.0,0.0,2.88,-20.07,2026-08,-8.51,24.99,-3.72,,,,營收 2026-08，月增 -8.51%，年增 24.99%，累計年增 -3.72%,投信買超；融資增加；強放量；毛利率連2降；營收 2026-08，月增 -8.51%，年增 24.99%，累計年增 -3.72%,-20.07
2026-10-02,4174,浩鼎,TPEX,生技醫療業,,20,42.0,,0.0,3.72,70.73,85.94,75.64,-7.89,72.84,0.45,2.0,247,10.53,61.85,-26.34,-19.29,-23.91,83.81,51.01,38.25,1.89,0.0,2026-09-24,36.42,1.95,2.75,42.46,48.71,-0.67,6.0,2026Q2,-90.81,-1380.67,-1292.87,1,-16.03,,,,,-1.5,,3977.58,0.0,0.0,0.0,0.0,,0,近四季 EPS 未轉正或缺財報,-3.8,2.2,33.4685,25.49,26908.0,5893.0,1345.4,2605.8,4.38,1.94,30.0,強放量,-386.54,0.0,-386.54,-1.44,0.0,0,2,0,0,-697.59,0.0,,,,,,,0,,,,0.0,-8.02,328,46,-0.87,-18.89,未取得,0.0,-18.89,0.0,0.0,0.0,0.0,0.0,-10,-18.89,2026-08,-79.98,-23.43,-20.52,,,,營收 2026-08，月增 -79.98%，年增 -23.43%，累計年增 -20.52%,融資增加；強放量；RSI過熱；波動偏高；千張大戶增持；營收 2026-08，月增 -79.98%，年增 -23.43%，累計年增 -20.52%,-18.89
2026-10-02,2903,遠百,TWSE,貿易百貨業,,20,21.8,14.63,5.73,1.02,-2.24,35.42,12.11,-3.54,0.23,0.255,-1.34,252,-4.39,-2.02,-41.25,-83.17,-11.02,3.07,-1.77,-3.22,-7.04,6.5,2026-09-24,76.73,-0.05,0.01,79.97,14.86,-0.05,-0.37,2026Q2,60.47,13.09,3.0,2,1.49,14.63,63.9,14.31,2.2,0.16,-42.9,0.84,-4.0,-3.5,5.5,-6.0,0,0,⚠ 便宜但基本面轉弱：毛利率連 2 季升、月營收年減 1%、PE 14.6（一年 64% 分位）、距 52 週高點 -11%,3.9,-35.96,22.141,-1.54,22994.65,1847.03,1149.73,1505.82,1.61,1.31,12.23,放量,-5735.43,276.5,-5458.93,-24.94,1.2,0,7,0,2,-695.0,-797.0,,,,,,,0,,,,0.0,-43.99,152,0,-0.53,-43.73,未取得,0.0,-43.73,0.0,0.0,0.0,0.0,0.0,0.79,-43.73,2026-08,8.17,-0.64,-0.5,,,,營收 2026-08，月增 8.17%，年增 -0.64%，累計年增 -0.5%,投信買超；融資增加；放量；年線之下；毛利率連2升；營收 2026-08，月增 8.17%，年增 -0.64%，累計年增 -0.5%,-43.73
2026-10-02,2254,巨鎧精密-創,TWSE,汽車工業,,20,94.3,,0.0,6.22,52.1,100.0,31.19,-0.74,53.58,1.384,10.0,246,34.52,55.87,-2.35,-25.28,-0.74,69.3,43.83,48.25,13.17,-1.5,2026-09-24,87.07,-2.26,-0.83,93.34,3.77,0.24,-5.5,2026Q2,-57.72,-198.94,-212.19,1,-3.14,,,,,-1.08,-2260.0,-215.26,0.0,0.0,0.0,0.0,,0,近四季 EPS 未轉正或缺財報,-3.8,11.5,77.7736,21.25,35601.51,2135.26,1780.08,2066.8,1.2,1.16,4.97,正常,1237.47,0.0,1237.47,3.48,0.0,0,1,0,0,-683.1,0.0,美商高盛,751.0,,80.49,0,美商高盛,0,統一,1469.0,,-5.53,3.73,-164,30,0.51,-3.35,已取得,2.75,-0.6,5.21,2.53,-11.0,0.0,6.0,-7.59,-3.35,2026-08,21.71,-92.06,-82.51,3.48,2.11,17.16,外資主導買超；前大買超分點約占成交 2.11%；收盤距區間均價 21.25%；收盤距分點均價 17.16%；營收 2026-08，月增 21.71%，年增 -92.06%，累計年增 -82.51%,外資買超；融資下降；接近區間高點；逼近52週高點；RSI過熱；千張大戶減持；營收 2026-08，月增 21.71%，年增 -92.06%，累計年增 -82.51%,-3.35
2026-10-02,3551,世禾,TPEX,綠能環保,,20,199.5,21.25,2.41,2.46,13.35,71.15,39.09,-1.72,18.75,1.313,17.01,252,9.32,16.67,-27.55,-64.48,-14.93,35.25,9.73,6.98,1.63,0.0,2026-09-24,34.23,0.0,0.0,50.12,42.52,1.21,0.0,2026Q2,39.45,22.8,21.1,3,9.71,20.55,31.3,23.22,-8.5,2.94,53.1,5.74,21.0,20.0,3.0,-2.0,0,1,單季 EPS 年增 53%、毛利率連 3 季升、月營收年增 22%、PE 21.2（一年 31% 分位）、距 52 週高點 -15%,8.0,27.32,187.3786,6.47,14012.0,2953.0,700.6,1255.2,4.21,1.79,30.0,強放量,-955.17,0.0,-955.17,-6.82,0.0,0,1,0,0,-677.0,0.0,統一,55.0,,,,,0,美商高盛,197.0,,-0.23,-21.09,84,2,-0.47,-14.32,已取得,0.0,-14.32,0.0,0.0,0.0,0.0,0.0,7.24,-14.32,2026-08,0.02,21.97,20.5,,,,營收 2026-08，月增 0.02%，年增 21.97%，累計年增 20.5%,融資增加；強放量；接近區間高點；毛利率連3升；營收 2026-08，月增 0.02%，年增 21.97%，累計年增 20.5%,-14.32
2026-10-02,4551,智伸科,TWSE,汽車工業,,20,186.0,19.52,2.26,2.32,15.53,73.68,61.98,-1.06,22.37,2.229,18.0,252,36.76,26.53,-0.1,-54.61,-36.19,69.09,8.56,26.31,3.66,0.0,2026-09-24,70.03,-0.81,-0.84,79.69,12.56,-0.47,-5.5,2026Q2,24.58,13.53,10.48,3,9.52,19.54,44.4,20.42,-4.4,2.07,,-2.9,7.5,6.0,3.5,-2.0,0,0,毛利率連 3 季升、月營收年增 34%、PE 19.5（一年 44% 分位）、距 52 週高點 -36%,6.5,-0.31,170.4274,9.14,26158.58,3377.45,1307.93,2807.6,2.58,2.15,30.0,強放量,-3221.9,-188.0,-3409.9,-12.32,-0.72,0,3,0,1,-666.44,-2.0,第一金,615.0,,,,,0,凱基-台北,719.0,,1.45,-40.73,2202,42,-6.3,-37.97,已取得,0.0,-37.97,0.0,0.0,0.0,0.0,0.0,9.06,-37.97,2026-08,-2.81,33.5,21.06,,,,營收 2026-08，月增 -2.81%，年增 33.5%，累計年增 21.06%,融資增加；強放量；接近區間高點；毛利率連3升；千張大戶減持；營收 2026-08，月增 -2.81%，年增 33.5%，累計年增 21.06%,-37.97
2026-10-02,6550,北極星藥業-KY,TWSE,生技醫療業,,14,16.75,,0.0,3.3,62.62,,335.75,-8.72,69.53,0.163,6.0,246,-12.53,-54.42,-49.4,-135.56,-56.49,69.53,41.01,-25.12,-11.85,0.0,2026-09-24,100.0,26.93,26.6,100.0,0.0,-17.48,6.0,2026Q1,-123.91,-1499.97,-1493.04,1,-4.88,,,,,-0.64,,6646.54,0.0,0.0,0.0,0.0,,0,近四季 EPS 未轉正或缺財報,-3.8,12.06,11.9342,40.35,19090.66,1215.63,1363.62,1187.71,0.89,0.87,-3.37,正常,-5246.34,0.0,-5246.34,-27.48,0.0,0,1,0,0,-661.26,0.0,,,,,,,0,,,,0.0,0.0,0,0,0.0,17.4,未取得,0.0,17.4,0.0,0.0,0.0,0.0,0.0,17.4,17.4,2026-08,-225.9,202.56,109.45,,,,營收 2026-08，月增 -225.9%，年增 202.56%，累計年增 109.45%,年線之下；波動偏高；千張大戶增持；營收 2026-08，月增 -225.9%，年增 202.56%，累計年增 109.45%,17.4
2026-10-02,1909,榮成,TWSE,造紙工業,,20,10.1,43.91,0.0,0.63,-9.42,31.03,17.71,-11.79,1.0,0.213,-5.65,251,3.7,1.51,-33.17,-79.64,-12.55,14.77,-3.29,1.57,0.77,0.0,2026-09-24,63.71,-0.08,-0.57,68.14,23.49,0.06,-2.14,2026Q2,11.3,1.6,2.0,1,0.23,43.91,,,,0.21,,3.05,6.0,9.5,-1.5,-2.0,0,0,毛利率連 1 季升、月營收年增 23%、PE 43.9、距 52 週高點 -13%,2.7,-34.37,10.4626,-3.47,40708.17,1620.4,2035.41,1445.84,0.8,0.71,-7.08,正常,-7594.92,0.0,-7594.92,-18.66,0.0,0,2,0,0,-644.38,0.0,,,,,,,0,,,,0.0,-36.0,-885,-28,2.15,-26.51,未取得,0.0,-26.51,0.0,0.0,0.0,0.0,0.0,7.34,-26.51,2026-08,6.29,23.17,15.08,,,,營收 2026-08，月增 6.29%，年增 23.17%，累計年增 15.08%,融資下降；營收 2026-08，月增 6.29%，年增 23.17%，累計年增 15.08%,-26.51
2026-10-02,8027,鈦昇,TPEX,電機機械,,20,213.5,711.67,0.0,7.92,20.62,70.47,68.97,-5.11,32.61,6.165,10.0,252,40.0,150.0,3.13,68.86,-28.11,156.61,14.01,38.53,8.38,-3.5,2026-09-24,16.73,2.01,0.34,26.77,61.31,-0.08,5.52,2026Q2,29.73,-3.06,-4.08,-3,0.32,667.19,,,,-0.24,,8.79,0.0,0.0,0.0,0.0,,0,最新單季虧損,-5.0,22.64,189.4198,12.71,65097.0,5264.0,3254.85,5103.8,1.62,1.57,16.5,放量,-1193.58,0.0,-1193.58,-1.83,0.0,0,3,0,0,-643.71,0.0,摩根大通,2586.0,,178.49,0,摩根大通,0,凱基-台北,704.0,,-1.77,-11.13,1531,33,-1.85,-1.01,已取得,0.0,-1.01,0.0,0.0,0.0,0.0,0.0,11.97,-1.01,2026-08,-19.28,37.29,47.35,,,,營收 2026-08，月增 -19.28%，年增 37.29%，累計年增 47.35%,融資增加；放量；波動偏高；毛利率連3降；千張大戶增持；營收 2026-08，月增 -19.28%，年增 37.29%，累計年增 47.35%,-1.01
2026-10-02,2204,中華,TWSE,汽車工業,,20,51.7,8.42,6.96,0.75,-4.96,29.41,8.83,-6.17,0.0,0.253,-1.48,252,-4.61,-15.66,-41.48,-96.8,-19.84,3.4,-3.17,-7.78,-7.06,8.0,2026-09-24,70.63,-0.34,-0.78,73.73,21.78,0.05,-4.22,2026Q2,15.08,5.66,12.73,2,6.22,8.31,0.4,10.54,-20.1,2.01,55.8,0.36,0.0,0.0,0.0,0.0,,0,日均量 479 張偏低（門檻 500）,5.4,-31.5,52.8704,-2.21,9588.28,999.59,479.41,453.58,2.09,0.95,12.16,強放量,-2444.37,203.36,-2241.02,-25.49,2.12,0,4,0,1,-643.0,-2.93,富邦證券,213.0,,,0,富邦證券,0,新加坡商瑞銀,452.0,,0.31,-37.2,-64,0,0.67,-38.22,已取得,0.0,-38.22,0.0,0.0,0.0,0.0,0.0,-1.69,-38.22,2026-08,-21.64,-3.04,9.09,,,,營收 2026-08，月增 -21.64%，年增 -3.04%，累計年增 9.09%,投信買超；融資下降；強放量；年線之下；毛利率連2升；千張大戶減持；營收 2026-08，月增 -21.64%，年增 -3.04%，累計年增 9.09%,-38.22
2026-10-02,2368,金像電,TWSE,電子零組件業,PCB,20,1105.0,39.66,0.89,13.56,0.45,57.14,69.01,-7.14,16.32,95.245,1.27,252,1.38,150.28,-35.49,69.14,-30.06,184.43,9.58,20.94,-3.46,-1.5,2026-09-24,68.91,0.79,0.26,77.22,14.54,-0.77,5.28,2026Q2,34.65,26.43,19.7,-1,28.56,38.69,37.5,42.44,-6.6,9.3,167.2,5.73,16.0,14.5,3.5,-2.0,0,1,單季 EPS 年增 167%、毛利率連 1 季降、月營收年增 76%、PE 39.7（一年 38% 分位）、距 52 週高點 -30%,1.8,-14.93,1069.9965,3.27,178028.91,7170.52,8901.45,12036.67,0.81,1.35,3.3,放量,-18517.5,1111.16,-17406.33,-10.4,0.62,0,8,0,1,-624.68,-11.19,統一,1882.0,,,,,0,台灣摩根士丹利,5939.0,,-0.4,-38.76,4564,-20,-2.05,-19.97,已取得,0.0,-19.97,0.0,0.0,0.0,0.0,0.0,20.84,-19.97,2026-08,3.69,76.39,71.25,,,,營收 2026-08，月增 3.69%，年增 76.39%，累計年增 71.25%,投信買超；融資增加；放量；波動偏高；千張大戶增持；營收 2026-08，月增 3.69%，年增 76.39%，累計年增 71.25%,-19.97
