date,stock_id,name,market,observed_days,close,avg_price,volume_lot,foreign_net_lot,trust_net_lot,dealer_net_lot
2026-09-07,2324,仁寶,TWSE,,40.05,39.7827,125562.91,-51963.88,-50.97,-1602.55
2026-09-08,2324,仁寶,TWSE,,39.05,38.9558,70154.55,-28275.28,-32.96,-762.14
2026-09-09,2324,仁寶,TWSE,,38.9,39.0168,33657.75,982.37,-44.92,-747.08
2026-09-10,2324,仁寶,TWSE,,38.65,38.405,34753.1,-7696.19,-120.99,-711.72
2026-09-11,2324,仁寶,TWSE,,37.8,37.8596,34534.21,-11204.02,-57.95,-719.41
2026-09-14,2324,仁寶,TWSE,,37.9,37.8315,39727.05,-765.83,0.0,-532.62
2026-09-15,2324,仁寶,TWSE,,36.95,37.3155,46454.72,-19035.39,-266.0,-2089.57
2026-09-16,2324,仁寶,TWSE,,37.35,37.1346,22476.03,-2774.18,-28.0,-577.92
2026-09-17,2324,仁寶,TWSE,,37.4,37.6361,25735.49,-1455.88,4.0,393.04
2026-09-18,2324,仁寶,TWSE,,37.7,37.7521,52193.79,-5201.38,767.24,937.61
2026-09-21,2324,仁寶,TWSE,,37.6,37.954,27563.78,-9828.29,-38.57,-217.41
2026-09-22,2324,仁寶,TWSE,,37.05,37.292,38170.83,-19467.75,-73.86,11.35
2026-09-23,2324,仁寶,TWSE,,36.8,36.9113,23534.9,-9770.37,3.0,183.36
2026-09-24,2324,仁寶,TWSE,,36.5,36.533,18026.29,-6316.13,108.0,153.95
2026-09-29,2324,仁寶,TWSE,,36.05,36.4298,29621.82,-13959.22,11.0,217.4
2026-09-30,2324,仁寶,TWSE,,37.1,37.1997,46326.98,1966.89,0.0,722.6
2026-10-01,2324,仁寶,TWSE,,36.65,36.8103,25328.44,-15352.57,25.0,663.39
2026-10-02,2324,仁寶,TWSE,,36.2,36.2883,35135.27,-23964.88,9.34,435.43
2026-10-05,2324,仁寶,TWSE,,35.8,36.0608,43703.09,-25066.31,0.0,-69.15
2026-10-06,2324,仁寶,TWSE,,35.9,35.9465,20009.54,-3173.52,-10.0,352.81
2026-09-07,2376,技嘉,TWSE,,364.5,364.7074,5309.02,-370.38,464.62,-184.18
2026-09-08,2376,技嘉,TWSE,,357.0,356.0034,6385.64,-2745.57,651.47,-294.63
2026-09-09,2376,技嘉,TWSE,,349.5,353.0091,4694.22,-1955.32,-3.91,-55.78
2026-09-10,2376,技嘉,TWSE,,351.5,348.7613,5228.03,-1594.17,410.85,44.48
2026-09-11,2376,技嘉,TWSE,,349.0,347.8368,3432.01,-1567.81,548.39,-30.68
2026-09-14,2376,技嘉,TWSE,,344.0,345.0962,2974.25,-996.48,612.0,-113.02
2026-09-15,2376,技嘉,TWSE,,343.0,343.7914,2237.69,-692.21,162.0,-31.5
2026-09-16,2376,技嘉,TWSE,,350.0,345.8153,4050.55,-1171.98,1097.0,285.31
2026-09-17,2376,技嘉,TWSE,,355.0,354.3062,4850.85,-1025.11,1412.0,78.3
2026-09-18,2376,技嘉,TWSE,,356.0,360.1795,6645.77,346.77,232.24,165.33
2026-09-21,2376,技嘉,TWSE,,368.0,369.515,11634.82,570.48,37.44,-112.63
2026-09-22,2376,技嘉,TWSE,,366.5,367.255,6797.1,657.46,-6.45,-198.79
2026-09-23,2376,技嘉,TWSE,,365.0,366.5039,3929.45,441.51,-13.0,-86.74
2026-09-24,2376,技嘉,TWSE,,361.5,362.1392,3778.91,238.54,-210.0,-57.62
2026-09-29,2376,技嘉,TWSE,,362.0,362.9593,8243.4,1778.06,2.0,167.01
2026-09-30,2376,技嘉,TWSE,,358.5,363.0229,4868.64,-336.97,-209.0,-34.98
2026-10-01,2376,技嘉,TWSE,,368.5,362.1418,4284.24,724.78,60.0,181.08
2026-10-02,2376,技嘉,TWSE,,373.5,377.0755,9164.97,1334.91,332.28,-127.83
2026-10-05,2376,技嘉,TWSE,,388.5,387.4466,11355.88,3143.59,203.0,73.77
2026-10-06,2376,技嘉,TWSE,,380.0,384.1857,6692.27,-832.34,-98.0,-176.72
2026-09-07,2382,廣達,TWSE,,347.5,344.3332,13614.47,-627.21,1083.15,201.47
2026-09-08,2382,廣達,TWSE,,328.0,331.3564,35435.51,-13586.38,357.05,-182.88
2026-09-09,2382,廣達,TWSE,,342.0,340.7614,26249.57,13098.74,5.54,493.56
2026-09-10,2382,廣達,TWSE,,336.0,334.6437,13496.82,-1507.71,-1077.34,-1045.96
2026-09-11,2382,廣達,TWSE,,336.5,334.0678,11011.21,665.93,957.15,97.57
2026-09-14,2382,廣達,TWSE,,332.5,331.9753,8031.41,300.47,256.94,11.32
2026-09-15,2382,廣達,TWSE,,333.0,333.8681,7988.35,522.2,432.94,86.44
2026-09-16,2382,廣達,TWSE,,340.5,337.7347,16995.27,-157.64,3774.54,714.23
2026-09-17,2382,廣達,TWSE,,344.0,343.3195,16289.32,4789.56,3040.0,145.0
2026-09-18,2382,廣達,TWSE,,343.0,343.1286,21601.44,-6125.36,5115.73,350.16
2026-09-21,2382,廣達,TWSE,,344.5,342.1129,8285.05,-1255.12,1675.3,95.37
2026-09-22,2382,廣達,TWSE,,342.0,342.8475,11292.71,-2045.01,1593.25,140.73
2026-09-23,2382,廣達,TWSE,,341.5,341.3733,9982.47,-2763.74,673.0,97.65
2026-09-24,2382,廣達,TWSE,,338.5,337.4057,10593.25,-3653.59,762.0,148.97
2026-09-29,2382,廣達,TWSE,,336.5,338.4834,10639.7,894.13,-27.0,154.79
2026-09-30,2382,廣達,TWSE,,333.5,335.7117,12063.19,-3672.91,48.0,215.53
2026-10-01,2382,廣達,TWSE,,334.0,332.5303,14875.74,-3731.23,1445.0,293.64
2026-10-02,2382,廣達,TWSE,,332.0,331.4062,10305.78,-3708.1,359.88,263.38
2026-10-05,2382,廣達,TWSE,,331.0,332.0653,14036.24,-2930.16,130.03,49.56
2026-10-06,2382,廣達,TWSE,,333.5,333.4351,9900.38,2161.09,306.3,135.18
2026-09-07,6196,帆宣,TWSE,,514.0,512.4379,1299.38,68.85,-2.0,10.82
2026-09-08,6196,帆宣,TWSE,,503.0,507.5006,1322.24,-399.78,3.0,-15.62
2026-09-09,6196,帆宣,TWSE,,534.0,528.6531,3685.32,885.01,2.0,14.64
2026-09-10,6196,帆宣,TWSE,,535.0,530.1407,1449.26,-68.95,1.0,1.65
2026-09-11,6196,帆宣,TWSE,,511.0,514.6035,2106.57,70.73,26.0,-16.15
2026-09-14,6196,帆宣,TWSE,,520.0,518.8366,1602.7,688.63,7.0,37.23
2026-09-15,6196,帆宣,TWSE,,518.0,523.5607,1109.43,228.49,1.0,13.58
2026-09-16,6196,帆宣,TWSE,,521.0,521.4191,795.15,-79.19,0.55,0.38
2026-09-17,6196,帆宣,TWSE,,516.0,522.1208,973.43,-67.92,1.0,-0.86
2026-09-18,6196,帆宣,TWSE,,540.0,533.6823,2100.12,172.72,-1.0,106.42
2026-09-21,6196,帆宣,TWSE,,535.0,537.4311,1270.48,-139.29,0.0,-81.87
2026-09-22,6196,帆宣,TWSE,,535.0,541.111,1220.76,306.7,-61.0,13.51
2026-09-23,6196,帆宣,TWSE,,549.0,546.7709,1773.92,281.63,0.0,72.18
2026-09-24,6196,帆宣,TWSE,,565.0,555.6075,1521.34,188.54,0.0,-32.33
2026-09-29,6196,帆宣,TWSE,,544.0,545.5936,1880.52,-337.54,0.0,-7.72
2026-09-30,6196,帆宣,TWSE,,585.0,579.8053,3126.32,1107.2,0.0,20.6
2026-10-01,6196,帆宣,TWSE,,602.0,596.8293,1948.83,530.22,0.0,1.48
2026-10-02,6196,帆宣,TWSE,,618.0,610.467,1802.45,435.84,0.0,-25.76
2026-10-05,6196,帆宣,TWSE,,679.0,662.6607,3101.02,178.54,-34.0,89.19
2026-10-06,6196,帆宣,TWSE,,663.0,665.43,3306.71,425.08,0.0,-76.86
